<?xml version="1.0" encoding="UTF-8"?>
<gpx xmlns:xsi="http://www.w3.org/2001/XMLSchema-instance" xmlns="http://www.topografix.com/GPX/1/1" xmlns:gpxdata="http://www.cluetrust.com/XML/GPXDATA/1/0" xsi:schemaLocation="http://www.topografix.com/GPX/1/1 http://www.topografix.com/GPX/1/1/gpx.xsd http://www.cluetrust.com/XML/GPXDATA/1/0 http://www.cluetrust.com/Schemas/gpxdata10.xsd" version="1.1" creator="http://ridewithgps.com/">
  <metadata>
    <name>GFP 2025</name>
    <link href="https://ridewithgps.com/trips/269779208">
      <text>GFP 2025</text>
    </link>
    <time>2025-04-12T10:58:56Z</time>
  </metadata>
  <trk>
    <name>GFP 2025</name>
    <trkseg>
      <trkpt lat="-32.720754" lon="-71.401984">
        <ele>51.7</ele>
        <time>2025-04-12T14:58:56Z</time>
      </trkpt>
      <trkpt lat="-32.720773" lon="-71.401957">
        <ele>51.7</ele>
        <time>2025-04-12T14:58:58Z</time>
      </trkpt>
      <trkpt lat="-32.720772" lon="-71.401962">
        <ele>51.7</ele>
        <time>2025-04-12T14:59:00Z</time>
      </trkpt>
      <trkpt lat="-32.720771" lon="-71.401959">
        <ele>51.8</ele>
        <time>2025-04-12T14:59:02Z</time>
      </trkpt>
      <trkpt lat="-32.720772" lon="-71.401958">
        <ele>51.8</ele>
        <time>2025-04-12T14:59:04Z</time>
      </trkpt>
      <trkpt lat="-32.720771" lon="-71.40196">
        <ele>51.8</ele>
        <time>2025-04-12T14:59:06Z</time>
      </trkpt>
      <trkpt lat="-32.720775" lon="-71.401959">
        <ele>51.8</ele>
        <time>2025-04-12T14:59:08Z</time>
      </trkpt>
      <trkpt lat="-32.72077" lon="-71.401962">
        <ele>51.7</ele>
        <time>2025-04-12T14:59:10Z</time>
      </trkpt>
      <trkpt lat="-32.720772" lon="-71.401962">
        <ele>51.5</ele>
        <time>2025-04-12T14:59:12Z</time>
      </trkpt>
      <trkpt lat="-32.720773" lon="-71.401964">
        <ele>51.5</ele>
        <time>2025-04-12T14:59:14Z</time>
      </trkpt>
      <trkpt lat="-32.720772" lon="-71.401966">
        <ele>51.6</ele>
        <time>2025-04-12T14:59:18Z</time>
      </trkpt>
      <trkpt lat="-32.720772" lon="-71.401966">
        <ele>51.5</ele>
        <time>2025-04-12T14:59:20Z</time>
      </trkpt>
      <trkpt lat="-32.720773" lon="-71.401965">
        <ele>51.5</ele>
        <time>2025-04-12T14:59:22Z</time>
      </trkpt>
      <trkpt lat="-32.720793" lon="-71.401963">
        <ele>51.6</ele>
        <time>2025-04-12T14:59:24Z</time>
      </trkpt>
      <trkpt lat="-32.720829" lon="-71.401954">
        <ele>51.5</ele>
        <time>2025-04-12T14:59:26Z</time>
      </trkpt>
      <trkpt lat="-32.72085" lon="-71.401949">
        <ele>51.5</ele>
        <time>2025-04-12T14:59:28Z</time>
      </trkpt>
      <trkpt lat="-32.720882" lon="-71.401945">
        <ele>51.5</ele>
        <time>2025-04-12T14:59:30Z</time>
      </trkpt>
      <trkpt lat="-32.720905" lon="-71.40194">
        <ele>51.4</ele>
        <time>2025-04-12T14:59:32Z</time>
      </trkpt>
      <trkpt lat="-32.720929" lon="-71.401936">
        <ele>51.3</ele>
        <time>2025-04-12T14:59:34Z</time>
      </trkpt>
      <trkpt lat="-32.72095" lon="-71.401926">
        <ele>51.3</ele>
        <time>2025-04-12T14:59:36Z</time>
      </trkpt>
      <trkpt lat="-32.720941" lon="-71.401932">
        <ele>51.1</ele>
        <time>2025-04-12T14:59:51Z</time>
      </trkpt>
      <trkpt lat="-32.720944" lon="-71.401934">
        <ele>51.2</ele>
        <time>2025-04-12T14:59:55Z</time>
      </trkpt>
      <trkpt lat="-32.720942" lon="-71.401934">
        <ele>51.2</ele>
        <time>2025-04-12T14:59:57Z</time>
      </trkpt>
      <trkpt lat="-32.720942" lon="-71.401934">
        <ele>51.1</ele>
        <time>2025-04-12T14:59:59Z</time>
      </trkpt>
      <trkpt lat="-32.720942" lon="-71.401933">
        <ele>51.1</ele>
        <time>2025-04-12T15:00:01Z</time>
      </trkpt>
      <trkpt lat="-32.720945" lon="-71.401932">
        <ele>51.1</ele>
        <time>2025-04-12T15:00:03Z</time>
      </trkpt>
      <trkpt lat="-32.720952" lon="-71.401937">
        <ele>51.0</ele>
        <time>2025-04-12T15:00:07Z</time>
      </trkpt>
      <trkpt lat="-32.720947" lon="-71.40194">
        <ele>51.0</ele>
        <time>2025-04-12T15:00:09Z</time>
      </trkpt>
      <trkpt lat="-32.720947" lon="-71.40194">
        <ele>51.0</ele>
        <time>2025-04-12T15:00:11Z</time>
      </trkpt>
      <trkpt lat="-32.720946" lon="-71.401943">
        <ele>51.1</ele>
        <time>2025-04-12T15:00:13Z</time>
      </trkpt>
      <trkpt lat="-32.720949" lon="-71.401942">
        <ele>51.2</ele>
        <time>2025-04-12T15:00:15Z</time>
      </trkpt>
      <trkpt lat="-32.720956" lon="-71.40194">
        <ele>51.2</ele>
        <time>2025-04-12T15:00:17Z</time>
      </trkpt>
      <trkpt lat="-32.72099" lon="-71.401933">
        <ele>51.0</ele>
        <time>2025-04-12T15:00:19Z</time>
      </trkpt>
      <trkpt lat="-32.721071" lon="-71.401909">
        <ele>50.9</ele>
        <time>2025-04-12T15:00:21Z</time>
      </trkpt>
      <trkpt lat="-32.721194" lon="-71.401879">
        <ele>50.6</ele>
        <time>2025-04-12T15:00:23Z</time>
      </trkpt>
      <trkpt lat="-32.721341" lon="-71.401847">
        <ele>50.3</ele>
        <time>2025-04-12T15:00:25Z</time>
      </trkpt>
      <trkpt lat="-32.721512" lon="-71.401809">
        <ele>49.8</ele>
        <time>2025-04-12T15:00:28Z</time>
      </trkpt>
      <trkpt lat="-32.721679" lon="-71.401771">
        <ele>48.9</ele>
        <time>2025-04-12T15:00:30Z</time>
      </trkpt>
      <trkpt lat="-32.721843" lon="-71.401744">
        <ele>48.0</ele>
        <time>2025-04-12T15:00:32Z</time>
      </trkpt>
      <trkpt lat="-32.722022" lon="-71.401775">
        <ele>46.4</ele>
        <time>2025-04-12T15:00:34Z</time>
      </trkpt>
      <trkpt lat="-32.722207" lon="-71.401813">
        <ele>45.0</ele>
        <time>2025-04-12T15:00:36Z</time>
      </trkpt>
      <trkpt lat="-32.722409" lon="-71.401819">
        <ele>41.8</ele>
        <time>2025-04-12T15:00:38Z</time>
      </trkpt>
      <trkpt lat="-32.722679" lon="-71.401876">
        <ele>39.0</ele>
        <time>2025-04-12T15:00:40Z</time>
      </trkpt>
      <trkpt lat="-32.722911" lon="-71.402024">
        <ele>36.6</ele>
        <time>2025-04-12T15:00:42Z</time>
      </trkpt>
      <trkpt lat="-32.723121" lon="-71.402177">
        <ele>35.3</ele>
        <time>2025-04-12T15:00:44Z</time>
      </trkpt>
      <trkpt lat="-32.72332" lon="-71.402318">
        <ele>34.6</ele>
        <time>2025-04-12T15:00:46Z</time>
      </trkpt>
      <trkpt lat="-32.723562" lon="-71.402473">
        <ele>34.6</ele>
        <time>2025-04-12T15:00:48Z</time>
      </trkpt>
      <trkpt lat="-32.723791" lon="-71.402647">
        <ele>35.0</ele>
        <time>2025-04-12T15:00:50Z</time>
      </trkpt>
      <trkpt lat="-32.724038" lon="-71.402808">
        <ele>35.2</ele>
        <time>2025-04-12T15:00:52Z</time>
      </trkpt>
      <trkpt lat="-32.724284" lon="-71.402942">
        <ele>35.1</ele>
        <time>2025-04-12T15:00:54Z</time>
      </trkpt>
      <trkpt lat="-32.724493" lon="-71.403101">
        <ele>34.9</ele>
        <time>2025-04-12T15:00:56Z</time>
      </trkpt>
      <trkpt lat="-32.724698" lon="-71.403259">
        <ele>34.6</ele>
        <time>2025-04-12T15:00:58Z</time>
      </trkpt>
      <trkpt lat="-32.724859" lon="-71.403447">
        <ele>34.1</ele>
        <time>2025-04-12T15:01:00Z</time>
      </trkpt>
      <trkpt lat="-32.724965" lon="-71.403659">
        <ele>33.4</ele>
        <time>2025-04-12T15:01:02Z</time>
      </trkpt>
      <trkpt lat="-32.72497" lon="-71.403884">
        <ele>32.7</ele>
        <time>2025-04-12T15:01:04Z</time>
      </trkpt>
      <trkpt lat="-32.725009" lon="-71.404093">
        <ele>32.3</ele>
        <time>2025-04-12T15:01:06Z</time>
      </trkpt>
      <trkpt lat="-32.725132" lon="-71.404255">
        <ele>31.6</ele>
        <time>2025-04-12T15:01:08Z</time>
      </trkpt>
      <trkpt lat="-32.725301" lon="-71.404341">
        <ele>31.3</ele>
        <time>2025-04-12T15:01:10Z</time>
      </trkpt>
      <trkpt lat="-32.725464" lon="-71.404477">
        <ele>31.4</ele>
        <time>2025-04-12T15:01:12Z</time>
      </trkpt>
      <trkpt lat="-32.725601" lon="-71.404653">
        <ele>31.6</ele>
        <time>2025-04-12T15:01:14Z</time>
      </trkpt>
      <trkpt lat="-32.72573" lon="-71.40485">
        <ele>31.4</ele>
        <time>2025-04-12T15:01:16Z</time>
      </trkpt>
      <trkpt lat="-32.725794" lon="-71.405078">
        <ele>30.7</ele>
        <time>2025-04-12T15:01:18Z</time>
      </trkpt>
      <trkpt lat="-32.725741" lon="-71.405258">
        <ele>30.2</ele>
        <time>2025-04-12T15:01:20Z</time>
      </trkpt>
      <trkpt lat="-32.725658" lon="-71.405436">
        <ele>29.9</ele>
        <time>2025-04-12T15:01:22Z</time>
      </trkpt>
      <trkpt lat="-32.725655" lon="-71.405636">
        <ele>29.8</ele>
        <time>2025-04-12T15:01:24Z</time>
      </trkpt>
      <trkpt lat="-32.725724" lon="-71.405794">
        <ele>29.7</ele>
        <time>2025-04-12T15:01:26Z</time>
      </trkpt>
      <trkpt lat="-32.725812" lon="-71.405946">
        <ele>29.2</ele>
        <time>2025-04-12T15:01:28Z</time>
      </trkpt>
      <trkpt lat="-32.725921" lon="-71.406053">
        <ele>29.0</ele>
        <time>2025-04-12T15:01:30Z</time>
      </trkpt>
      <trkpt lat="-32.726042" lon="-71.40619">
        <ele>28.4</ele>
        <time>2025-04-12T15:01:32Z</time>
      </trkpt>
      <trkpt lat="-32.726162" lon="-71.406314">
        <ele>27.3</ele>
        <time>2025-04-12T15:01:34Z</time>
      </trkpt>
      <trkpt lat="-32.726314" lon="-71.406439">
        <ele>26.3</ele>
        <time>2025-04-12T15:01:36Z</time>
      </trkpt>
      <trkpt lat="-32.726508" lon="-71.406528">
        <ele>26.2</ele>
        <time>2025-04-12T15:01:38Z</time>
      </trkpt>
      <trkpt lat="-32.726703" lon="-71.406594">
        <ele>27.5</ele>
        <time>2025-04-12T15:01:40Z</time>
      </trkpt>
      <trkpt lat="-32.726897" lon="-71.406676">
        <ele>29.0</ele>
        <time>2025-04-12T15:01:42Z</time>
      </trkpt>
      <trkpt lat="-32.727042" lon="-71.406727">
        <ele>29.8</ele>
        <time>2025-04-12T15:01:43Z</time>
      </trkpt>
      <trkpt lat="-32.727162" lon="-71.40677">
        <ele>29.9</ele>
        <time>2025-04-12T15:01:45Z</time>
      </trkpt>
      <trkpt lat="-32.727262" lon="-71.406803">
        <ele>30.4</ele>
        <time>2025-04-12T15:01:47Z</time>
      </trkpt>
      <trkpt lat="-32.727414" lon="-71.406888">
        <ele>31.5</ele>
        <time>2025-04-12T15:01:49Z</time>
      </trkpt>
      <trkpt lat="-32.727594" lon="-71.406957">
        <ele>33.2</ele>
        <time>2025-04-12T15:01:51Z</time>
      </trkpt>
      <trkpt lat="-32.727739" lon="-71.407021">
        <ele>34.2</ele>
        <time>2025-04-12T15:01:53Z</time>
      </trkpt>
      <trkpt lat="-32.727843" lon="-71.407068">
        <ele>34.9</ele>
        <time>2025-04-12T15:01:55Z</time>
      </trkpt>
      <trkpt lat="-32.727931" lon="-71.4071">
        <ele>35.1</ele>
        <time>2025-04-12T15:01:57Z</time>
      </trkpt>
      <trkpt lat="-32.728077" lon="-71.407168">
        <ele>35.5</ele>
        <time>2025-04-12T15:01:59Z</time>
      </trkpt>
      <trkpt lat="-32.728228" lon="-71.407233">
        <ele>36.0</ele>
        <time>2025-04-12T15:02:01Z</time>
      </trkpt>
      <trkpt lat="-32.728346" lon="-71.407278">
        <ele>36.3</ele>
        <time>2025-04-12T15:02:03Z</time>
      </trkpt>
      <trkpt lat="-32.728412" lon="-71.407312">
        <ele>36.1</ele>
        <time>2025-04-12T15:02:05Z</time>
      </trkpt>
      <trkpt lat="-32.728431" lon="-71.407333">
        <ele>35.8</ele>
        <time>2025-04-12T15:02:07Z</time>
      </trkpt>
      <trkpt lat="-32.728464" lon="-71.407396">
        <ele>35.5</ele>
        <time>2025-04-12T15:02:09Z</time>
      </trkpt>
      <trkpt lat="-32.728419" lon="-71.407533">
        <ele>35.4</ele>
        <time>2025-04-12T15:02:11Z</time>
      </trkpt>
      <trkpt lat="-32.728369" lon="-71.407718">
        <ele>35.7</ele>
        <time>2025-04-12T15:02:13Z</time>
      </trkpt>
      <trkpt lat="-32.72829" lon="-71.407946">
        <ele>36.2</ele>
        <time>2025-04-12T15:02:15Z</time>
      </trkpt>
      <trkpt lat="-32.728216" lon="-71.408142">
        <ele>36.1</ele>
        <time>2025-04-12T15:02:17Z</time>
      </trkpt>
      <trkpt lat="-32.728149" lon="-71.408285">
        <ele>35.7</ele>
        <time>2025-04-12T15:02:19Z</time>
      </trkpt>
      <trkpt lat="-32.728092" lon="-71.408402">
        <ele>35.2</ele>
        <time>2025-04-12T15:02:21Z</time>
      </trkpt>
      <trkpt lat="-32.728059" lon="-71.408475">
        <ele>35.0</ele>
        <time>2025-04-12T15:02:23Z</time>
      </trkpt>
      <trkpt lat="-32.728037" lon="-71.408527">
        <ele>34.7</ele>
        <time>2025-04-12T15:02:25Z</time>
      </trkpt>
      <trkpt lat="-32.727992" lon="-71.408625">
        <ele>34.5</ele>
        <time>2025-04-12T15:02:27Z</time>
      </trkpt>
      <trkpt lat="-32.72791" lon="-71.408785">
        <ele>34.5</ele>
        <time>2025-04-12T15:02:29Z</time>
      </trkpt>
      <trkpt lat="-32.727822" lon="-71.408974">
        <ele>34.7</ele>
        <time>2025-04-12T15:02:32Z</time>
      </trkpt>
      <trkpt lat="-32.727711" lon="-71.409206">
        <ele>34.7</ele>
        <time>2025-04-12T15:02:34Z</time>
      </trkpt>
      <trkpt lat="-32.727614" lon="-71.409421">
        <ele>34.2</ele>
        <time>2025-04-12T15:02:36Z</time>
      </trkpt>
      <trkpt lat="-32.727531" lon="-71.409604">
        <ele>33.3</ele>
        <time>2025-04-12T15:02:38Z</time>
      </trkpt>
      <trkpt lat="-32.727485" lon="-71.409706">
        <ele>32.1</ele>
        <time>2025-04-12T15:02:40Z</time>
      </trkpt>
      <trkpt lat="-32.727437" lon="-71.40981">
        <ele>31.0</ele>
        <time>2025-04-12T15:02:42Z</time>
      </trkpt>
      <trkpt lat="-32.727367" lon="-71.409957">
        <ele>30.5</ele>
        <time>2025-04-12T15:02:44Z</time>
      </trkpt>
      <trkpt lat="-32.727291" lon="-71.410114">
        <ele>30.2</ele>
        <time>2025-04-12T15:02:46Z</time>
      </trkpt>
      <trkpt lat="-32.72721" lon="-71.410284">
        <ele>29.7</ele>
        <time>2025-04-12T15:02:48Z</time>
      </trkpt>
      <trkpt lat="-32.727139" lon="-71.410445">
        <ele>28.9</ele>
        <time>2025-04-12T15:02:50Z</time>
      </trkpt>
      <trkpt lat="-32.727073" lon="-71.410591">
        <ele>27.9</ele>
        <time>2025-04-12T15:02:52Z</time>
      </trkpt>
      <trkpt lat="-32.727025" lon="-71.41069">
        <ele>26.9</ele>
        <time>2025-04-12T15:02:54Z</time>
      </trkpt>
      <trkpt lat="-32.726968" lon="-71.41082">
        <ele>26.1</ele>
        <time>2025-04-12T15:02:56Z</time>
      </trkpt>
      <trkpt lat="-32.72689" lon="-71.410982">
        <ele>25.7</ele>
        <time>2025-04-12T15:02:58Z</time>
      </trkpt>
      <trkpt lat="-32.726796" lon="-71.411182">
        <ele>25.7</ele>
        <time>2025-04-12T15:03:00Z</time>
      </trkpt>
      <trkpt lat="-32.726704" lon="-71.411364">
        <ele>25.8</ele>
        <time>2025-04-12T15:03:02Z</time>
      </trkpt>
      <trkpt lat="-32.726628" lon="-71.411522">
        <ele>25.6</ele>
        <time>2025-04-12T15:03:04Z</time>
      </trkpt>
      <trkpt lat="-32.726555" lon="-71.411724">
        <ele>25.0</ele>
        <time>2025-04-12T15:03:06Z</time>
      </trkpt>
      <trkpt lat="-32.726489" lon="-71.411941">
        <ele>24.2</ele>
        <time>2025-04-12T15:03:08Z</time>
      </trkpt>
      <trkpt lat="-32.72643" lon="-71.41215">
        <ele>23.6</ele>
        <time>2025-04-12T15:03:10Z</time>
      </trkpt>
      <trkpt lat="-32.726375" lon="-71.412325">
        <ele>22.7</ele>
        <time>2025-04-12T15:03:12Z</time>
      </trkpt>
      <trkpt lat="-32.72633" lon="-71.412473">
        <ele>21.8</ele>
        <time>2025-04-12T15:03:14Z</time>
      </trkpt>
      <trkpt lat="-32.726304" lon="-71.412584">
        <ele>21.1</ele>
        <time>2025-04-12T15:03:16Z</time>
      </trkpt>
      <trkpt lat="-32.726275" lon="-71.412691">
        <ele>20.7</ele>
        <time>2025-04-12T15:03:18Z</time>
      </trkpt>
      <trkpt lat="-32.726232" lon="-71.412849">
        <ele>20.9</ele>
        <time>2025-04-12T15:03:20Z</time>
      </trkpt>
      <trkpt lat="-32.726158" lon="-71.413016">
        <ele>21.5</ele>
        <time>2025-04-12T15:03:22Z</time>
      </trkpt>
      <trkpt lat="-32.726075" lon="-71.413198">
        <ele>22.3</ele>
        <time>2025-04-12T15:03:24Z</time>
      </trkpt>
      <trkpt lat="-32.725974" lon="-71.413399">
        <ele>22.8</ele>
        <time>2025-04-12T15:03:26Z</time>
      </trkpt>
      <trkpt lat="-32.725885" lon="-71.41356">
        <ele>22.8</ele>
        <time>2025-04-12T15:03:28Z</time>
      </trkpt>
      <trkpt lat="-32.72581" lon="-71.413706">
        <ele>22.6</ele>
        <time>2025-04-12T15:03:30Z</time>
      </trkpt>
      <trkpt lat="-32.725735" lon="-71.413828">
        <ele>22.4</ele>
        <time>2025-04-12T15:03:32Z</time>
      </trkpt>
      <trkpt lat="-32.725686" lon="-71.413933">
        <ele>22.1</ele>
        <time>2025-04-12T15:03:34Z</time>
      </trkpt>
      <trkpt lat="-32.725664" lon="-71.413979">
        <ele>21.8</ele>
        <time>2025-04-12T15:03:36Z</time>
      </trkpt>
      <trkpt lat="-32.725657" lon="-71.414009">
        <ele>21.4</ele>
        <time>2025-04-12T15:03:38Z</time>
      </trkpt>
      <trkpt lat="-32.72569" lon="-71.414085">
        <ele>21.2</ele>
        <time>2025-04-12T15:03:40Z</time>
      </trkpt>
      <trkpt lat="-32.725774" lon="-71.414127">
        <ele>21.1</ele>
        <time>2025-04-12T15:03:42Z</time>
      </trkpt>
      <trkpt lat="-32.725871" lon="-71.414187">
        <ele>21.1</ele>
        <time>2025-04-12T15:03:44Z</time>
      </trkpt>
      <trkpt lat="-32.725954" lon="-71.414254">
        <ele>21.0</ele>
        <time>2025-04-12T15:03:46Z</time>
      </trkpt>
      <trkpt lat="-32.726035" lon="-71.414312">
        <ele>20.9</ele>
        <time>2025-04-12T15:03:48Z</time>
      </trkpt>
      <trkpt lat="-32.726091" lon="-71.414373">
        <ele>20.7</ele>
        <time>2025-04-12T15:03:50Z</time>
      </trkpt>
      <trkpt lat="-32.726131" lon="-71.414467">
        <ele>20.6</ele>
        <time>2025-04-12T15:03:52Z</time>
      </trkpt>
      <trkpt lat="-32.726094" lon="-71.414584">
        <ele>20.5</ele>
        <time>2025-04-12T15:03:54Z</time>
      </trkpt>
      <trkpt lat="-32.726041" lon="-71.414661">
        <ele>20.5</ele>
        <time>2025-04-12T15:03:56Z</time>
      </trkpt>
      <trkpt lat="-32.725996" lon="-71.414746">
        <ele>20.5</ele>
        <time>2025-04-12T15:03:58Z</time>
      </trkpt>
      <trkpt lat="-32.725956" lon="-71.414833">
        <ele>20.4</ele>
        <time>2025-04-12T15:04:00Z</time>
      </trkpt>
      <trkpt lat="-32.725914" lon="-71.414931">
        <ele>20.3</ele>
        <time>2025-04-12T15:04:02Z</time>
      </trkpt>
      <trkpt lat="-32.725893" lon="-71.414979">
        <ele>20.2</ele>
        <time>2025-04-12T15:04:04Z</time>
      </trkpt>
      <trkpt lat="-32.725871" lon="-71.415022">
        <ele>20.1</ele>
        <time>2025-04-12T15:04:06Z</time>
      </trkpt>
      <trkpt lat="-32.725852" lon="-71.415063">
        <ele>20.1</ele>
        <time>2025-04-12T15:04:08Z</time>
      </trkpt>
      <trkpt lat="-32.725834" lon="-71.415099">
        <ele>20.0</ele>
        <time>2025-04-12T15:04:10Z</time>
      </trkpt>
      <trkpt lat="-32.725801" lon="-71.415178">
        <ele>20.0</ele>
        <time>2025-04-12T15:04:12Z</time>
      </trkpt>
      <trkpt lat="-32.725755" lon="-71.415261">
        <ele>20.0</ele>
        <time>2025-04-12T15:04:14Z</time>
      </trkpt>
      <trkpt lat="-32.725702" lon="-71.415343">
        <ele>19.9</ele>
        <time>2025-04-12T15:04:16Z</time>
      </trkpt>
      <trkpt lat="-32.725676" lon="-71.415401">
        <ele>19.7</ele>
        <time>2025-04-12T15:04:18Z</time>
      </trkpt>
      <trkpt lat="-32.725661" lon="-71.415438">
        <ele>19.3</ele>
        <time>2025-04-12T15:04:20Z</time>
      </trkpt>
      <trkpt lat="-32.72566" lon="-71.415452">
        <ele>19.2</ele>
        <time>2025-04-12T15:04:22Z</time>
      </trkpt>
      <trkpt lat="-32.725655" lon="-71.415459">
        <ele>19.1</ele>
        <time>2025-04-12T15:04:24Z</time>
      </trkpt>
      <trkpt lat="-32.72565" lon="-71.415469">
        <ele>19.1</ele>
        <time>2025-04-12T15:04:26Z</time>
      </trkpt>
      <trkpt lat="-32.725648" lon="-71.415464">
        <ele>19.1</ele>
        <time>2025-04-12T15:04:28Z</time>
      </trkpt>
      <trkpt lat="-32.725635" lon="-71.415481">
        <ele>19.2</ele>
        <time>2025-04-12T15:04:30Z</time>
      </trkpt>
      <trkpt lat="-32.725618" lon="-71.415518">
        <ele>19.1</ele>
        <time>2025-04-12T15:04:32Z</time>
      </trkpt>
      <trkpt lat="-32.725605" lon="-71.415547">
        <ele>19.0</ele>
        <time>2025-04-12T15:04:34Z</time>
      </trkpt>
      <trkpt lat="-32.725609" lon="-71.415552">
        <ele>18.9</ele>
        <time>2025-04-12T15:04:35Z</time>
      </trkpt>
      <trkpt lat="-32.725608" lon="-71.415558">
        <ele>18.9</ele>
        <time>2025-04-12T15:04:38Z</time>
      </trkpt>
      <trkpt lat="-32.725612" lon="-71.415569">
        <ele>18.9</ele>
        <time>2025-04-12T15:04:40Z</time>
      </trkpt>
      <trkpt lat="-32.725613" lon="-71.415574">
        <ele>18.8</ele>
        <time>2025-04-12T15:04:42Z</time>
      </trkpt>
      <trkpt lat="-32.725611" lon="-71.415606">
        <ele>18.8</ele>
        <time>2025-04-12T15:04:44Z</time>
      </trkpt>
      <trkpt lat="-32.72564" lon="-71.41567">
        <ele>18.9</ele>
        <time>2025-04-12T15:04:46Z</time>
      </trkpt>
      <trkpt lat="-32.725728" lon="-71.415717">
        <ele>19.0</ele>
        <time>2025-04-12T15:04:48Z</time>
      </trkpt>
      <trkpt lat="-32.72583" lon="-71.415698">
        <ele>19.0</ele>
        <time>2025-04-12T15:04:50Z</time>
      </trkpt>
      <trkpt lat="-32.725906" lon="-71.415582">
        <ele>19.0</ele>
        <time>2025-04-12T15:04:52Z</time>
      </trkpt>
      <trkpt lat="-32.725972" lon="-71.415441">
        <ele>19.2</ele>
        <time>2025-04-12T15:04:54Z</time>
      </trkpt>
      <trkpt lat="-32.726026" lon="-71.415331">
        <ele>19.4</ele>
        <time>2025-04-12T15:04:56Z</time>
      </trkpt>
      <trkpt lat="-32.726083" lon="-71.415227">
        <ele>19.6</ele>
        <time>2025-04-12T15:04:58Z</time>
      </trkpt>
      <trkpt lat="-32.726128" lon="-71.415131">
        <ele>19.7</ele>
        <time>2025-04-12T15:05:00Z</time>
      </trkpt>
      <trkpt lat="-32.726182" lon="-71.415072">
        <ele>19.9</ele>
        <time>2025-04-12T15:05:02Z</time>
      </trkpt>
      <trkpt lat="-32.726268" lon="-71.415102">
        <ele>20.0</ele>
        <time>2025-04-12T15:05:04Z</time>
      </trkpt>
      <trkpt lat="-32.72637" lon="-71.41519">
        <ele>20.1</ele>
        <time>2025-04-12T15:05:06Z</time>
      </trkpt>
      <trkpt lat="-32.726504" lon="-71.415276">
        <ele>20.3</ele>
        <time>2025-04-12T15:05:08Z</time>
      </trkpt>
      <trkpt lat="-32.726678" lon="-71.415372">
        <ele>20.4</ele>
        <time>2025-04-12T15:05:10Z</time>
      </trkpt>
      <trkpt lat="-32.72687" lon="-71.415471">
        <ele>20.3</ele>
        <time>2025-04-12T15:05:12Z</time>
      </trkpt>
      <trkpt lat="-32.727027" lon="-71.415544">
        <ele>19.8</ele>
        <time>2025-04-12T15:05:14Z</time>
      </trkpt>
      <trkpt lat="-32.727165" lon="-71.415609">
        <ele>19.5</ele>
        <time>2025-04-12T15:05:16Z</time>
      </trkpt>
      <trkpt lat="-32.72726" lon="-71.415659">
        <ele>19.1</ele>
        <time>2025-04-12T15:05:18Z</time>
      </trkpt>
      <trkpt lat="-32.727344" lon="-71.415698">
        <ele>18.8</ele>
        <time>2025-04-12T15:05:20Z</time>
      </trkpt>
      <trkpt lat="-32.727444" lon="-71.415742">
        <ele>18.6</ele>
        <time>2025-04-12T15:05:22Z</time>
      </trkpt>
      <trkpt lat="-32.727548" lon="-71.415793">
        <ele>18.6</ele>
        <time>2025-04-12T15:05:24Z</time>
      </trkpt>
      <trkpt lat="-32.727644" lon="-71.415848">
        <ele>18.5</ele>
        <time>2025-04-12T15:05:26Z</time>
      </trkpt>
      <trkpt lat="-32.727788" lon="-71.415921">
        <ele>18.7</ele>
        <time>2025-04-12T15:05:28Z</time>
      </trkpt>
      <trkpt lat="-32.727938" lon="-71.416008">
        <ele>18.7</ele>
        <time>2025-04-12T15:05:30Z</time>
      </trkpt>
      <trkpt lat="-32.728058" lon="-71.416069">
        <ele>18.4</ele>
        <time>2025-04-12T15:05:32Z</time>
      </trkpt>
      <trkpt lat="-32.7282" lon="-71.416141">
        <ele>18.2</ele>
        <time>2025-04-12T15:05:34Z</time>
      </trkpt>
      <trkpt lat="-32.728335" lon="-71.41621">
        <ele>18.3</ele>
        <time>2025-04-12T15:05:36Z</time>
      </trkpt>
      <trkpt lat="-32.728434" lon="-71.416271">
        <ele>18.2</ele>
        <time>2025-04-12T15:05:38Z</time>
      </trkpt>
      <trkpt lat="-32.728514" lon="-71.416316">
        <ele>17.8</ele>
        <time>2025-04-12T15:05:40Z</time>
      </trkpt>
      <trkpt lat="-32.7286" lon="-71.416361">
        <ele>17.5</ele>
        <time>2025-04-12T15:05:42Z</time>
      </trkpt>
      <trkpt lat="-32.728672" lon="-71.416393">
        <ele>17.3</ele>
        <time>2025-04-12T15:05:44Z</time>
      </trkpt>
      <trkpt lat="-32.728754" lon="-71.416471">
        <ele>17.3</ele>
        <time>2025-04-12T15:05:46Z</time>
      </trkpt>
      <trkpt lat="-32.728918" lon="-71.416548">
        <ele>17.5</ele>
        <time>2025-04-12T15:05:48Z</time>
      </trkpt>
      <trkpt lat="-32.729094" lon="-71.416646">
        <ele>17.7</ele>
        <time>2025-04-12T15:05:50Z</time>
      </trkpt>
      <trkpt lat="-32.729253" lon="-71.416728">
        <ele>17.8</ele>
        <time>2025-04-12T15:05:52Z</time>
      </trkpt>
      <trkpt lat="-32.729414" lon="-71.416805">
        <ele>17.5</ele>
        <time>2025-04-12T15:05:54Z</time>
      </trkpt>
      <trkpt lat="-32.72956" lon="-71.416899">
        <ele>17.3</ele>
        <time>2025-04-12T15:05:56Z</time>
      </trkpt>
      <trkpt lat="-32.729701" lon="-71.416973">
        <ele>17.3</ele>
        <time>2025-04-12T15:05:58Z</time>
      </trkpt>
      <trkpt lat="-32.729828" lon="-71.417052">
        <ele>17.3</ele>
        <time>2025-04-12T15:06:00Z</time>
      </trkpt>
      <trkpt lat="-32.729952" lon="-71.417129">
        <ele>17.4</ele>
        <time>2025-04-12T15:06:02Z</time>
      </trkpt>
      <trkpt lat="-32.730099" lon="-71.41721">
        <ele>17.7</ele>
        <time>2025-04-12T15:06:04Z</time>
      </trkpt>
      <trkpt lat="-32.730273" lon="-71.417292">
        <ele>18.4</ele>
        <time>2025-04-12T15:06:06Z</time>
      </trkpt>
      <trkpt lat="-32.730477" lon="-71.417357">
        <ele>19.5</ele>
        <time>2025-04-12T15:06:08Z</time>
      </trkpt>
      <trkpt lat="-32.730685" lon="-71.417417">
        <ele>20.6</ele>
        <time>2025-04-12T15:06:10Z</time>
      </trkpt>
      <trkpt lat="-32.730881" lon="-71.41746">
        <ele>21.6</ele>
        <time>2025-04-12T15:06:12Z</time>
      </trkpt>
      <trkpt lat="-32.731082" lon="-71.417501">
        <ele>22.3</ele>
        <time>2025-04-12T15:06:14Z</time>
      </trkpt>
      <trkpt lat="-32.731287" lon="-71.417534">
        <ele>23.2</ele>
        <time>2025-04-12T15:06:16Z</time>
      </trkpt>
      <trkpt lat="-32.7315" lon="-71.41756">
        <ele>24.1</ele>
        <time>2025-04-12T15:06:18Z</time>
      </trkpt>
      <trkpt lat="-32.73172" lon="-71.417597">
        <ele>24.9</ele>
        <time>2025-04-12T15:06:20Z</time>
      </trkpt>
      <trkpt lat="-32.731962" lon="-71.417641">
        <ele>25.1</ele>
        <time>2025-04-12T15:06:22Z</time>
      </trkpt>
      <trkpt lat="-32.732204" lon="-71.41768">
        <ele>25.4</ele>
        <time>2025-04-12T15:06:24Z</time>
      </trkpt>
      <trkpt lat="-32.732418" lon="-71.417714">
        <ele>25.4</ele>
        <time>2025-04-12T15:06:26Z</time>
      </trkpt>
      <trkpt lat="-32.732603" lon="-71.41774">
        <ele>24.9</ele>
        <time>2025-04-12T15:06:28Z</time>
      </trkpt>
      <trkpt lat="-32.732841" lon="-71.417768">
        <ele>24.8</ele>
        <time>2025-04-12T15:06:30Z</time>
      </trkpt>
      <trkpt lat="-32.733121" lon="-71.417791">
        <ele>25.0</ele>
        <time>2025-04-12T15:06:32Z</time>
      </trkpt>
      <trkpt lat="-32.733437" lon="-71.4178">
        <ele>25.5</ele>
        <time>2025-04-12T15:06:34Z</time>
      </trkpt>
      <trkpt lat="-32.733741" lon="-71.417795">
        <ele>25.5</ele>
        <time>2025-04-12T15:06:36Z</time>
      </trkpt>
      <trkpt lat="-32.734043" lon="-71.417788">
        <ele>25.0</ele>
        <time>2025-04-12T15:06:38Z</time>
      </trkpt>
      <trkpt lat="-32.734356" lon="-71.417774">
        <ele>24.4</ele>
        <time>2025-04-12T15:06:40Z</time>
      </trkpt>
      <trkpt lat="-32.734637" lon="-71.417765">
        <ele>24.0</ele>
        <time>2025-04-12T15:06:42Z</time>
      </trkpt>
      <trkpt lat="-32.734893" lon="-71.417751">
        <ele>23.6</ele>
        <time>2025-04-12T15:06:44Z</time>
      </trkpt>
      <trkpt lat="-32.735148" lon="-71.417743">
        <ele>23.5</ele>
        <time>2025-04-12T15:06:46Z</time>
      </trkpt>
      <trkpt lat="-32.735402" lon="-71.41773">
        <ele>23.6</ele>
        <time>2025-04-12T15:06:48Z</time>
      </trkpt>
      <trkpt lat="-32.735631" lon="-71.417724">
        <ele>23.7</ele>
        <time>2025-04-12T15:06:50Z</time>
      </trkpt>
      <trkpt lat="-32.73586" lon="-71.417717">
        <ele>23.7</ele>
        <time>2025-04-12T15:06:52Z</time>
      </trkpt>
      <trkpt lat="-32.7361" lon="-71.41771">
        <ele>23.7</ele>
        <time>2025-04-12T15:06:54Z</time>
      </trkpt>
      <trkpt lat="-32.736341" lon="-71.417705">
        <ele>24.1</ele>
        <time>2025-04-12T15:06:56Z</time>
      </trkpt>
      <trkpt lat="-32.73656" lon="-71.417696">
        <ele>24.0</ele>
        <time>2025-04-12T15:06:58Z</time>
      </trkpt>
      <trkpt lat="-32.736778" lon="-71.417686">
        <ele>23.6</ele>
        <time>2025-04-12T15:07:00Z</time>
      </trkpt>
      <trkpt lat="-32.737" lon="-71.417678">
        <ele>22.9</ele>
        <time>2025-04-12T15:07:02Z</time>
      </trkpt>
      <trkpt lat="-32.737231" lon="-71.417678">
        <ele>22.5</ele>
        <time>2025-04-12T15:07:04Z</time>
      </trkpt>
      <trkpt lat="-32.737471" lon="-71.417677">
        <ele>22.2</ele>
        <time>2025-04-12T15:07:06Z</time>
      </trkpt>
      <trkpt lat="-32.737716" lon="-71.417672">
        <ele>21.9</ele>
        <time>2025-04-12T15:07:08Z</time>
      </trkpt>
      <trkpt lat="-32.73797" lon="-71.417666">
        <ele>21.5</ele>
        <time>2025-04-12T15:07:10Z</time>
      </trkpt>
      <trkpt lat="-32.738229" lon="-71.41766">
        <ele>21.1</ele>
        <time>2025-04-12T15:07:12Z</time>
      </trkpt>
      <trkpt lat="-32.738484" lon="-71.417651">
        <ele>20.9</ele>
        <time>2025-04-12T15:07:14Z</time>
      </trkpt>
      <trkpt lat="-32.738754" lon="-71.417642">
        <ele>20.9</ele>
        <time>2025-04-12T15:07:16Z</time>
      </trkpt>
      <trkpt lat="-32.739039" lon="-71.417639">
        <ele>20.9</ele>
        <time>2025-04-12T15:07:18Z</time>
      </trkpt>
      <trkpt lat="-32.739341" lon="-71.417635">
        <ele>20.8</ele>
        <time>2025-04-12T15:07:20Z</time>
      </trkpt>
      <trkpt lat="-32.739656" lon="-71.417625">
        <ele>20.9</ele>
        <time>2025-04-12T15:07:22Z</time>
      </trkpt>
      <trkpt lat="-32.739989" lon="-71.417611">
        <ele>21.1</ele>
        <time>2025-04-12T15:07:24Z</time>
      </trkpt>
      <trkpt lat="-32.740353" lon="-71.417601">
        <ele>21.6</ele>
        <time>2025-04-12T15:07:26Z</time>
      </trkpt>
      <trkpt lat="-32.740743" lon="-71.417597">
        <ele>22.0</ele>
        <time>2025-04-12T15:07:28Z</time>
      </trkpt>
      <trkpt lat="-32.741146" lon="-71.417614">
        <ele>22.5</ele>
        <time>2025-04-12T15:07:30Z</time>
      </trkpt>
      <trkpt lat="-32.741567" lon="-71.417637">
        <ele>23.1</ele>
        <time>2025-04-12T15:07:32Z</time>
      </trkpt>
      <trkpt lat="-32.741988" lon="-71.417698">
        <ele>23.5</ele>
        <time>2025-04-12T15:07:34Z</time>
      </trkpt>
      <trkpt lat="-32.742425" lon="-71.417765">
        <ele>23.6</ele>
        <time>2025-04-12T15:07:36Z</time>
      </trkpt>
      <trkpt lat="-32.742843" lon="-71.417839">
        <ele>23.9</ele>
        <time>2025-04-12T15:07:38Z</time>
      </trkpt>
      <trkpt lat="-32.743259" lon="-71.417914">
        <ele>24.3</ele>
        <time>2025-04-12T15:07:40Z</time>
      </trkpt>
      <trkpt lat="-32.74368" lon="-71.417995">
        <ele>25.0</ele>
        <time>2025-04-12T15:07:42Z</time>
      </trkpt>
      <trkpt lat="-32.74409" lon="-71.418055">
        <ele>26.0</ele>
        <time>2025-04-12T15:07:44Z</time>
      </trkpt>
      <trkpt lat="-32.744488" lon="-71.418065">
        <ele>26.3</ele>
        <time>2025-04-12T15:07:46Z</time>
      </trkpt>
      <trkpt lat="-32.744896" lon="-71.418048">
        <ele>26.4</ele>
        <time>2025-04-12T15:07:48Z</time>
      </trkpt>
      <trkpt lat="-32.745306" lon="-71.418079">
        <ele>26.7</ele>
        <time>2025-04-12T15:07:50Z</time>
      </trkpt>
      <trkpt lat="-32.745725" lon="-71.418151">
        <ele>27.6</ele>
        <time>2025-04-12T15:07:52Z</time>
      </trkpt>
      <trkpt lat="-32.746157" lon="-71.418215">
        <ele>28.3</ele>
        <time>2025-04-12T15:07:54Z</time>
      </trkpt>
      <trkpt lat="-32.746593" lon="-71.418291">
        <ele>28.9</ele>
        <time>2025-04-12T15:07:56Z</time>
      </trkpt>
      <trkpt lat="-32.74703" lon="-71.418357">
        <ele>30.0</ele>
        <time>2025-04-12T15:07:58Z</time>
      </trkpt>
      <trkpt lat="-32.747457" lon="-71.418429">
        <ele>30.9</ele>
        <time>2025-04-12T15:08:00Z</time>
      </trkpt>
      <trkpt lat="-32.74786" lon="-71.418495">
        <ele>32.2</ele>
        <time>2025-04-12T15:08:02Z</time>
      </trkpt>
      <trkpt lat="-32.748268" lon="-71.418579">
        <ele>34.0</ele>
        <time>2025-04-12T15:08:04Z</time>
      </trkpt>
      <trkpt lat="-32.748672" lon="-71.418673">
        <ele>36.5</ele>
        <time>2025-04-12T15:08:06Z</time>
      </trkpt>
      <trkpt lat="-32.749074" lon="-71.418752">
        <ele>38.7</ele>
        <time>2025-04-12T15:08:08Z</time>
      </trkpt>
      <trkpt lat="-32.749479" lon="-71.418826">
        <ele>40.2</ele>
        <time>2025-04-12T15:08:10Z</time>
      </trkpt>
      <trkpt lat="-32.749884" lon="-71.418892">
        <ele>40.9</ele>
        <time>2025-04-12T15:08:12Z</time>
      </trkpt>
      <trkpt lat="-32.750308" lon="-71.418959">
        <ele>42.0</ele>
        <time>2025-04-12T15:08:14Z</time>
      </trkpt>
      <trkpt lat="-32.750736" lon="-71.419017">
        <ele>43.8</ele>
        <time>2025-04-12T15:08:16Z</time>
      </trkpt>
      <trkpt lat="-32.751153" lon="-71.419083">
        <ele>45.8</ele>
        <time>2025-04-12T15:08:18Z</time>
      </trkpt>
      <trkpt lat="-32.751577" lon="-71.419153">
        <ele>47.1</ele>
        <time>2025-04-12T15:08:20Z</time>
      </trkpt>
      <trkpt lat="-32.752018" lon="-71.419251">
        <ele>48.5</ele>
        <time>2025-04-12T15:08:22Z</time>
      </trkpt>
      <trkpt lat="-32.752484" lon="-71.41937">
        <ele>49.6</ele>
        <time>2025-04-12T15:08:24Z</time>
      </trkpt>
      <trkpt lat="-32.75296" lon="-71.419515">
        <ele>49.1</ele>
        <time>2025-04-12T15:08:26Z</time>
      </trkpt>
      <trkpt lat="-32.753409" lon="-71.419676">
        <ele>47.8</ele>
        <time>2025-04-12T15:08:28Z</time>
      </trkpt>
      <trkpt lat="-32.753863" lon="-71.419817">
        <ele>44.3</ele>
        <time>2025-04-12T15:08:30Z</time>
      </trkpt>
      <trkpt lat="-32.754334" lon="-71.419965">
        <ele>40.7</ele>
        <time>2025-04-12T15:08:32Z</time>
      </trkpt>
      <trkpt lat="-32.754808" lon="-71.420114">
        <ele>37.9</ele>
        <time>2025-04-12T15:08:34Z</time>
      </trkpt>
      <trkpt lat="-32.75529" lon="-71.420258">
        <ele>35.4</ele>
        <time>2025-04-12T15:08:36Z</time>
      </trkpt>
      <trkpt lat="-32.755775" lon="-71.420402">
        <ele>33.4</ele>
        <time>2025-04-12T15:08:38Z</time>
      </trkpt>
      <trkpt lat="-32.756243" lon="-71.420535">
        <ele>31.7</ele>
        <time>2025-04-12T15:08:40Z</time>
      </trkpt>
      <trkpt lat="-32.75669" lon="-71.420686">
        <ele>30.8</ele>
        <time>2025-04-12T15:08:42Z</time>
      </trkpt>
      <trkpt lat="-32.757135" lon="-71.420828">
        <ele>30.8</ele>
        <time>2025-04-12T15:08:44Z</time>
      </trkpt>
      <trkpt lat="-32.757586" lon="-71.420955">
        <ele>31.9</ele>
        <time>2025-04-12T15:08:46Z</time>
      </trkpt>
      <trkpt lat="-32.758045" lon="-71.421076">
        <ele>33.4</ele>
        <time>2025-04-12T15:08:48Z</time>
      </trkpt>
      <trkpt lat="-32.758508" lon="-71.421201">
        <ele>35.2</ele>
        <time>2025-04-12T15:08:50Z</time>
      </trkpt>
      <trkpt lat="-32.758986" lon="-71.421317">
        <ele>37.6</ele>
        <time>2025-04-12T15:08:52Z</time>
      </trkpt>
      <trkpt lat="-32.759455" lon="-71.421438">
        <ele>40.1</ele>
        <time>2025-04-12T15:08:54Z</time>
      </trkpt>
      <trkpt lat="-32.759934" lon="-71.421563">
        <ele>42.5</ele>
        <time>2025-04-12T15:08:56Z</time>
      </trkpt>
      <trkpt lat="-32.760384" lon="-71.421677">
        <ele>43.3</ele>
        <time>2025-04-12T15:08:58Z</time>
      </trkpt>
      <trkpt lat="-32.760829" lon="-71.421791">
        <ele>44.0</ele>
        <time>2025-04-12T15:09:00Z</time>
      </trkpt>
      <trkpt lat="-32.761298" lon="-71.42192">
        <ele>44.1</ele>
        <time>2025-04-12T15:09:02Z</time>
      </trkpt>
      <trkpt lat="-32.761764" lon="-71.42205">
        <ele>44.1</ele>
        <time>2025-04-12T15:09:04Z</time>
      </trkpt>
      <trkpt lat="-32.762219" lon="-71.422192">
        <ele>42.7</ele>
        <time>2025-04-12T15:09:06Z</time>
      </trkpt>
      <trkpt lat="-32.762632" lon="-71.422342">
        <ele>39.6</ele>
        <time>2025-04-12T15:09:08Z</time>
      </trkpt>
      <trkpt lat="-32.763038" lon="-71.422478">
        <ele>36.8</ele>
        <time>2025-04-12T15:09:10Z</time>
      </trkpt>
      <trkpt lat="-32.763495" lon="-71.422602">
        <ele>35.9</ele>
        <time>2025-04-12T15:09:12Z</time>
      </trkpt>
      <trkpt lat="-32.763951" lon="-71.422739">
        <ele>37.0</ele>
        <time>2025-04-12T15:09:14Z</time>
      </trkpt>
      <trkpt lat="-32.764404" lon="-71.422864">
        <ele>40.2</ele>
        <time>2025-04-12T15:09:16Z</time>
      </trkpt>
      <trkpt lat="-32.764878" lon="-71.422966">
        <ele>44.2</ele>
        <time>2025-04-12T15:09:18Z</time>
      </trkpt>
      <trkpt lat="-32.765349" lon="-71.423042">
        <ele>48.2</ele>
        <time>2025-04-12T15:09:20Z</time>
      </trkpt>
      <trkpt lat="-32.765818" lon="-71.423123">
        <ele>52.1</ele>
        <time>2025-04-12T15:09:22Z</time>
      </trkpt>
      <trkpt lat="-32.766289" lon="-71.423199">
        <ele>55.7</ele>
        <time>2025-04-12T15:09:24Z</time>
      </trkpt>
      <trkpt lat="-32.766761" lon="-71.423274">
        <ele>58.9</ele>
        <time>2025-04-12T15:09:26Z</time>
      </trkpt>
      <trkpt lat="-32.767216" lon="-71.423343">
        <ele>61.0</ele>
        <time>2025-04-12T15:09:28Z</time>
      </trkpt>
      <trkpt lat="-32.76764" lon="-71.423409">
        <ele>61.8</ele>
        <time>2025-04-12T15:09:30Z</time>
      </trkpt>
      <trkpt lat="-32.768076" lon="-71.423435">
        <ele>63.1</ele>
        <time>2025-04-12T15:09:32Z</time>
      </trkpt>
      <trkpt lat="-32.768523" lon="-71.423399">
        <ele>64.0</ele>
        <time>2025-04-12T15:09:34Z</time>
      </trkpt>
      <trkpt lat="-32.768961" lon="-71.423313">
        <ele>64.6</ele>
        <time>2025-04-12T15:09:36Z</time>
      </trkpt>
      <trkpt lat="-32.769372" lon="-71.42322">
        <ele>64.7</ele>
        <time>2025-04-12T15:09:38Z</time>
      </trkpt>
      <trkpt lat="-32.769751" lon="-71.42311">
        <ele>65.3</ele>
        <time>2025-04-12T15:09:40Z</time>
      </trkpt>
      <trkpt lat="-32.770116" lon="-71.422915">
        <ele>66.9</ele>
        <time>2025-04-12T15:09:42Z</time>
      </trkpt>
      <trkpt lat="-32.770436" lon="-71.422638">
        <ele>69.6</ele>
        <time>2025-04-12T15:09:44Z</time>
      </trkpt>
      <trkpt lat="-32.770725" lon="-71.42235">
        <ele>72.5</ele>
        <time>2025-04-12T15:09:46Z</time>
      </trkpt>
      <trkpt lat="-32.771022" lon="-71.422123">
        <ele>75.0</ele>
        <time>2025-04-12T15:09:48Z</time>
      </trkpt>
      <trkpt lat="-32.771377" lon="-71.421983">
        <ele>76.9</ele>
        <time>2025-04-12T15:09:50Z</time>
      </trkpt>
      <trkpt lat="-32.771755" lon="-71.421926">
        <ele>78.8</ele>
        <time>2025-04-12T15:09:52Z</time>
      </trkpt>
      <trkpt lat="-32.772137" lon="-71.421873">
        <ele>80.2</ele>
        <time>2025-04-12T15:09:54Z</time>
      </trkpt>
      <trkpt lat="-32.772476" lon="-71.421844">
        <ele>80.3</ele>
        <time>2025-04-12T15:09:56Z</time>
      </trkpt>
      <trkpt lat="-32.772821" lon="-71.421859">
        <ele>79.8</ele>
        <time>2025-04-12T15:09:58Z</time>
      </trkpt>
      <trkpt lat="-32.773207" lon="-71.421938">
        <ele>79.4</ele>
        <time>2025-04-12T15:10:00Z</time>
      </trkpt>
      <trkpt lat="-32.773637" lon="-71.422077">
        <ele>79.3</ele>
        <time>2025-04-12T15:10:02Z</time>
      </trkpt>
      <trkpt lat="-32.77403" lon="-71.422213">
        <ele>78.2</ele>
        <time>2025-04-12T15:10:04Z</time>
      </trkpt>
      <trkpt lat="-32.774423" lon="-71.422332">
        <ele>76.3</ele>
        <time>2025-04-12T15:10:06Z</time>
      </trkpt>
      <trkpt lat="-32.77476" lon="-71.422443">
        <ele>74.3</ele>
        <time>2025-04-12T15:10:08Z</time>
      </trkpt>
      <trkpt lat="-32.775074" lon="-71.422542">
        <ele>73.1</ele>
        <time>2025-04-12T15:10:10Z</time>
      </trkpt>
      <trkpt lat="-32.775372" lon="-71.422601">
        <ele>72.7</ele>
        <time>2025-04-12T15:10:12Z</time>
      </trkpt>
      <trkpt lat="-32.775693" lon="-71.422597">
        <ele>72.8</ele>
        <time>2025-04-12T15:10:14Z</time>
      </trkpt>
      <trkpt lat="-32.776053" lon="-71.422496">
        <ele>72.8</ele>
        <time>2025-04-12T15:10:16Z</time>
      </trkpt>
      <trkpt lat="-32.776439" lon="-71.422307">
        <ele>72.7</ele>
        <time>2025-04-12T15:10:18Z</time>
      </trkpt>
      <trkpt lat="-32.776828" lon="-71.422113">
        <ele>71.9</ele>
        <time>2025-04-12T15:10:20Z</time>
      </trkpt>
      <trkpt lat="-32.777197" lon="-71.421929">
        <ele>70.0</ele>
        <time>2025-04-12T15:10:22Z</time>
      </trkpt>
      <trkpt lat="-32.777561" lon="-71.421754">
        <ele>68.1</ele>
        <time>2025-04-12T15:10:24Z</time>
      </trkpt>
      <trkpt lat="-32.77793" lon="-71.421573">
        <ele>66.7</ele>
        <time>2025-04-12T15:10:26Z</time>
      </trkpt>
      <trkpt lat="-32.778288" lon="-71.421429">
        <ele>66.2</ele>
        <time>2025-04-12T15:10:28Z</time>
      </trkpt>
      <trkpt lat="-32.77866" lon="-71.421372">
        <ele>66.5</ele>
        <time>2025-04-12T15:10:30Z</time>
      </trkpt>
      <trkpt lat="-32.779038" lon="-71.421413">
        <ele>67.1</ele>
        <time>2025-04-12T15:10:32Z</time>
      </trkpt>
      <trkpt lat="-32.77939" lon="-71.421568">
        <ele>68.9</ele>
        <time>2025-04-12T15:10:34Z</time>
      </trkpt>
      <trkpt lat="-32.779709" lon="-71.421836">
        <ele>71.5</ele>
        <time>2025-04-12T15:10:36Z</time>
      </trkpt>
      <trkpt lat="-32.779985" lon="-71.422201">
        <ele>73.9</ele>
        <time>2025-04-12T15:10:38Z</time>
      </trkpt>
      <trkpt lat="-32.780209" lon="-71.422652">
        <ele>76.4</ele>
        <time>2025-04-12T15:10:40Z</time>
      </trkpt>
      <trkpt lat="-32.780433" lon="-71.423122">
        <ele>79.5</ele>
        <time>2025-04-12T15:10:42Z</time>
      </trkpt>
      <trkpt lat="-32.780652" lon="-71.423589">
        <ele>81.4</ele>
        <time>2025-04-12T15:10:44Z</time>
      </trkpt>
      <trkpt lat="-32.780884" lon="-71.424081">
        <ele>82.6</ele>
        <time>2025-04-12T15:10:46Z</time>
      </trkpt>
      <trkpt lat="-32.781114" lon="-71.424595">
        <ele>83.4</ele>
        <time>2025-04-12T15:10:48Z</time>
      </trkpt>
      <trkpt lat="-32.781337" lon="-71.425127">
        <ele>85.2</ele>
        <time>2025-04-12T15:10:50Z</time>
      </trkpt>
      <trkpt lat="-32.781531" lon="-71.425661">
        <ele>87.5</ele>
        <time>2025-04-12T15:10:52Z</time>
      </trkpt>
      <trkpt lat="-32.781715" lon="-71.426181">
        <ele>90.4</ele>
        <time>2025-04-12T15:10:54Z</time>
      </trkpt>
      <trkpt lat="-32.781893" lon="-71.426682">
        <ele>92.2</ele>
        <time>2025-04-12T15:10:56Z</time>
      </trkpt>
      <trkpt lat="-32.782065" lon="-71.427162">
        <ele>92.5</ele>
        <time>2025-04-12T15:10:58Z</time>
      </trkpt>
      <trkpt lat="-32.782242" lon="-71.427635">
        <ele>93.2</ele>
        <time>2025-04-12T15:11:00Z</time>
      </trkpt>
      <trkpt lat="-32.782405" lon="-71.428108">
        <ele>95.3</ele>
        <time>2025-04-12T15:11:02Z</time>
      </trkpt>
      <trkpt lat="-32.78257" lon="-71.428584">
        <ele>96.8</ele>
        <time>2025-04-12T15:11:04Z</time>
      </trkpt>
      <trkpt lat="-32.782732" lon="-71.429039">
        <ele>98.5</ele>
        <time>2025-04-12T15:11:06Z</time>
      </trkpt>
      <trkpt lat="-32.78293" lon="-71.429429">
        <ele>98.4</ele>
        <time>2025-04-12T15:11:08Z</time>
      </trkpt>
      <trkpt lat="-32.78322" lon="-71.429773">
        <ele>96.9</ele>
        <time>2025-04-12T15:11:10Z</time>
      </trkpt>
      <trkpt lat="-32.783547" lon="-71.430069">
        <ele>94.8</ele>
        <time>2025-04-12T15:11:12Z</time>
      </trkpt>
      <trkpt lat="-32.783935" lon="-71.430359">
        <ele>92.8</ele>
        <time>2025-04-12T15:11:14Z</time>
      </trkpt>
      <trkpt lat="-32.784293" lon="-71.430633">
        <ele>90.1</ele>
        <time>2025-04-12T15:11:16Z</time>
      </trkpt>
      <trkpt lat="-32.784653" lon="-71.430897">
        <ele>87.6</ele>
        <time>2025-04-12T15:11:18Z</time>
      </trkpt>
      <trkpt lat="-32.785032" lon="-71.431148">
        <ele>85.8</ele>
        <time>2025-04-12T15:11:20Z</time>
      </trkpt>
      <trkpt lat="-32.785449" lon="-71.431349">
        <ele>84.8</ele>
        <time>2025-04-12T15:11:22Z</time>
      </trkpt>
      <trkpt lat="-32.785908" lon="-71.431448">
        <ele>83.5</ele>
        <time>2025-04-12T15:11:24Z</time>
      </trkpt>
      <trkpt lat="-32.786372" lon="-71.431559">
        <ele>80.9</ele>
        <time>2025-04-12T15:11:26Z</time>
      </trkpt>
      <trkpt lat="-32.786835" lon="-71.43168">
        <ele>76.8</ele>
        <time>2025-04-12T15:11:28Z</time>
      </trkpt>
      <trkpt lat="-32.787289" lon="-71.431815">
        <ele>73.2</ele>
        <time>2025-04-12T15:11:30Z</time>
      </trkpt>
      <trkpt lat="-32.787763" lon="-71.431925">
        <ele>70.7</ele>
        <time>2025-04-12T15:11:32Z</time>
      </trkpt>
      <trkpt lat="-32.78822" lon="-71.432061">
        <ele>69.5</ele>
        <time>2025-04-12T15:11:34Z</time>
      </trkpt>
      <trkpt lat="-32.788617" lon="-71.432277">
        <ele>69.2</ele>
        <time>2025-04-12T15:11:36Z</time>
      </trkpt>
      <trkpt lat="-32.788969" lon="-71.432582">
        <ele>69.3</ele>
        <time>2025-04-12T15:11:38Z</time>
      </trkpt>
      <trkpt lat="-32.789279" lon="-71.432932">
        <ele>70.8</ele>
        <time>2025-04-12T15:11:40Z</time>
      </trkpt>
      <trkpt lat="-32.789598" lon="-71.433237">
        <ele>74.0</ele>
        <time>2025-04-12T15:11:42Z</time>
      </trkpt>
      <trkpt lat="-32.789958" lon="-71.433476">
        <ele>77.5</ele>
        <time>2025-04-12T15:11:44Z</time>
      </trkpt>
      <trkpt lat="-32.790386" lon="-71.433601">
        <ele>80.5</ele>
        <time>2025-04-12T15:11:46Z</time>
      </trkpt>
      <trkpt lat="-32.790816" lon="-71.433685">
        <ele>83.7</ele>
        <time>2025-04-12T15:11:48Z</time>
      </trkpt>
      <trkpt lat="-32.791198" lon="-71.433786">
        <ele>86.6</ele>
        <time>2025-04-12T15:11:50Z</time>
      </trkpt>
      <trkpt lat="-32.791543" lon="-71.433966">
        <ele>88.7</ele>
        <time>2025-04-12T15:11:52Z</time>
      </trkpt>
      <trkpt lat="-32.791854" lon="-71.434245">
        <ele>89.9</ele>
        <time>2025-04-12T15:11:54Z</time>
      </trkpt>
      <trkpt lat="-32.792107" lon="-71.434592">
        <ele>90.8</ele>
        <time>2025-04-12T15:11:56Z</time>
      </trkpt>
      <trkpt lat="-32.792357" lon="-71.43498">
        <ele>91.2</ele>
        <time>2025-04-12T15:11:58Z</time>
      </trkpt>
      <trkpt lat="-32.792625" lon="-71.435393">
        <ele>91.1</ele>
        <time>2025-04-12T15:12:00Z</time>
      </trkpt>
      <trkpt lat="-32.792913" lon="-71.435833">
        <ele>90.5</ele>
        <time>2025-04-12T15:12:02Z</time>
      </trkpt>
      <trkpt lat="-32.793202" lon="-71.436281">
        <ele>88.6</ele>
        <time>2025-04-12T15:12:04Z</time>
      </trkpt>
      <trkpt lat="-32.79348" lon="-71.436695">
        <ele>87.1</ele>
        <time>2025-04-12T15:12:06Z</time>
      </trkpt>
      <trkpt lat="-32.793748" lon="-71.437084">
        <ele>83.6</ele>
        <time>2025-04-12T15:12:08Z</time>
      </trkpt>
      <trkpt lat="-32.794009" lon="-71.437459">
        <ele>80.6</ele>
        <time>2025-04-12T15:12:10Z</time>
      </trkpt>
      <trkpt lat="-32.794283" lon="-71.437823">
        <ele>78.2</ele>
        <time>2025-04-12T15:12:12Z</time>
      </trkpt>
      <trkpt lat="-32.794584" lon="-71.438162">
        <ele>75.4</ele>
        <time>2025-04-12T15:12:14Z</time>
      </trkpt>
      <trkpt lat="-32.794916" lon="-71.438496">
        <ele>72.4</ele>
        <time>2025-04-12T15:12:16Z</time>
      </trkpt>
      <trkpt lat="-32.795278" lon="-71.438811">
        <ele>69.5</ele>
        <time>2025-04-12T15:12:18Z</time>
      </trkpt>
      <trkpt lat="-32.795647" lon="-71.439148">
        <ele>66.3</ele>
        <time>2025-04-12T15:12:20Z</time>
      </trkpt>
      <trkpt lat="-32.796024" lon="-71.439498">
        <ele>63.4</ele>
        <time>2025-04-12T15:12:22Z</time>
      </trkpt>
      <trkpt lat="-32.796374" lon="-71.439819">
        <ele>60.4</ele>
        <time>2025-04-12T15:12:24Z</time>
      </trkpt>
      <trkpt lat="-32.796711" lon="-71.440103">
        <ele>57.4</ele>
        <time>2025-04-12T15:12:26Z</time>
      </trkpt>
      <trkpt lat="-32.797122" lon="-71.440328">
        <ele>54.4</ele>
        <time>2025-04-12T15:12:28Z</time>
      </trkpt>
      <trkpt lat="-32.797579" lon="-71.440522">
        <ele>51.5</ele>
        <time>2025-04-12T15:12:30Z</time>
      </trkpt>
      <trkpt lat="-32.798046" lon="-71.440677">
        <ele>49.3</ele>
        <time>2025-04-12T15:12:32Z</time>
      </trkpt>
      <trkpt lat="-32.798532" lon="-71.440775">
        <ele>47.7</ele>
        <time>2025-04-12T15:12:34Z</time>
      </trkpt>
      <trkpt lat="-32.799032" lon="-71.440859">
        <ele>45.7</ele>
        <time>2025-04-12T15:12:36Z</time>
      </trkpt>
      <trkpt lat="-32.799531" lon="-71.440937">
        <ele>44.8</ele>
        <time>2025-04-12T15:12:38Z</time>
      </trkpt>
      <trkpt lat="-32.800045" lon="-71.441015">
        <ele>43.1</ele>
        <time>2025-04-12T15:12:40Z</time>
      </trkpt>
      <trkpt lat="-32.800535" lon="-71.441083">
        <ele>42.0</ele>
        <time>2025-04-12T15:12:42Z</time>
      </trkpt>
      <trkpt lat="-32.80099" lon="-71.441152">
        <ele>41.1</ele>
        <time>2025-04-12T15:12:44Z</time>
      </trkpt>
      <trkpt lat="-32.801418" lon="-71.441228">
        <ele>39.9</ele>
        <time>2025-04-12T15:12:46Z</time>
      </trkpt>
      <trkpt lat="-32.801832" lon="-71.441323">
        <ele>39.4</ele>
        <time>2025-04-12T15:12:48Z</time>
      </trkpt>
      <trkpt lat="-32.80223" lon="-71.441391">
        <ele>38.8</ele>
        <time>2025-04-12T15:12:50Z</time>
      </trkpt>
      <trkpt lat="-32.802623" lon="-71.441459">
        <ele>38.9</ele>
        <time>2025-04-12T15:12:52Z</time>
      </trkpt>
      <trkpt lat="-32.803028" lon="-71.441533">
        <ele>39.7</ele>
        <time>2025-04-12T15:12:54Z</time>
      </trkpt>
      <trkpt lat="-32.80342" lon="-71.441601">
        <ele>40.6</ele>
        <time>2025-04-12T15:12:56Z</time>
      </trkpt>
      <trkpt lat="-32.803777" lon="-71.441662">
        <ele>40.1</ele>
        <time>2025-04-12T15:12:58Z</time>
      </trkpt>
      <trkpt lat="-32.804091" lon="-71.441753">
        <ele>38.3</ele>
        <time>2025-04-12T15:13:00Z</time>
      </trkpt>
      <trkpt lat="-32.804366" lon="-71.44191">
        <ele>36.0</ele>
        <time>2025-04-12T15:13:02Z</time>
      </trkpt>
      <trkpt lat="-32.804642" lon="-71.442121">
        <ele>33.7</ele>
        <time>2025-04-12T15:13:04Z</time>
      </trkpt>
      <trkpt lat="-32.804923" lon="-71.442327">
        <ele>31.3</ele>
        <time>2025-04-12T15:13:06Z</time>
      </trkpt>
      <trkpt lat="-32.805208" lon="-71.44247">
        <ele>28.6</ele>
        <time>2025-04-12T15:13:08Z</time>
      </trkpt>
      <trkpt lat="-32.805508" lon="-71.442555">
        <ele>27.0</ele>
        <time>2025-04-12T15:13:10Z</time>
      </trkpt>
      <trkpt lat="-32.80578" lon="-71.442567">
        <ele>24.0</ele>
        <time>2025-04-12T15:13:12Z</time>
      </trkpt>
      <trkpt lat="-32.80608" lon="-71.442514">
        <ele>21.5</ele>
        <time>2025-04-12T15:13:14Z</time>
      </trkpt>
      <trkpt lat="-32.806465" lon="-71.442412">
        <ele>20.3</ele>
        <time>2025-04-12T15:13:16Z</time>
      </trkpt>
      <trkpt lat="-32.806877" lon="-71.442302">
        <ele>20.1</ele>
        <time>2025-04-12T15:13:18Z</time>
      </trkpt>
      <trkpt lat="-32.807259" lon="-71.442192">
        <ele>20.8</ele>
        <time>2025-04-12T15:13:20Z</time>
      </trkpt>
      <trkpt lat="-32.807615" lon="-71.442099">
        <ele>21.4</ele>
        <time>2025-04-12T15:13:22Z</time>
      </trkpt>
      <trkpt lat="-32.807979" lon="-71.442018">
        <ele>21.7</ele>
        <time>2025-04-12T15:13:24Z</time>
      </trkpt>
      <trkpt lat="-32.808349" lon="-71.441921">
        <ele>21.9</ele>
        <time>2025-04-12T15:13:26Z</time>
      </trkpt>
      <trkpt lat="-32.808685" lon="-71.441836">
        <ele>21.7</ele>
        <time>2025-04-12T15:13:28Z</time>
      </trkpt>
      <trkpt lat="-32.808981" lon="-71.441769">
        <ele>20.7</ele>
        <time>2025-04-12T15:13:30Z</time>
      </trkpt>
      <trkpt lat="-32.809241" lon="-71.441713">
        <ele>19.6</ele>
        <time>2025-04-12T15:13:32Z</time>
      </trkpt>
      <trkpt lat="-32.809469" lon="-71.441679">
        <ele>18.8</ele>
        <time>2025-04-12T15:13:34Z</time>
      </trkpt>
      <trkpt lat="-32.809673" lon="-71.441656">
        <ele>18.1</ele>
        <time>2025-04-12T15:13:36Z</time>
      </trkpt>
      <trkpt lat="-32.809831" lon="-71.44163">
        <ele>17.3</ele>
        <time>2025-04-12T15:13:38Z</time>
      </trkpt>
      <trkpt lat="-32.809973" lon="-71.441597">
        <ele>16.6</ele>
        <time>2025-04-12T15:13:40Z</time>
      </trkpt>
      <trkpt lat="-32.810169" lon="-71.441567">
        <ele>16.4</ele>
        <time>2025-04-12T15:13:42Z</time>
      </trkpt>
      <trkpt lat="-32.810361" lon="-71.441536">
        <ele>16.2</ele>
        <time>2025-04-12T15:13:44Z</time>
      </trkpt>
      <trkpt lat="-32.810569" lon="-71.441517">
        <ele>16.3</ele>
        <time>2025-04-12T15:13:46Z</time>
      </trkpt>
      <trkpt lat="-32.810745" lon="-71.441499">
        <ele>16.2</ele>
        <time>2025-04-12T15:13:48Z</time>
      </trkpt>
      <trkpt lat="-32.810872" lon="-71.441478">
        <ele>15.9</ele>
        <time>2025-04-12T15:13:50Z</time>
      </trkpt>
      <trkpt lat="-32.811041" lon="-71.441449">
        <ele>15.7</ele>
        <time>2025-04-12T15:13:52Z</time>
      </trkpt>
      <trkpt lat="-32.811253" lon="-71.441419">
        <ele>15.9</ele>
        <time>2025-04-12T15:13:54Z</time>
      </trkpt>
      <trkpt lat="-32.811427" lon="-71.441418">
        <ele>16.0</ele>
        <time>2025-04-12T15:13:56Z</time>
      </trkpt>
      <trkpt lat="-32.811581" lon="-71.441409">
        <ele>15.9</ele>
        <time>2025-04-12T15:13:58Z</time>
      </trkpt>
      <trkpt lat="-32.811807" lon="-71.44138">
        <ele>16.1</ele>
        <time>2025-04-12T15:14:00Z</time>
      </trkpt>
      <trkpt lat="-32.812058" lon="-71.441307">
        <ele>17.6</ele>
        <time>2025-04-12T15:14:02Z</time>
      </trkpt>
      <trkpt lat="-32.812316" lon="-71.441175">
        <ele>19.6</ele>
        <time>2025-04-12T15:14:04Z</time>
      </trkpt>
      <trkpt lat="-32.812556" lon="-71.441006">
        <ele>22.1</ele>
        <time>2025-04-12T15:14:06Z</time>
      </trkpt>
      <trkpt lat="-32.812786" lon="-71.440815">
        <ele>24.6</ele>
        <time>2025-04-12T15:14:08Z</time>
      </trkpt>
      <trkpt lat="-32.813024" lon="-71.44064">
        <ele>27.1</ele>
        <time>2025-04-12T15:14:10Z</time>
      </trkpt>
      <trkpt lat="-32.813285" lon="-71.440491">
        <ele>29.6</ele>
        <time>2025-04-12T15:14:12Z</time>
      </trkpt>
      <trkpt lat="-32.813586" lon="-71.440397">
        <ele>31.0</ele>
        <time>2025-04-12T15:14:14Z</time>
      </trkpt>
      <trkpt lat="-32.813941" lon="-71.440381">
        <ele>34.2</ele>
        <time>2025-04-12T15:14:16Z</time>
      </trkpt>
      <trkpt lat="-32.814297" lon="-71.44041">
        <ele>37.8</ele>
        <time>2025-04-12T15:14:18Z</time>
      </trkpt>
      <trkpt lat="-32.814663" lon="-71.440454">
        <ele>41.1</ele>
        <time>2025-04-12T15:14:20Z</time>
      </trkpt>
      <trkpt lat="-32.815033" lon="-71.440491">
        <ele>43.9</ele>
        <time>2025-04-12T15:14:22Z</time>
      </trkpt>
      <trkpt lat="-32.815389" lon="-71.440558">
        <ele>46.6</ele>
        <time>2025-04-12T15:14:24Z</time>
      </trkpt>
      <trkpt lat="-32.815775" lon="-71.440668">
        <ele>49.5</ele>
        <time>2025-04-12T15:14:26Z</time>
      </trkpt>
      <trkpt lat="-32.816163" lon="-71.440822">
        <ele>52.1</ele>
        <time>2025-04-12T15:14:28Z</time>
      </trkpt>
      <trkpt lat="-32.816546" lon="-71.440931">
        <ele>53.6</ele>
        <time>2025-04-12T15:14:30Z</time>
      </trkpt>
      <trkpt lat="-32.816958" lon="-71.440948">
        <ele>54.6</ele>
        <time>2025-04-12T15:14:32Z</time>
      </trkpt>
      <trkpt lat="-32.817342" lon="-71.440935">
        <ele>56.2</ele>
        <time>2025-04-12T15:14:34Z</time>
      </trkpt>
      <trkpt lat="-32.817713" lon="-71.440928">
        <ele>58.2</ele>
        <time>2025-04-12T15:14:36Z</time>
      </trkpt>
      <trkpt lat="-32.818099" lon="-71.440926">
        <ele>59.7</ele>
        <time>2025-04-12T15:14:38Z</time>
      </trkpt>
      <trkpt lat="-32.818466" lon="-71.440926">
        <ele>60.3</ele>
        <time>2025-04-12T15:14:40Z</time>
      </trkpt>
      <trkpt lat="-32.818803" lon="-71.440929">
        <ele>60.2</ele>
        <time>2025-04-12T15:14:42Z</time>
      </trkpt>
      <trkpt lat="-32.819148" lon="-71.440934">
        <ele>60.0</ele>
        <time>2025-04-12T15:14:44Z</time>
      </trkpt>
      <trkpt lat="-32.819501" lon="-71.440932">
        <ele>60.3</ele>
        <time>2025-04-12T15:14:46Z</time>
      </trkpt>
      <trkpt lat="-32.819854" lon="-71.440944">
        <ele>60.8</ele>
        <time>2025-04-12T15:14:48Z</time>
      </trkpt>
      <trkpt lat="-32.820233" lon="-71.440953">
        <ele>61.6</ele>
        <time>2025-04-12T15:14:50Z</time>
      </trkpt>
      <trkpt lat="-32.820605" lon="-71.44096">
        <ele>62.3</ele>
        <time>2025-04-12T15:14:52Z</time>
      </trkpt>
      <trkpt lat="-32.820942" lon="-71.440965">
        <ele>62.7</ele>
        <time>2025-04-12T15:14:54Z</time>
      </trkpt>
      <trkpt lat="-32.821274" lon="-71.440975">
        <ele>62.9</ele>
        <time>2025-04-12T15:14:56Z</time>
      </trkpt>
      <trkpt lat="-32.821626" lon="-71.440976">
        <ele>63.7</ele>
        <time>2025-04-12T15:14:57Z</time>
      </trkpt>
      <trkpt lat="-32.821992" lon="-71.440986">
        <ele>65.3</ele>
        <time>2025-04-12T15:14:59Z</time>
      </trkpt>
      <trkpt lat="-32.822373" lon="-71.441">
        <ele>67.3</ele>
        <time>2025-04-12T15:15:01Z</time>
      </trkpt>
      <trkpt lat="-32.822729" lon="-71.441006">
        <ele>68.2</ele>
        <time>2025-04-12T15:15:03Z</time>
      </trkpt>
      <trkpt lat="-32.823043" lon="-71.441032">
        <ele>68.1</ele>
        <time>2025-04-12T15:15:05Z</time>
      </trkpt>
      <trkpt lat="-32.823379" lon="-71.4411">
        <ele>67.4</ele>
        <time>2025-04-12T15:15:08Z</time>
      </trkpt>
      <trkpt lat="-32.823735" lon="-71.441245">
        <ele>66.8</ele>
        <time>2025-04-12T15:15:10Z</time>
      </trkpt>
      <trkpt lat="-32.824113" lon="-71.441447">
        <ele>66.7</ele>
        <time>2025-04-12T15:15:12Z</time>
      </trkpt>
      <trkpt lat="-32.824483" lon="-71.441641">
        <ele>66.6</ele>
        <time>2025-04-12T15:15:14Z</time>
      </trkpt>
      <trkpt lat="-32.82482" lon="-71.441767">
        <ele>66.4</ele>
        <time>2025-04-12T15:15:16Z</time>
      </trkpt>
      <trkpt lat="-32.825195" lon="-71.441792">
        <ele>66.3</ele>
        <time>2025-04-12T15:15:18Z</time>
      </trkpt>
      <trkpt lat="-32.825576" lon="-71.441713">
        <ele>67.2</ele>
        <time>2025-04-12T15:15:20Z</time>
      </trkpt>
      <trkpt lat="-32.825969" lon="-71.441579">
        <ele>69.4</ele>
        <time>2025-04-12T15:15:22Z</time>
      </trkpt>
      <trkpt lat="-32.82627" lon="-71.441503">
        <ele>71.4</ele>
        <time>2025-04-12T15:15:24Z</time>
      </trkpt>
      <trkpt lat="-32.826605" lon="-71.441409">
        <ele>72.9</ele>
        <time>2025-04-12T15:15:26Z</time>
      </trkpt>
      <trkpt lat="-32.826978" lon="-71.441296">
        <ele>74.5</ele>
        <time>2025-04-12T15:15:28Z</time>
      </trkpt>
      <trkpt lat="-32.827379" lon="-71.441178">
        <ele>76.2</ele>
        <time>2025-04-12T15:15:30Z</time>
      </trkpt>
      <trkpt lat="-32.827772" lon="-71.441072">
        <ele>77.4</ele>
        <time>2025-04-12T15:15:32Z</time>
      </trkpt>
      <trkpt lat="-32.828132" lon="-71.440987">
        <ele>77.4</ele>
        <time>2025-04-12T15:15:34Z</time>
      </trkpt>
      <trkpt lat="-32.828504" lon="-71.440943">
        <ele>77.1</ele>
        <time>2025-04-12T15:15:36Z</time>
      </trkpt>
      <trkpt lat="-32.828887" lon="-71.440935">
        <ele>77.4</ele>
        <time>2025-04-12T15:15:38Z</time>
      </trkpt>
      <trkpt lat="-32.829287" lon="-71.440941">
        <ele>78.5</ele>
        <time>2025-04-12T15:15:40Z</time>
      </trkpt>
      <trkpt lat="-32.829732" lon="-71.440954">
        <ele>80.2</ele>
        <time>2025-04-12T15:15:42Z</time>
      </trkpt>
      <trkpt lat="-32.830225" lon="-71.440959">
        <ele>82.0</ele>
        <time>2025-04-12T15:15:44Z</time>
      </trkpt>
      <trkpt lat="-32.830741" lon="-71.440972">
        <ele>83.0</ele>
        <time>2025-04-12T15:15:46Z</time>
      </trkpt>
      <trkpt lat="-32.831193" lon="-71.440987">
        <ele>83.0</ele>
        <time>2025-04-12T15:15:48Z</time>
      </trkpt>
      <trkpt lat="-32.831636" lon="-71.440995">
        <ele>82.4</ele>
        <time>2025-04-12T15:15:50Z</time>
      </trkpt>
      <trkpt lat="-32.832081" lon="-71.441012">
        <ele>82.1</ele>
        <time>2025-04-12T15:15:52Z</time>
      </trkpt>
      <trkpt lat="-32.832526" lon="-71.44102">
        <ele>83.4</ele>
        <time>2025-04-12T15:15:54Z</time>
      </trkpt>
      <trkpt lat="-32.832972" lon="-71.44105">
        <ele>85.5</ele>
        <time>2025-04-12T15:15:56Z</time>
      </trkpt>
      <trkpt lat="-32.83342" lon="-71.441124">
        <ele>88.0</ele>
        <time>2025-04-12T15:15:58Z</time>
      </trkpt>
      <trkpt lat="-32.833834" lon="-71.441217">
        <ele>89.7</ele>
        <time>2025-04-12T15:16:00Z</time>
      </trkpt>
      <trkpt lat="-32.834258" lon="-71.441287">
        <ele>90.1</ele>
        <time>2025-04-12T15:16:02Z</time>
      </trkpt>
      <trkpt lat="-32.834698" lon="-71.44126">
        <ele>90.4</ele>
        <time>2025-04-12T15:16:04Z</time>
      </trkpt>
      <trkpt lat="-32.835166" lon="-71.441209">
        <ele>91.8</ele>
        <time>2025-04-12T15:16:06Z</time>
      </trkpt>
      <trkpt lat="-32.835623" lon="-71.441169">
        <ele>94.2</ele>
        <time>2025-04-12T15:16:08Z</time>
      </trkpt>
      <trkpt lat="-32.836073" lon="-71.441117">
        <ele>97.3</ele>
        <time>2025-04-12T15:16:10Z</time>
      </trkpt>
      <trkpt lat="-32.836515" lon="-71.441072">
        <ele>100.7</ele>
        <time>2025-04-12T15:16:12Z</time>
      </trkpt>
      <trkpt lat="-32.836904" lon="-71.441041">
        <ele>103.5</ele>
        <time>2025-04-12T15:16:14Z</time>
      </trkpt>
      <trkpt lat="-32.837334" lon="-71.441032">
        <ele>105.6</ele>
        <time>2025-04-12T15:16:16Z</time>
      </trkpt>
      <trkpt lat="-32.837781" lon="-71.441043">
        <ele>106.3</ele>
        <time>2025-04-12T15:16:18Z</time>
      </trkpt>
      <trkpt lat="-32.838213" lon="-71.441055">
        <ele>107.7</ele>
        <time>2025-04-12T15:16:20Z</time>
      </trkpt>
      <trkpt lat="-32.838591" lon="-71.441067">
        <ele>108.0</ele>
        <time>2025-04-12T15:16:22Z</time>
      </trkpt>
      <trkpt lat="-32.838904" lon="-71.441093">
        <ele>107.7</ele>
        <time>2025-04-12T15:16:24Z</time>
      </trkpt>
      <trkpt lat="-32.839174" lon="-71.44116">
        <ele>107.8</ele>
        <time>2025-04-12T15:16:26Z</time>
      </trkpt>
      <trkpt lat="-32.83946" lon="-71.441273">
        <ele>108.4</ele>
        <time>2025-04-12T15:16:28Z</time>
      </trkpt>
      <trkpt lat="-32.839814" lon="-71.441442">
        <ele>110.1</ele>
        <time>2025-04-12T15:16:30Z</time>
      </trkpt>
      <trkpt lat="-32.840162" lon="-71.441614">
        <ele>112.2</ele>
        <time>2025-04-12T15:16:32Z</time>
      </trkpt>
      <trkpt lat="-32.840485" lon="-71.441781">
        <ele>114.1</ele>
        <time>2025-04-12T15:16:34Z</time>
      </trkpt>
      <trkpt lat="-32.840761" lon="-71.442027">
        <ele>115.5</ele>
        <time>2025-04-12T15:16:36Z</time>
      </trkpt>
      <trkpt lat="-32.841004" lon="-71.442358">
        <ele>116.9</ele>
        <time>2025-04-12T15:16:38Z</time>
      </trkpt>
      <trkpt lat="-32.841178" lon="-71.442747">
        <ele>118.9</ele>
        <time>2025-04-12T15:16:40Z</time>
      </trkpt>
      <trkpt lat="-32.841376" lon="-71.443132">
        <ele>120.8</ele>
        <time>2025-04-12T15:16:42Z</time>
      </trkpt>
      <trkpt lat="-32.841653" lon="-71.443449">
        <ele>122.3</ele>
        <time>2025-04-12T15:16:44Z</time>
      </trkpt>
      <trkpt lat="-32.84202" lon="-71.443767">
        <ele>123.0</ele>
        <time>2025-04-12T15:16:46Z</time>
      </trkpt>
      <trkpt lat="-32.842374" lon="-71.444098">
        <ele>123.0</ele>
        <time>2025-04-12T15:16:48Z</time>
      </trkpt>
      <trkpt lat="-32.842708" lon="-71.44439">
        <ele>122.7</ele>
        <time>2025-04-12T15:16:50Z</time>
      </trkpt>
      <trkpt lat="-32.843042" lon="-71.444676">
        <ele>121.7</ele>
        <time>2025-04-12T15:16:52Z</time>
      </trkpt>
      <trkpt lat="-32.843345" lon="-71.444929">
        <ele>119.9</ele>
        <time>2025-04-12T15:16:54Z</time>
      </trkpt>
      <trkpt lat="-32.843634" lon="-71.445131">
        <ele>117.6</ele>
        <time>2025-04-12T15:16:55Z</time>
      </trkpt>
      <trkpt lat="-32.84391" lon="-71.445306">
        <ele>115.6</ele>
        <time>2025-04-12T15:16:57Z</time>
      </trkpt>
      <trkpt lat="-32.844184" lon="-71.445476">
        <ele>113.9</ele>
        <time>2025-04-12T15:16:59Z</time>
      </trkpt>
      <trkpt lat="-32.844484" lon="-71.445626">
        <ele>112.6</ele>
        <time>2025-04-12T15:17:01Z</time>
      </trkpt>
      <trkpt lat="-32.844845" lon="-71.445801">
        <ele>111.9</ele>
        <time>2025-04-12T15:17:03Z</time>
      </trkpt>
      <trkpt lat="-32.845244" lon="-71.445991">
        <ele>112.2</ele>
        <time>2025-04-12T15:17:05Z</time>
      </trkpt>
      <trkpt lat="-32.845685" lon="-71.446194">
        <ele>113.1</ele>
        <time>2025-04-12T15:17:07Z</time>
      </trkpt>
      <trkpt lat="-32.846127" lon="-71.446403">
        <ele>113.4</ele>
        <time>2025-04-12T15:17:09Z</time>
      </trkpt>
      <trkpt lat="-32.846573" lon="-71.44664">
        <ele>112.8</ele>
        <time>2025-04-12T15:17:11Z</time>
      </trkpt>
      <trkpt lat="-32.847022" lon="-71.446896">
        <ele>111.5</ele>
        <time>2025-04-12T15:17:14Z</time>
      </trkpt>
      <trkpt lat="-32.847426" lon="-71.44714">
        <ele>109.2</ele>
        <time>2025-04-12T15:17:16Z</time>
      </trkpt>
      <trkpt lat="-32.847807" lon="-71.447382">
        <ele>106.3</ele>
        <time>2025-04-12T15:17:18Z</time>
      </trkpt>
      <trkpt lat="-32.848181" lon="-71.44761">
        <ele>103.9</ele>
        <time>2025-04-12T15:17:20Z</time>
      </trkpt>
      <trkpt lat="-32.848534" lon="-71.447831">
        <ele>103.0</ele>
        <time>2025-04-12T15:17:22Z</time>
      </trkpt>
      <trkpt lat="-32.848876" lon="-71.44804">
        <ele>101.2</ele>
        <time>2025-04-12T15:17:24Z</time>
      </trkpt>
      <trkpt lat="-32.849229" lon="-71.448212">
        <ele>99.2</ele>
        <time>2025-04-12T15:17:26Z</time>
      </trkpt>
      <trkpt lat="-32.849629" lon="-71.44829">
        <ele>97.1</ele>
        <time>2025-04-12T15:17:28Z</time>
      </trkpt>
      <trkpt lat="-32.850021" lon="-71.448238">
        <ele>95.8</ele>
        <time>2025-04-12T15:17:30Z</time>
      </trkpt>
      <trkpt lat="-32.850418" lon="-71.4481">
        <ele>95.2</ele>
        <time>2025-04-12T15:17:32Z</time>
      </trkpt>
      <trkpt lat="-32.850789" lon="-71.447908">
        <ele>95.0</ele>
        <time>2025-04-12T15:17:34Z</time>
      </trkpt>
      <trkpt lat="-32.851054" lon="-71.447802">
        <ele>94.5</ele>
        <time>2025-04-12T15:17:36Z</time>
      </trkpt>
      <trkpt lat="-32.851334" lon="-71.447721">
        <ele>93.8</ele>
        <time>2025-04-12T15:17:38Z</time>
      </trkpt>
      <trkpt lat="-32.851634" lon="-71.44773">
        <ele>93.5</ele>
        <time>2025-04-12T15:17:40Z</time>
      </trkpt>
      <trkpt lat="-32.851937" lon="-71.447809">
        <ele>93.4</ele>
        <time>2025-04-12T15:17:42Z</time>
      </trkpt>
      <trkpt lat="-32.852216" lon="-71.447882">
        <ele>92.9</ele>
        <time>2025-04-12T15:17:44Z</time>
      </trkpt>
      <trkpt lat="-32.852454" lon="-71.447992">
        <ele>92.0</ele>
        <time>2025-04-12T15:17:46Z</time>
      </trkpt>
      <trkpt lat="-32.852683" lon="-71.448193">
        <ele>91.2</ele>
        <time>2025-04-12T15:17:48Z</time>
      </trkpt>
      <trkpt lat="-32.852873" lon="-71.44847">
        <ele>90.4</ele>
        <time>2025-04-12T15:17:50Z</time>
      </trkpt>
      <trkpt lat="-32.853103" lon="-71.448701">
        <ele>89.1</ele>
        <time>2025-04-12T15:17:52Z</time>
      </trkpt>
      <trkpt lat="-32.8534" lon="-71.448867">
        <ele>88.2</ele>
        <time>2025-04-12T15:17:54Z</time>
      </trkpt>
      <trkpt lat="-32.853684" lon="-71.449006">
        <ele>85.8</ele>
        <time>2025-04-12T15:17:56Z</time>
      </trkpt>
      <trkpt lat="-32.853946" lon="-71.449231">
        <ele>82.8</ele>
        <time>2025-04-12T15:17:58Z</time>
      </trkpt>
      <trkpt lat="-32.854128" lon="-71.449562">
        <ele>79.7</ele>
        <time>2025-04-12T15:18:00Z</time>
      </trkpt>
      <trkpt lat="-32.854235" lon="-71.449969">
        <ele>76.5</ele>
        <time>2025-04-12T15:18:02Z</time>
      </trkpt>
      <trkpt lat="-32.854319" lon="-71.450404">
        <ele>73.1</ele>
        <time>2025-04-12T15:18:04Z</time>
      </trkpt>
      <trkpt lat="-32.854477" lon="-71.450808">
        <ele>69.4</ele>
        <time>2025-04-12T15:18:06Z</time>
      </trkpt>
      <trkpt lat="-32.854768" lon="-71.451123">
        <ele>65.8</ele>
        <time>2025-04-12T15:18:08Z</time>
      </trkpt>
      <trkpt lat="-32.855144" lon="-71.451352">
        <ele>62.9</ele>
        <time>2025-04-12T15:18:10Z</time>
      </trkpt>
      <trkpt lat="-32.855494" lon="-71.451606">
        <ele>60.6</ele>
        <time>2025-04-12T15:18:12Z</time>
      </trkpt>
      <trkpt lat="-32.855837" lon="-71.451962">
        <ele>59.7</ele>
        <time>2025-04-12T15:18:14Z</time>
      </trkpt>
      <trkpt lat="-32.856097" lon="-71.452352">
        <ele>58.6</ele>
        <time>2025-04-12T15:18:16Z</time>
      </trkpt>
      <trkpt lat="-32.856387" lon="-71.452675">
        <ele>57.0</ele>
        <time>2025-04-12T15:18:18Z</time>
      </trkpt>
      <trkpt lat="-32.856743" lon="-71.452915">
        <ele>55.7</ele>
        <time>2025-04-12T15:18:20Z</time>
      </trkpt>
      <trkpt lat="-32.857089" lon="-71.453099">
        <ele>55.3</ele>
        <time>2025-04-12T15:18:22Z</time>
      </trkpt>
      <trkpt lat="-32.857441" lon="-71.453316">
        <ele>55.5</ele>
        <time>2025-04-12T15:18:24Z</time>
      </trkpt>
      <trkpt lat="-32.857738" lon="-71.45364">
        <ele>55.9</ele>
        <time>2025-04-12T15:18:26Z</time>
      </trkpt>
      <trkpt lat="-32.857992" lon="-71.453975">
        <ele>56.0</ele>
        <time>2025-04-12T15:18:28Z</time>
      </trkpt>
      <trkpt lat="-32.858281" lon="-71.454237">
        <ele>55.4</ele>
        <time>2025-04-12T15:18:30Z</time>
      </trkpt>
      <trkpt lat="-32.858608" lon="-71.45445">
        <ele>53.9</ele>
        <time>2025-04-12T15:18:32Z</time>
      </trkpt>
      <trkpt lat="-32.858916" lon="-71.454626">
        <ele>52.3</ele>
        <time>2025-04-12T15:18:34Z</time>
      </trkpt>
      <trkpt lat="-32.859229" lon="-71.454696">
        <ele>50.0</ele>
        <time>2025-04-12T15:18:36Z</time>
      </trkpt>
      <trkpt lat="-32.85953" lon="-71.454654">
        <ele>47.2</ele>
        <time>2025-04-12T15:18:38Z</time>
      </trkpt>
      <trkpt lat="-32.859797" lon="-71.454535">
        <ele>44.3</ele>
        <time>2025-04-12T15:18:40Z</time>
      </trkpt>
      <trkpt lat="-32.860053" lon="-71.454435">
        <ele>41.3</ele>
        <time>2025-04-12T15:18:42Z</time>
      </trkpt>
      <trkpt lat="-32.860339" lon="-71.454438">
        <ele>38.0</ele>
        <time>2025-04-12T15:18:44Z</time>
      </trkpt>
      <trkpt lat="-32.860626" lon="-71.454523">
        <ele>35.7</ele>
        <time>2025-04-12T15:18:46Z</time>
      </trkpt>
      <trkpt lat="-32.860934" lon="-71.454721">
        <ele>35.0</ele>
        <time>2025-04-12T15:18:48Z</time>
      </trkpt>
      <trkpt lat="-32.861222" lon="-71.455046">
        <ele>35.0</ele>
        <time>2025-04-12T15:18:50Z</time>
      </trkpt>
      <trkpt lat="-32.861475" lon="-71.455384">
        <ele>35.2</ele>
        <time>2025-04-12T15:18:51Z</time>
      </trkpt>
      <trkpt lat="-32.861654" lon="-71.455753">
        <ele>34.9</ele>
        <time>2025-04-12T15:18:53Z</time>
      </trkpt>
      <trkpt lat="-32.861766" lon="-71.456138">
        <ele>34.8</ele>
        <time>2025-04-12T15:18:55Z</time>
      </trkpt>
      <trkpt lat="-32.861838" lon="-71.456503">
        <ele>34.1</ele>
        <time>2025-04-12T15:18:57Z</time>
      </trkpt>
      <trkpt lat="-32.861902" lon="-71.456847">
        <ele>33.7</ele>
        <time>2025-04-12T15:18:59Z</time>
      </trkpt>
      <trkpt lat="-32.862037" lon="-71.457142">
        <ele>33.6</ele>
        <time>2025-04-12T15:19:01Z</time>
      </trkpt>
      <trkpt lat="-32.862241" lon="-71.457374">
        <ele>34.3</ele>
        <time>2025-04-12T15:19:03Z</time>
      </trkpt>
      <trkpt lat="-32.862524" lon="-71.45752">
        <ele>36.3</ele>
        <time>2025-04-12T15:19:05Z</time>
      </trkpt>
      <trkpt lat="-32.862853" lon="-71.457594">
        <ele>39.2</ele>
        <time>2025-04-12T15:19:07Z</time>
      </trkpt>
      <trkpt lat="-32.863247" lon="-71.457595">
        <ele>42.2</ele>
        <time>2025-04-12T15:19:09Z</time>
      </trkpt>
      <trkpt lat="-32.863681" lon="-71.457579">
        <ele>45.2</ele>
        <time>2025-04-12T15:19:11Z</time>
      </trkpt>
      <trkpt lat="-32.864096" lon="-71.457555">
        <ele>47.6</ele>
        <time>2025-04-12T15:19:13Z</time>
      </trkpt>
      <trkpt lat="-32.864433" lon="-71.457518">
        <ele>50.3</ele>
        <time>2025-04-12T15:19:15Z</time>
      </trkpt>
      <trkpt lat="-32.864774" lon="-71.457476">
        <ele>53.1</ele>
        <time>2025-04-12T15:19:17Z</time>
      </trkpt>
      <trkpt lat="-32.865123" lon="-71.457435">
        <ele>56.4</ele>
        <time>2025-04-12T15:19:20Z</time>
      </trkpt>
      <trkpt lat="-32.865499" lon="-71.457416">
        <ele>59.5</ele>
        <time>2025-04-12T15:19:22Z</time>
      </trkpt>
      <trkpt lat="-32.865891" lon="-71.45749">
        <ele>62.4</ele>
        <time>2025-04-12T15:19:24Z</time>
      </trkpt>
      <trkpt lat="-32.86631" lon="-71.457574">
        <ele>65.4</ele>
        <time>2025-04-12T15:19:26Z</time>
      </trkpt>
      <trkpt lat="-32.866721" lon="-71.457624">
        <ele>66.5</ele>
        <time>2025-04-12T15:19:28Z</time>
      </trkpt>
      <trkpt lat="-32.867149" lon="-71.457645">
        <ele>68.4</ele>
        <time>2025-04-12T15:19:30Z</time>
      </trkpt>
      <trkpt lat="-32.867596" lon="-71.457671">
        <ele>69.5</ele>
        <time>2025-04-12T15:19:32Z</time>
      </trkpt>
      <trkpt lat="-32.86806" lon="-71.457689">
        <ele>71.1</ele>
        <time>2025-04-12T15:19:34Z</time>
      </trkpt>
      <trkpt lat="-32.868532" lon="-71.457712">
        <ele>72.4</ele>
        <time>2025-04-12T15:19:36Z</time>
      </trkpt>
      <trkpt lat="-32.869006" lon="-71.457707">
        <ele>73.9</ele>
        <time>2025-04-12T15:19:38Z</time>
      </trkpt>
      <trkpt lat="-32.869406" lon="-71.457687">
        <ele>75.2</ele>
        <time>2025-04-12T15:19:40Z</time>
      </trkpt>
      <trkpt lat="-32.86978" lon="-71.457658">
        <ele>76.8</ele>
        <time>2025-04-12T15:19:42Z</time>
      </trkpt>
      <trkpt lat="-32.87015" lon="-71.457634">
        <ele>79.5</ele>
        <time>2025-04-12T15:19:44Z</time>
      </trkpt>
      <trkpt lat="-32.870519" lon="-71.457613">
        <ele>83.2</ele>
        <time>2025-04-12T15:19:46Z</time>
      </trkpt>
      <trkpt lat="-32.870837" lon="-71.457587">
        <ele>86.9</ele>
        <time>2025-04-12T15:19:48Z</time>
      </trkpt>
      <trkpt lat="-32.871108" lon="-71.457572">
        <ele>89.9</ele>
        <time>2025-04-12T15:19:50Z</time>
      </trkpt>
      <trkpt lat="-32.871316" lon="-71.457554">
        <ele>92.4</ele>
        <time>2025-04-12T15:19:52Z</time>
      </trkpt>
      <trkpt lat="-32.87148" lon="-71.457544">
        <ele>94.6</ele>
        <time>2025-04-12T15:19:54Z</time>
      </trkpt>
      <trkpt lat="-32.871595" lon="-71.457534">
        <ele>96.2</ele>
        <time>2025-04-12T15:19:56Z</time>
      </trkpt>
      <trkpt lat="-32.871688" lon="-71.457518">
        <ele>97.5</ele>
        <time>2025-04-12T15:19:58Z</time>
      </trkpt>
      <trkpt lat="-32.871799" lon="-71.457504">
        <ele>98.1</ele>
        <time>2025-04-12T15:20:00Z</time>
      </trkpt>
      <trkpt lat="-32.871923" lon="-71.457486">
        <ele>99.3</ele>
        <time>2025-04-12T15:20:02Z</time>
      </trkpt>
      <trkpt lat="-32.872085" lon="-71.457464">
        <ele>100.5</ele>
        <time>2025-04-12T15:20:04Z</time>
      </trkpt>
      <trkpt lat="-32.872274" lon="-71.457435">
        <ele>101.9</ele>
        <time>2025-04-12T15:20:06Z</time>
      </trkpt>
      <trkpt lat="-32.8725" lon="-71.457396">
        <ele>103.3</ele>
        <time>2025-04-12T15:20:08Z</time>
      </trkpt>
      <trkpt lat="-32.872741" lon="-71.457349">
        <ele>104.6</ele>
        <time>2025-04-12T15:20:10Z</time>
      </trkpt>
      <trkpt lat="-32.872938" lon="-71.457305">
        <ele>105.6</ele>
        <time>2025-04-12T15:20:12Z</time>
      </trkpt>
      <trkpt lat="-32.873087" lon="-71.457284">
        <ele>106.4</ele>
        <time>2025-04-12T15:20:14Z</time>
      </trkpt>
      <trkpt lat="-32.873216" lon="-71.457246">
        <ele>106.7</ele>
        <time>2025-04-12T15:20:16Z</time>
      </trkpt>
      <trkpt lat="-32.87332" lon="-71.457227">
        <ele>106.8</ele>
        <time>2025-04-12T15:20:18Z</time>
      </trkpt>
      <trkpt lat="-32.873466" lon="-71.457198">
        <ele>107.1</ele>
        <time>2025-04-12T15:20:20Z</time>
      </trkpt>
      <trkpt lat="-32.873653" lon="-71.457162">
        <ele>107.7</ele>
        <time>2025-04-12T15:20:22Z</time>
      </trkpt>
      <trkpt lat="-32.873874" lon="-71.457121">
        <ele>108.5</ele>
        <time>2025-04-12T15:20:24Z</time>
      </trkpt>
      <trkpt lat="-32.874136" lon="-71.457065">
        <ele>109.6</ele>
        <time>2025-04-12T15:20:26Z</time>
      </trkpt>
      <trkpt lat="-32.874436" lon="-71.456933">
        <ele>111.0</ele>
        <time>2025-04-12T15:20:28Z</time>
      </trkpt>
      <trkpt lat="-32.874767" lon="-71.45668">
        <ele>112.3</ele>
        <time>2025-04-12T15:20:30Z</time>
      </trkpt>
      <trkpt lat="-32.875061" lon="-71.456421">
        <ele>112.7</ele>
        <time>2025-04-12T15:20:32Z</time>
      </trkpt>
      <trkpt lat="-32.875327" lon="-71.45618">
        <ele>112.7</ele>
        <time>2025-04-12T15:20:34Z</time>
      </trkpt>
      <trkpt lat="-32.875561" lon="-71.455977">
        <ele>112.4</ele>
        <time>2025-04-12T15:20:36Z</time>
      </trkpt>
      <trkpt lat="-32.875793" lon="-71.455804">
        <ele>112.4</ele>
        <time>2025-04-12T15:20:38Z</time>
      </trkpt>
      <trkpt lat="-32.876019" lon="-71.455643">
        <ele>112.8</ele>
        <time>2025-04-12T15:20:40Z</time>
      </trkpt>
      <trkpt lat="-32.876228" lon="-71.455516">
        <ele>113.2</ele>
        <time>2025-04-12T15:20:42Z</time>
      </trkpt>
      <trkpt lat="-32.876422" lon="-71.455422">
        <ele>113.1</ele>
        <time>2025-04-12T15:20:43Z</time>
      </trkpt>
      <trkpt lat="-32.876581" lon="-71.455371">
        <ele>112.6</ele>
        <time>2025-04-12T15:20:45Z</time>
      </trkpt>
      <trkpt lat="-32.876724" lon="-71.455337">
        <ele>112.1</ele>
        <time>2025-04-12T15:20:47Z</time>
      </trkpt>
      <trkpt lat="-32.876914" lon="-71.455286">
        <ele>112.3</ele>
        <time>2025-04-12T15:20:49Z</time>
      </trkpt>
      <trkpt lat="-32.877168" lon="-71.455219">
        <ele>113.5</ele>
        <time>2025-04-12T15:20:51Z</time>
      </trkpt>
      <trkpt lat="-32.877464" lon="-71.455143">
        <ele>115.6</ele>
        <time>2025-04-12T15:20:53Z</time>
      </trkpt>
      <trkpt lat="-32.877775" lon="-71.455025">
        <ele>117.7</ele>
        <time>2025-04-12T15:20:55Z</time>
      </trkpt>
      <trkpt lat="-32.878106" lon="-71.454943">
        <ele>119.6</ele>
        <time>2025-04-12T15:20:57Z</time>
      </trkpt>
      <trkpt lat="-32.878452" lon="-71.45499">
        <ele>121.1</ele>
        <time>2025-04-12T15:20:59Z</time>
      </trkpt>
      <trkpt lat="-32.878809" lon="-71.455092">
        <ele>122.2</ele>
        <time>2025-04-12T15:21:01Z</time>
      </trkpt>
      <trkpt lat="-32.87921" lon="-71.455092">
        <ele>122.7</ele>
        <time>2025-04-12T15:21:03Z</time>
      </trkpt>
      <trkpt lat="-32.879639" lon="-71.454974">
        <ele>123.6</ele>
        <time>2025-04-12T15:21:05Z</time>
      </trkpt>
      <trkpt lat="-32.880069" lon="-71.454855">
        <ele>124.8</ele>
        <time>2025-04-12T15:21:07Z</time>
      </trkpt>
      <trkpt lat="-32.880528" lon="-71.454817">
        <ele>126.3</ele>
        <time>2025-04-12T15:21:09Z</time>
      </trkpt>
      <trkpt lat="-32.880983" lon="-71.454825">
        <ele>128.1</ele>
        <time>2025-04-12T15:21:11Z</time>
      </trkpt>
      <trkpt lat="-32.881417" lon="-71.454811">
        <ele>129.3</ele>
        <time>2025-04-12T15:21:13Z</time>
      </trkpt>
      <trkpt lat="-32.881833" lon="-71.454814">
        <ele>129.9</ele>
        <time>2025-04-12T15:21:15Z</time>
      </trkpt>
      <trkpt lat="-32.882264" lon="-71.454724">
        <ele>130.0</ele>
        <time>2025-04-12T15:21:17Z</time>
      </trkpt>
      <trkpt lat="-32.88267" lon="-71.454493">
        <ele>130.2</ele>
        <time>2025-04-12T15:21:19Z</time>
      </trkpt>
      <trkpt lat="-32.883078" lon="-71.454263">
        <ele>129.8</ele>
        <time>2025-04-12T15:21:21Z</time>
      </trkpt>
      <trkpt lat="-32.883442" lon="-71.45404">
        <ele>129.2</ele>
        <time>2025-04-12T15:21:23Z</time>
      </trkpt>
      <trkpt lat="-32.883813" lon="-71.453792">
        <ele>129.2</ele>
        <time>2025-04-12T15:21:26Z</time>
      </trkpt>
      <trkpt lat="-32.884124" lon="-71.453611">
        <ele>130.6</ele>
        <time>2025-04-12T15:21:28Z</time>
      </trkpt>
      <trkpt lat="-32.884508" lon="-71.453508">
        <ele>131.4</ele>
        <time>2025-04-12T15:21:30Z</time>
      </trkpt>
      <trkpt lat="-32.884908" lon="-71.453474">
        <ele>131.6</ele>
        <time>2025-04-12T15:21:32Z</time>
      </trkpt>
      <trkpt lat="-32.885298" lon="-71.453462">
        <ele>131.4</ele>
        <time>2025-04-12T15:21:34Z</time>
      </trkpt>
      <trkpt lat="-32.885679" lon="-71.453452">
        <ele>131.6</ele>
        <time>2025-04-12T15:21:36Z</time>
      </trkpt>
      <trkpt lat="-32.886074" lon="-71.453451">
        <ele>132.6</ele>
        <time>2025-04-12T15:21:38Z</time>
      </trkpt>
      <trkpt lat="-32.886477" lon="-71.453422">
        <ele>135.2</ele>
        <time>2025-04-12T15:21:40Z</time>
      </trkpt>
      <trkpt lat="-32.886862" lon="-71.453349">
        <ele>138.2</ele>
        <time>2025-04-12T15:21:42Z</time>
      </trkpt>
      <trkpt lat="-32.887239" lon="-71.453207">
        <ele>141.4</ele>
        <time>2025-04-12T15:21:44Z</time>
      </trkpt>
      <trkpt lat="-32.887618" lon="-71.452997">
        <ele>144.6</ele>
        <time>2025-04-12T15:21:46Z</time>
      </trkpt>
      <trkpt lat="-32.88795" lon="-71.452812">
        <ele>147.2</ele>
        <time>2025-04-12T15:21:48Z</time>
      </trkpt>
      <trkpt lat="-32.888237" lon="-71.452641">
        <ele>149.4</ele>
        <time>2025-04-12T15:21:50Z</time>
      </trkpt>
      <trkpt lat="-32.88851" lon="-71.452509">
        <ele>151.5</ele>
        <time>2025-04-12T15:21:52Z</time>
      </trkpt>
      <trkpt lat="-32.888798" lon="-71.452434">
        <ele>153.8</ele>
        <time>2025-04-12T15:21:54Z</time>
      </trkpt>
      <trkpt lat="-32.889104" lon="-71.452425">
        <ele>156.2</ele>
        <time>2025-04-12T15:21:56Z</time>
      </trkpt>
      <trkpt lat="-32.889401" lon="-71.452489">
        <ele>158.6</ele>
        <time>2025-04-12T15:21:58Z</time>
      </trkpt>
      <trkpt lat="-32.88968" lon="-71.452566">
        <ele>160.5</ele>
        <time>2025-04-12T15:22:00Z</time>
      </trkpt>
      <trkpt lat="-32.889914" lon="-71.45263">
        <ele>161.4</ele>
        <time>2025-04-12T15:22:02Z</time>
      </trkpt>
      <trkpt lat="-32.89011" lon="-71.452683">
        <ele>161.5</ele>
        <time>2025-04-12T15:22:04Z</time>
      </trkpt>
      <trkpt lat="-32.890328" lon="-71.452695">
        <ele>161.5</ele>
        <time>2025-04-12T15:22:06Z</time>
      </trkpt>
      <trkpt lat="-32.8906" lon="-71.452669">
        <ele>161.8</ele>
        <time>2025-04-12T15:22:08Z</time>
      </trkpt>
      <trkpt lat="-32.890911" lon="-71.452604">
        <ele>162.5</ele>
        <time>2025-04-12T15:22:10Z</time>
      </trkpt>
      <trkpt lat="-32.891278" lon="-71.452516">
        <ele>163.2</ele>
        <time>2025-04-12T15:22:12Z</time>
      </trkpt>
      <trkpt lat="-32.891684" lon="-71.452418">
        <ele>164.2</ele>
        <time>2025-04-12T15:22:14Z</time>
      </trkpt>
      <trkpt lat="-32.892058" lon="-71.452324">
        <ele>164.5</ele>
        <time>2025-04-12T15:22:16Z</time>
      </trkpt>
      <trkpt lat="-32.892404" lon="-71.452243">
        <ele>163.8</ele>
        <time>2025-04-12T15:22:18Z</time>
      </trkpt>
      <trkpt lat="-32.892696" lon="-71.452167">
        <ele>162.5</ele>
        <time>2025-04-12T15:22:20Z</time>
      </trkpt>
      <trkpt lat="-32.893013" lon="-71.452109">
        <ele>161.5</ele>
        <time>2025-04-12T15:22:22Z</time>
      </trkpt>
      <trkpt lat="-32.893376" lon="-71.452034">
        <ele>161.4</ele>
        <time>2025-04-12T15:22:24Z</time>
      </trkpt>
      <trkpt lat="-32.893789" lon="-71.45193">
        <ele>162.1</ele>
        <time>2025-04-12T15:22:26Z</time>
      </trkpt>
      <trkpt lat="-32.894225" lon="-71.451793">
        <ele>163.1</ele>
        <time>2025-04-12T15:22:28Z</time>
      </trkpt>
      <trkpt lat="-32.89461" lon="-71.451599">
        <ele>162.8</ele>
        <time>2025-04-12T15:22:30Z</time>
      </trkpt>
      <trkpt lat="-32.894954" lon="-71.451389">
        <ele>160.9</ele>
        <time>2025-04-12T15:22:32Z</time>
      </trkpt>
      <trkpt lat="-32.8953" lon="-71.45117">
        <ele>158.8</ele>
        <time>2025-04-12T15:22:34Z</time>
      </trkpt>
      <trkpt lat="-32.895646" lon="-71.450931">
        <ele>156.3</ele>
        <time>2025-04-12T15:22:36Z</time>
      </trkpt>
      <trkpt lat="-32.895992" lon="-71.450703">
        <ele>154.8</ele>
        <time>2025-04-12T15:22:38Z</time>
      </trkpt>
      <trkpt lat="-32.896343" lon="-71.4505">
        <ele>151.0</ele>
        <time>2025-04-12T15:22:40Z</time>
      </trkpt>
      <trkpt lat="-32.89668" lon="-71.450325">
        <ele>147.2</ele>
        <time>2025-04-12T15:22:42Z</time>
      </trkpt>
      <trkpt lat="-32.897002" lon="-71.450108">
        <ele>143.8</ele>
        <time>2025-04-12T15:22:44Z</time>
      </trkpt>
      <trkpt lat="-32.897325" lon="-71.449888">
        <ele>140.5</ele>
        <time>2025-04-12T15:22:46Z</time>
      </trkpt>
      <trkpt lat="-32.897667" lon="-71.449634">
        <ele>137.3</ele>
        <time>2025-04-12T15:22:48Z</time>
      </trkpt>
      <trkpt lat="-32.898053" lon="-71.449349">
        <ele>135.4</ele>
        <time>2025-04-12T15:22:50Z</time>
      </trkpt>
      <trkpt lat="-32.89847" lon="-71.449028">
        <ele>135.5</ele>
        <time>2025-04-12T15:22:52Z</time>
      </trkpt>
      <trkpt lat="-32.898902" lon="-71.448691">
        <ele>136.7</ele>
        <time>2025-04-12T15:22:54Z</time>
      </trkpt>
      <trkpt lat="-32.899277" lon="-71.448406">
        <ele>136.3</ele>
        <time>2025-04-12T15:22:56Z</time>
      </trkpt>
      <trkpt lat="-32.899635" lon="-71.448121">
        <ele>136.0</ele>
        <time>2025-04-12T15:22:57Z</time>
      </trkpt>
      <trkpt lat="-32.899956" lon="-71.447857">
        <ele>136.8</ele>
        <time>2025-04-12T15:22:59Z</time>
      </trkpt>
      <trkpt lat="-32.90026" lon="-71.447579">
        <ele>137.9</ele>
        <time>2025-04-12T15:23:01Z</time>
      </trkpt>
      <trkpt lat="-32.900536" lon="-71.447207">
        <ele>137.4</ele>
        <time>2025-04-12T15:23:03Z</time>
      </trkpt>
      <trkpt lat="-32.90079" lon="-71.446798">
        <ele>136.5</ele>
        <time>2025-04-12T15:23:05Z</time>
      </trkpt>
      <trkpt lat="-32.901094" lon="-71.446432">
        <ele>135.4</ele>
        <time>2025-04-12T15:23:07Z</time>
      </trkpt>
      <trkpt lat="-32.901454" lon="-71.446131">
        <ele>134.9</ele>
        <time>2025-04-12T15:23:09Z</time>
      </trkpt>
      <trkpt lat="-32.901862" lon="-71.445895">
        <ele>134.5</ele>
        <time>2025-04-12T15:23:11Z</time>
      </trkpt>
      <trkpt lat="-32.902316" lon="-71.445658">
        <ele>135.3</ele>
        <time>2025-04-12T15:23:13Z</time>
      </trkpt>
      <trkpt lat="-32.902769" lon="-71.445425">
        <ele>137.2</ele>
        <time>2025-04-12T15:23:15Z</time>
      </trkpt>
      <trkpt lat="-32.903197" lon="-71.445191">
        <ele>138.5</ele>
        <time>2025-04-12T15:23:17Z</time>
      </trkpt>
      <trkpt lat="-32.903622" lon="-71.444975">
        <ele>139.2</ele>
        <time>2025-04-12T15:23:19Z</time>
      </trkpt>
      <trkpt lat="-32.904026" lon="-71.444772">
        <ele>139.5</ele>
        <time>2025-04-12T15:23:21Z</time>
      </trkpt>
      <trkpt lat="-32.904401" lon="-71.444581">
        <ele>139.0</ele>
        <time>2025-04-12T15:23:23Z</time>
      </trkpt>
      <trkpt lat="-32.90476" lon="-71.444339">
        <ele>138.3</ele>
        <time>2025-04-12T15:23:25Z</time>
      </trkpt>
      <trkpt lat="-32.905082" lon="-71.443992">
        <ele>138.4</ele>
        <time>2025-04-12T15:23:27Z</time>
      </trkpt>
      <trkpt lat="-32.905316" lon="-71.443546">
        <ele>138.7</ele>
        <time>2025-04-12T15:23:29Z</time>
      </trkpt>
      <trkpt lat="-32.905515" lon="-71.443061">
        <ele>138.9</ele>
        <time>2025-04-12T15:23:32Z</time>
      </trkpt>
      <trkpt lat="-32.905696" lon="-71.442611">
        <ele>138.5</ele>
        <time>2025-04-12T15:23:34Z</time>
      </trkpt>
      <trkpt lat="-32.905878" lon="-71.442217">
        <ele>137.4</ele>
        <time>2025-04-12T15:23:36Z</time>
      </trkpt>
      <trkpt lat="-32.90605" lon="-71.441826">
        <ele>136.2</ele>
        <time>2025-04-12T15:23:38Z</time>
      </trkpt>
      <trkpt lat="-32.90621" lon="-71.44143">
        <ele>135.5</ele>
        <time>2025-04-12T15:23:40Z</time>
      </trkpt>
      <trkpt lat="-32.906378" lon="-71.441031">
        <ele>135.1</ele>
        <time>2025-04-12T15:23:42Z</time>
      </trkpt>
      <trkpt lat="-32.906551" lon="-71.440627">
        <ele>134.2</ele>
        <time>2025-04-12T15:23:44Z</time>
      </trkpt>
      <trkpt lat="-32.906707" lon="-71.440249">
        <ele>132.4</ele>
        <time>2025-04-12T15:23:46Z</time>
      </trkpt>
      <trkpt lat="-32.906877" lon="-71.439916">
        <ele>130.0</ele>
        <time>2025-04-12T15:23:48Z</time>
      </trkpt>
      <trkpt lat="-32.907081" lon="-71.439654">
        <ele>127.4</ele>
        <time>2025-04-12T15:23:50Z</time>
      </trkpt>
      <trkpt lat="-32.907303" lon="-71.439453">
        <ele>124.4</ele>
        <time>2025-04-12T15:23:52Z</time>
      </trkpt>
      <trkpt lat="-32.907542" lon="-71.439295">
        <ele>121.5</ele>
        <time>2025-04-12T15:23:54Z</time>
      </trkpt>
      <trkpt lat="-32.907793" lon="-71.439175">
        <ele>118.6</ele>
        <time>2025-04-12T15:23:56Z</time>
      </trkpt>
      <trkpt lat="-32.90809" lon="-71.4391">
        <ele>116.5</ele>
        <time>2025-04-12T15:23:58Z</time>
      </trkpt>
      <trkpt lat="-32.908383" lon="-71.4391">
        <ele>114.4</ele>
        <time>2025-04-12T15:24:00Z</time>
      </trkpt>
      <trkpt lat="-32.908668" lon="-71.43915">
        <ele>111.9</ele>
        <time>2025-04-12T15:24:02Z</time>
      </trkpt>
      <trkpt lat="-32.908952" lon="-71.439257">
        <ele>109.3</ele>
        <time>2025-04-12T15:24:04Z</time>
      </trkpt>
      <trkpt lat="-32.9092" lon="-71.439412">
        <ele>106.6</ele>
        <time>2025-04-12T15:24:06Z</time>
      </trkpt>
      <trkpt lat="-32.909424" lon="-71.439603">
        <ele>104.2</ele>
        <time>2025-04-12T15:24:08Z</time>
      </trkpt>
      <trkpt lat="-32.90962" lon="-71.439837">
        <ele>102.0</ele>
        <time>2025-04-12T15:24:10Z</time>
      </trkpt>
      <trkpt lat="-32.909782" lon="-71.440081">
        <ele>99.9</ele>
        <time>2025-04-12T15:24:12Z</time>
      </trkpt>
      <trkpt lat="-32.909927" lon="-71.440335">
        <ele>98.9</ele>
        <time>2025-04-12T15:24:14Z</time>
      </trkpt>
      <trkpt lat="-32.910097" lon="-71.44059">
        <ele>97.3</ele>
        <time>2025-04-12T15:24:16Z</time>
      </trkpt>
      <trkpt lat="-32.910296" lon="-71.440817">
        <ele>96.4</ele>
        <time>2025-04-12T15:24:18Z</time>
      </trkpt>
      <trkpt lat="-32.910536" lon="-71.440949">
        <ele>95.2</ele>
        <time>2025-04-12T15:24:20Z</time>
      </trkpt>
      <trkpt lat="-32.910791" lon="-71.44105">
        <ele>93.5</ele>
        <time>2025-04-12T15:24:22Z</time>
      </trkpt>
      <trkpt lat="-32.911048" lon="-71.44115">
        <ele>91.8</ele>
        <time>2025-04-12T15:24:24Z</time>
      </trkpt>
      <trkpt lat="-32.911287" lon="-71.441245">
        <ele>90.0</ele>
        <time>2025-04-12T15:24:26Z</time>
      </trkpt>
      <trkpt lat="-32.91153" lon="-71.441336">
        <ele>87.8</ele>
        <time>2025-04-12T15:24:28Z</time>
      </trkpt>
      <trkpt lat="-32.911791" lon="-71.441387">
        <ele>85.5</ele>
        <time>2025-04-12T15:24:30Z</time>
      </trkpt>
      <trkpt lat="-32.91206" lon="-71.441346">
        <ele>83.4</ele>
        <time>2025-04-12T15:24:32Z</time>
      </trkpt>
      <trkpt lat="-32.912284" lon="-71.441219">
        <ele>81.3</ele>
        <time>2025-04-12T15:24:34Z</time>
      </trkpt>
      <trkpt lat="-32.912459" lon="-71.441061">
        <ele>79.5</ele>
        <time>2025-04-12T15:24:36Z</time>
      </trkpt>
      <trkpt lat="-32.912606" lon="-71.440902">
        <ele>78.1</ele>
        <time>2025-04-12T15:24:38Z</time>
      </trkpt>
      <trkpt lat="-32.912749" lon="-71.440757">
        <ele>77.0</ele>
        <time>2025-04-12T15:24:40Z</time>
      </trkpt>
      <trkpt lat="-32.912886" lon="-71.440582">
        <ele>75.9</ele>
        <time>2025-04-12T15:24:42Z</time>
      </trkpt>
      <trkpt lat="-32.913002" lon="-71.440379">
        <ele>74.9</ele>
        <time>2025-04-12T15:24:44Z</time>
      </trkpt>
      <trkpt lat="-32.913091" lon="-71.440161">
        <ele>74.5</ele>
        <time>2025-04-12T15:24:46Z</time>
      </trkpt>
      <trkpt lat="-32.913152" lon="-71.439953">
        <ele>73.7</ele>
        <time>2025-04-12T15:24:48Z</time>
      </trkpt>
      <trkpt lat="-32.913205" lon="-71.439772">
        <ele>72.7</ele>
        <time>2025-04-12T15:24:50Z</time>
      </trkpt>
      <trkpt lat="-32.913261" lon="-71.439581">
        <ele>71.7</ele>
        <time>2025-04-12T15:24:52Z</time>
      </trkpt>
      <trkpt lat="-32.913347" lon="-71.439368">
        <ele>70.9</ele>
        <time>2025-04-12T15:24:53Z</time>
      </trkpt>
      <trkpt lat="-32.913505" lon="-71.439197">
        <ele>70.3</ele>
        <time>2025-04-12T15:24:55Z</time>
      </trkpt>
      <trkpt lat="-32.913713" lon="-71.439102">
        <ele>69.5</ele>
        <time>2025-04-12T15:24:57Z</time>
      </trkpt>
      <trkpt lat="-32.913916" lon="-71.439012">
        <ele>68.7</ele>
        <time>2025-04-12T15:24:59Z</time>
      </trkpt>
      <trkpt lat="-32.914084" lon="-71.438919">
        <ele>67.9</ele>
        <time>2025-04-12T15:25:01Z</time>
      </trkpt>
      <trkpt lat="-32.914242" lon="-71.438813">
        <ele>66.9</ele>
        <time>2025-04-12T15:25:03Z</time>
      </trkpt>
      <trkpt lat="-32.914411" lon="-71.438677">
        <ele>66.0</ele>
        <time>2025-04-12T15:25:05Z</time>
      </trkpt>
      <trkpt lat="-32.914594" lon="-71.438515">
        <ele>65.4</ele>
        <time>2025-04-12T15:25:07Z</time>
      </trkpt>
      <trkpt lat="-32.91478" lon="-71.438384">
        <ele>64.8</ele>
        <time>2025-04-12T15:25:09Z</time>
      </trkpt>
      <trkpt lat="-32.91497" lon="-71.438333">
        <ele>64.1</ele>
        <time>2025-04-12T15:25:11Z</time>
      </trkpt>
      <trkpt lat="-32.915177" lon="-71.438355">
        <ele>63.3</ele>
        <time>2025-04-12T15:25:13Z</time>
      </trkpt>
      <trkpt lat="-32.915392" lon="-71.43848">
        <ele>62.8</ele>
        <time>2025-04-12T15:25:15Z</time>
      </trkpt>
      <trkpt lat="-32.915574" lon="-71.43869">
        <ele>62.4</ele>
        <time>2025-04-12T15:25:17Z</time>
      </trkpt>
      <trkpt lat="-32.915679" lon="-71.438973">
        <ele>61.7</ele>
        <time>2025-04-12T15:25:19Z</time>
      </trkpt>
      <trkpt lat="-32.915726" lon="-71.439298">
        <ele>60.7</ele>
        <time>2025-04-12T15:25:21Z</time>
      </trkpt>
      <trkpt lat="-32.915763" lon="-71.439593">
        <ele>59.1</ele>
        <time>2025-04-12T15:25:23Z</time>
      </trkpt>
      <trkpt lat="-32.915802" lon="-71.43986">
        <ele>57.3</ele>
        <time>2025-04-12T15:25:25Z</time>
      </trkpt>
      <trkpt lat="-32.91584" lon="-71.440107">
        <ele>55.6</ele>
        <time>2025-04-12T15:25:27Z</time>
      </trkpt>
      <trkpt lat="-32.91586" lon="-71.440329">
        <ele>54.3</ele>
        <time>2025-04-12T15:25:29Z</time>
      </trkpt>
      <trkpt lat="-32.915871" lon="-71.440539">
        <ele>53.1</ele>
        <time>2025-04-12T15:25:31Z</time>
      </trkpt>
      <trkpt lat="-32.915856" lon="-71.440729">
        <ele>52.2</ele>
        <time>2025-04-12T15:25:33Z</time>
      </trkpt>
      <trkpt lat="-32.915835" lon="-71.440933">
        <ele>51.4</ele>
        <time>2025-04-12T15:25:35Z</time>
      </trkpt>
      <trkpt lat="-32.915809" lon="-71.441138">
        <ele>50.8</ele>
        <time>2025-04-12T15:25:38Z</time>
      </trkpt>
      <trkpt lat="-32.915795" lon="-71.441348">
        <ele>50.1</ele>
        <time>2025-04-12T15:25:40Z</time>
      </trkpt>
      <trkpt lat="-32.915811" lon="-71.441562">
        <ele>49.3</ele>
        <time>2025-04-12T15:25:42Z</time>
      </trkpt>
      <trkpt lat="-32.915846" lon="-71.441793">
        <ele>48.3</ele>
        <time>2025-04-12T15:25:44Z</time>
      </trkpt>
      <trkpt lat="-32.915892" lon="-71.442023">
        <ele>47.5</ele>
        <time>2025-04-12T15:25:46Z</time>
      </trkpt>
      <trkpt lat="-32.915939" lon="-71.44226">
        <ele>46.8</ele>
        <time>2025-04-12T15:25:48Z</time>
      </trkpt>
      <trkpt lat="-32.915987" lon="-71.442471">
        <ele>46.3</ele>
        <time>2025-04-12T15:25:50Z</time>
      </trkpt>
      <trkpt lat="-32.916085" lon="-71.442664">
        <ele>45.2</ele>
        <time>2025-04-12T15:25:52Z</time>
      </trkpt>
      <trkpt lat="-32.916228" lon="-71.442789">
        <ele>44.1</ele>
        <time>2025-04-12T15:25:54Z</time>
      </trkpt>
      <trkpt lat="-32.916425" lon="-71.442849">
        <ele>43.2</ele>
        <time>2025-04-12T15:25:56Z</time>
      </trkpt>
      <trkpt lat="-32.916624" lon="-71.442882">
        <ele>42.2</ele>
        <time>2025-04-12T15:25:58Z</time>
      </trkpt>
      <trkpt lat="-32.916806" lon="-71.442911">
        <ele>41.0</ele>
        <time>2025-04-12T15:26:00Z</time>
      </trkpt>
      <trkpt lat="-32.916971" lon="-71.442941">
        <ele>39.6</ele>
        <time>2025-04-12T15:26:02Z</time>
      </trkpt>
      <trkpt lat="-32.917125" lon="-71.442977">
        <ele>38.3</ele>
        <time>2025-04-12T15:26:04Z</time>
      </trkpt>
      <trkpt lat="-32.917268" lon="-71.443">
        <ele>37.1</ele>
        <time>2025-04-12T15:26:06Z</time>
      </trkpt>
      <trkpt lat="-32.917398" lon="-71.443018">
        <ele>36.2</ele>
        <time>2025-04-12T15:26:08Z</time>
      </trkpt>
      <trkpt lat="-32.917504" lon="-71.443034">
        <ele>35.2</ele>
        <time>2025-04-12T15:26:10Z</time>
      </trkpt>
      <trkpt lat="-32.917586" lon="-71.443071">
        <ele>34.3</ele>
        <time>2025-04-12T15:26:12Z</time>
      </trkpt>
      <trkpt lat="-32.917625" lon="-71.443145">
        <ele>33.4</ele>
        <time>2025-04-12T15:26:14Z</time>
      </trkpt>
      <trkpt lat="-32.917633" lon="-71.44321">
        <ele>32.8</ele>
        <time>2025-04-12T15:26:16Z</time>
      </trkpt>
      <trkpt lat="-32.917672" lon="-71.443237">
        <ele>32.3</ele>
        <time>2025-04-12T15:26:18Z</time>
      </trkpt>
      <trkpt lat="-32.917727" lon="-71.4432">
        <ele>32.2</ele>
        <time>2025-04-12T15:26:20Z</time>
      </trkpt>
      <trkpt lat="-32.917742" lon="-71.443138">
        <ele>32.1</ele>
        <time>2025-04-12T15:26:22Z</time>
      </trkpt>
      <trkpt lat="-32.91774" lon="-71.443104">
        <ele>32.0</ele>
        <time>2025-04-12T15:26:24Z</time>
      </trkpt>
      <trkpt lat="-32.917734" lon="-71.443076">
        <ele>32.0</ele>
        <time>2025-04-12T15:26:26Z</time>
      </trkpt>
      <trkpt lat="-32.917742" lon="-71.443066">
        <ele>32.1</ele>
        <time>2025-04-12T15:26:28Z</time>
      </trkpt>
      <trkpt lat="-32.917731" lon="-71.44307">
        <ele>32.2</ele>
        <time>2025-04-12T15:26:30Z</time>
      </trkpt>
      <trkpt lat="-32.917733" lon="-71.443063">
        <ele>32.2</ele>
        <time>2025-04-12T15:26:32Z</time>
      </trkpt>
      <trkpt lat="-32.917723" lon="-71.443063">
        <ele>32.2</ele>
        <time>2025-04-12T15:26:34Z</time>
      </trkpt>
      <trkpt lat="-32.917719" lon="-71.443044">
        <ele>32.2</ele>
        <time>2025-04-12T15:26:36Z</time>
      </trkpt>
      <trkpt lat="-32.917653" lon="-71.442966">
        <ele>32.3</ele>
        <time>2025-04-12T15:26:38Z</time>
      </trkpt>
      <trkpt lat="-32.917548" lon="-71.44295">
        <ele>33.0</ele>
        <time>2025-04-12T15:26:40Z</time>
      </trkpt>
      <trkpt lat="-32.917415" lon="-71.44295">
        <ele>33.6</ele>
        <time>2025-04-12T15:26:42Z</time>
      </trkpt>
      <trkpt lat="-32.917234" lon="-71.442925">
        <ele>34.5</ele>
        <time>2025-04-12T15:26:44Z</time>
      </trkpt>
      <trkpt lat="-32.916994" lon="-71.442889">
        <ele>36.6</ele>
        <time>2025-04-12T15:26:46Z</time>
      </trkpt>
      <trkpt lat="-32.916726" lon="-71.442844">
        <ele>38.2</ele>
        <time>2025-04-12T15:26:48Z</time>
      </trkpt>
      <trkpt lat="-32.916429" lon="-71.442793">
        <ele>40.9</ele>
        <time>2025-04-12T15:26:50Z</time>
      </trkpt>
      <trkpt lat="-32.916186" lon="-71.442697">
        <ele>42.3</ele>
        <time>2025-04-12T15:26:52Z</time>
      </trkpt>
      <trkpt lat="-32.916045" lon="-71.442443">
        <ele>43.4</ele>
        <time>2025-04-12T15:26:54Z</time>
      </trkpt>
      <trkpt lat="-32.91596" lon="-71.442144">
        <ele>44.5</ele>
        <time>2025-04-12T15:26:56Z</time>
      </trkpt>
      <trkpt lat="-32.915891" lon="-71.441791">
        <ele>46.5</ele>
        <time>2025-04-12T15:26:58Z</time>
      </trkpt>
      <trkpt lat="-32.915837" lon="-71.441401">
        <ele>48.9</ele>
        <time>2025-04-12T15:27:00Z</time>
      </trkpt>
      <trkpt lat="-32.915857" lon="-71.440999">
        <ele>51.3</ele>
        <time>2025-04-12T15:27:02Z</time>
      </trkpt>
      <trkpt lat="-32.915906" lon="-71.440594">
        <ele>52.3</ele>
        <time>2025-04-12T15:27:04Z</time>
      </trkpt>
      <trkpt lat="-32.915896" lon="-71.440183">
        <ele>54.0</ele>
        <time>2025-04-12T15:27:06Z</time>
      </trkpt>
      <trkpt lat="-32.915828" lon="-71.43977">
        <ele>55.5</ele>
        <time>2025-04-12T15:27:07Z</time>
      </trkpt>
      <trkpt lat="-32.915771" lon="-71.439332">
        <ele>57.1</ele>
        <time>2025-04-12T15:27:09Z</time>
      </trkpt>
      <trkpt lat="-32.915714" lon="-71.438952">
        <ele>58.4</ele>
        <time>2025-04-12T15:27:11Z</time>
      </trkpt>
      <trkpt lat="-32.915589" lon="-71.438636">
        <ele>59.5</ele>
        <time>2025-04-12T15:27:13Z</time>
      </trkpt>
      <trkpt lat="-32.915363" lon="-71.438392">
        <ele>60.2</ele>
        <time>2025-04-12T15:27:15Z</time>
      </trkpt>
      <trkpt lat="-32.915077" lon="-71.438275">
        <ele>61.6</ele>
        <time>2025-04-12T15:27:17Z</time>
      </trkpt>
      <trkpt lat="-32.914761" lon="-71.438313">
        <ele>63.1</ele>
        <time>2025-04-12T15:27:19Z</time>
      </trkpt>
      <trkpt lat="-32.914472" lon="-71.438522">
        <ele>65.0</ele>
        <time>2025-04-12T15:27:21Z</time>
      </trkpt>
      <trkpt lat="-32.914197" lon="-71.438792">
        <ele>67.1</ele>
        <time>2025-04-12T15:27:23Z</time>
      </trkpt>
      <trkpt lat="-32.9139" lon="-71.439011">
        <ele>69.1</ele>
        <time>2025-04-12T15:27:25Z</time>
      </trkpt>
      <trkpt lat="-32.913588" lon="-71.439156">
        <ele>70.9</ele>
        <time>2025-04-12T15:27:27Z</time>
      </trkpt>
      <trkpt lat="-32.913319" lon="-71.43938">
        <ele>72.1</ele>
        <time>2025-04-12T15:27:29Z</time>
      </trkpt>
      <trkpt lat="-32.913171" lon="-71.439748">
        <ele>73.3</ele>
        <time>2025-04-12T15:27:31Z</time>
      </trkpt>
      <trkpt lat="-32.913065" lon="-71.440128">
        <ele>74.9</ele>
        <time>2025-04-12T15:27:33Z</time>
      </trkpt>
      <trkpt lat="-32.912898" lon="-71.440482">
        <ele>75.8</ele>
        <time>2025-04-12T15:27:35Z</time>
      </trkpt>
      <trkpt lat="-32.912651" lon="-71.440807">
        <ele>77.7</ele>
        <time>2025-04-12T15:27:37Z</time>
      </trkpt>
      <trkpt lat="-32.912357" lon="-71.441095">
        <ele>79.6</ele>
        <time>2025-04-12T15:27:39Z</time>
      </trkpt>
      <trkpt lat="-32.912048" lon="-71.441306">
        <ele>81.2</ele>
        <time>2025-04-12T15:27:41Z</time>
      </trkpt>
      <trkpt lat="-32.911714" lon="-71.441346">
        <ele>82.7</ele>
        <time>2025-04-12T15:27:44Z</time>
      </trkpt>
      <trkpt lat="-32.911375" lon="-71.44123">
        <ele>83.9</ele>
        <time>2025-04-12T15:27:46Z</time>
      </trkpt>
      <trkpt lat="-32.91106" lon="-71.441076">
        <ele>85.7</ele>
        <time>2025-04-12T15:27:48Z</time>
      </trkpt>
      <trkpt lat="-32.910745" lon="-71.440955">
        <ele>88.6</ele>
        <time>2025-04-12T15:27:50Z</time>
      </trkpt>
      <trkpt lat="-32.910447" lon="-71.440814">
        <ele>90.9</ele>
        <time>2025-04-12T15:27:52Z</time>
      </trkpt>
      <trkpt lat="-32.910183" lon="-71.440626">
        <ele>93.1</ele>
        <time>2025-04-12T15:27:54Z</time>
      </trkpt>
      <trkpt lat="-32.909983" lon="-71.440334">
        <ele>94.7</ele>
        <time>2025-04-12T15:27:56Z</time>
      </trkpt>
      <trkpt lat="-32.909794" lon="-71.440044">
        <ele>96.1</ele>
        <time>2025-04-12T15:27:58Z</time>
      </trkpt>
      <trkpt lat="-32.909582" lon="-71.439751">
        <ele>97.7</ele>
        <time>2025-04-12T15:28:00Z</time>
      </trkpt>
      <trkpt lat="-32.909336" lon="-71.439483">
        <ele>99.8</ele>
        <time>2025-04-12T15:28:02Z</time>
      </trkpt>
      <trkpt lat="-32.909027" lon="-71.439261">
        <ele>102.7</ele>
        <time>2025-04-12T15:28:04Z</time>
      </trkpt>
      <trkpt lat="-32.908667" lon="-71.439123">
        <ele>105.9</ele>
        <time>2025-04-12T15:28:06Z</time>
      </trkpt>
      <trkpt lat="-32.908282" lon="-71.439076">
        <ele>107.6</ele>
        <time>2025-04-12T15:28:08Z</time>
      </trkpt>
      <trkpt lat="-32.907946" lon="-71.439116">
        <ele>110.5</ele>
        <time>2025-04-12T15:28:10Z</time>
      </trkpt>
      <trkpt lat="-32.907635" lon="-71.43923">
        <ele>113.3</ele>
        <time>2025-04-12T15:28:12Z</time>
      </trkpt>
      <trkpt lat="-32.907339" lon="-71.439409">
        <ele>116.3</ele>
        <time>2025-04-12T15:28:14Z</time>
      </trkpt>
      <trkpt lat="-32.907066" lon="-71.43965">
        <ele>119.4</ele>
        <time>2025-04-12T15:28:16Z</time>
      </trkpt>
      <trkpt lat="-32.906831" lon="-71.43999">
        <ele>122.8</ele>
        <time>2025-04-12T15:28:18Z</time>
      </trkpt>
      <trkpt lat="-32.906618" lon="-71.440421">
        <ele>126.2</ele>
        <time>2025-04-12T15:28:20Z</time>
      </trkpt>
      <trkpt lat="-32.90641" lon="-71.440899">
        <ele>129.9</ele>
        <time>2025-04-12T15:28:22Z</time>
      </trkpt>
      <trkpt lat="-32.906245" lon="-71.441305">
        <ele>132.9</ele>
        <time>2025-04-12T15:28:24Z</time>
      </trkpt>
      <trkpt lat="-32.906071" lon="-71.441756">
        <ele>135.4</ele>
        <time>2025-04-12T15:28:26Z</time>
      </trkpt>
      <trkpt lat="-32.905902" lon="-71.442164">
        <ele>137.0</ele>
        <time>2025-04-12T15:28:28Z</time>
      </trkpt>
      <trkpt lat="-32.905727" lon="-71.442559">
        <ele>137.6</ele>
        <time>2025-04-12T15:28:30Z</time>
      </trkpt>
      <trkpt lat="-32.905543" lon="-71.44298">
        <ele>138.0</ele>
        <time>2025-04-12T15:28:32Z</time>
      </trkpt>
      <trkpt lat="-32.905343" lon="-71.443413">
        <ele>138.4</ele>
        <time>2025-04-12T15:28:34Z</time>
      </trkpt>
      <trkpt lat="-32.905175" lon="-71.443763">
        <ele>138.0</ele>
        <time>2025-04-12T15:28:36Z</time>
      </trkpt>
      <trkpt lat="-32.90495" lon="-71.444106">
        <ele>137.7</ele>
        <time>2025-04-12T15:28:38Z</time>
      </trkpt>
      <trkpt lat="-32.904631" lon="-71.444404">
        <ele>137.9</ele>
        <time>2025-04-12T15:28:40Z</time>
      </trkpt>
      <trkpt lat="-32.904255" lon="-71.444629">
        <ele>138.9</ele>
        <time>2025-04-12T15:28:42Z</time>
      </trkpt>
      <trkpt lat="-32.903903" lon="-71.444807">
        <ele>139.1</ele>
        <time>2025-04-12T15:28:44Z</time>
      </trkpt>
      <trkpt lat="-32.903586" lon="-71.444983">
        <ele>138.6</ele>
        <time>2025-04-12T15:28:46Z</time>
      </trkpt>
      <trkpt lat="-32.903292" lon="-71.445135">
        <ele>137.8</ele>
        <time>2025-04-12T15:28:48Z</time>
      </trkpt>
      <trkpt lat="-32.902986" lon="-71.445289">
        <ele>137.7</ele>
        <time>2025-04-12T15:28:50Z</time>
      </trkpt>
      <trkpt lat="-32.902657" lon="-71.445461">
        <ele>137.4</ele>
        <time>2025-04-12T15:28:52Z</time>
      </trkpt>
      <trkpt lat="-32.902309" lon="-71.445643">
        <ele>136.9</ele>
        <time>2025-04-12T15:28:54Z</time>
      </trkpt>
      <trkpt lat="-32.901965" lon="-71.445819">
        <ele>135.9</ele>
        <time>2025-04-12T15:28:56Z</time>
      </trkpt>
      <trkpt lat="-32.901625" lon="-71.44599">
        <ele>134.9</ele>
        <time>2025-04-12T15:28:58Z</time>
      </trkpt>
      <trkpt lat="-32.901304" lon="-71.446191">
        <ele>134.0</ele>
        <time>2025-04-12T15:29:00Z</time>
      </trkpt>
      <trkpt lat="-32.901018" lon="-71.446451">
        <ele>133.4</ele>
        <time>2025-04-12T15:29:02Z</time>
      </trkpt>
      <trkpt lat="-32.900757" lon="-71.446772">
        <ele>133.1</ele>
        <time>2025-04-12T15:29:03Z</time>
      </trkpt>
      <trkpt lat="-32.900522" lon="-71.447136">
        <ele>133.6</ele>
        <time>2025-04-12T15:29:05Z</time>
      </trkpt>
      <trkpt lat="-32.900307" lon="-71.447479">
        <ele>134.7</ele>
        <time>2025-04-12T15:29:07Z</time>
      </trkpt>
      <trkpt lat="-32.900032" lon="-71.447769">
        <ele>136.1</ele>
        <time>2025-04-12T15:29:09Z</time>
      </trkpt>
      <trkpt lat="-32.899719" lon="-71.448033">
        <ele>136.7</ele>
        <time>2025-04-12T15:29:11Z</time>
      </trkpt>
      <trkpt lat="-32.899344" lon="-71.44833">
        <ele>138.4</ele>
        <time>2025-04-12T15:29:13Z</time>
      </trkpt>
      <trkpt lat="-32.898932" lon="-71.448659">
        <ele>138.9</ele>
        <time>2025-04-12T15:29:15Z</time>
      </trkpt>
      <trkpt lat="-32.89858" lon="-71.44892">
        <ele>137.8</ele>
        <time>2025-04-12T15:29:17Z</time>
      </trkpt>
      <trkpt lat="-32.898249" lon="-71.449172">
        <ele>135.5</ele>
        <time>2025-04-12T15:29:19Z</time>
      </trkpt>
      <trkpt lat="-32.897932" lon="-71.449409">
        <ele>133.9</ele>
        <time>2025-04-12T15:29:21Z</time>
      </trkpt>
      <trkpt lat="-32.897606" lon="-71.449654">
        <ele>133.3</ele>
        <time>2025-04-12T15:29:23Z</time>
      </trkpt>
      <trkpt lat="-32.897275" lon="-71.449901">
        <ele>133.8</ele>
        <time>2025-04-12T15:29:25Z</time>
      </trkpt>
      <trkpt lat="-32.896945" lon="-71.450139">
        <ele>136.0</ele>
        <time>2025-04-12T15:29:27Z</time>
      </trkpt>
      <trkpt lat="-32.896593" lon="-71.450351">
        <ele>139.4</ele>
        <time>2025-04-12T15:29:29Z</time>
      </trkpt>
      <trkpt lat="-32.896221" lon="-71.450543">
        <ele>143.2</ele>
        <time>2025-04-12T15:29:31Z</time>
      </trkpt>
      <trkpt lat="-32.895852" lon="-71.450772">
        <ele>147.2</ele>
        <time>2025-04-12T15:29:33Z</time>
      </trkpt>
      <trkpt lat="-32.895484" lon="-71.451029">
        <ele>150.6</ele>
        <time>2025-04-12T15:29:35Z</time>
      </trkpt>
      <trkpt lat="-32.89518" lon="-71.451245">
        <ele>153.7</ele>
        <time>2025-04-12T15:29:37Z</time>
      </trkpt>
      <trkpt lat="-32.894896" lon="-71.451426">
        <ele>156.1</ele>
        <time>2025-04-12T15:29:39Z</time>
      </trkpt>
      <trkpt lat="-32.894578" lon="-71.451616">
        <ele>157.5</ele>
        <time>2025-04-12T15:29:41Z</time>
      </trkpt>
      <trkpt lat="-32.894234" lon="-71.451788">
        <ele>159.8</ele>
        <time>2025-04-12T15:29:43Z</time>
      </trkpt>
      <trkpt lat="-32.893866" lon="-71.4519">
        <ele>161.8</ele>
        <time>2025-04-12T15:29:45Z</time>
      </trkpt>
      <trkpt lat="-32.893484" lon="-71.452003">
        <ele>163.1</ele>
        <time>2025-04-12T15:29:47Z</time>
      </trkpt>
      <trkpt lat="-32.893088" lon="-71.452089">
        <ele>163.7</ele>
        <time>2025-04-12T15:29:50Z</time>
      </trkpt>
      <trkpt lat="-32.892684" lon="-71.45217">
        <ele>164.1</ele>
        <time>2025-04-12T15:29:52Z</time>
      </trkpt>
      <trkpt lat="-32.892256" lon="-71.452262">
        <ele>164.4</ele>
        <time>2025-04-12T15:29:54Z</time>
      </trkpt>
      <trkpt lat="-32.89183" lon="-71.452339">
        <ele>164.8</ele>
        <time>2025-04-12T15:29:56Z</time>
      </trkpt>
      <trkpt lat="-32.89141" lon="-71.452438">
        <ele>165.4</ele>
        <time>2025-04-12T15:29:58Z</time>
      </trkpt>
      <trkpt lat="-32.891033" lon="-71.452541">
        <ele>165.6</ele>
        <time>2025-04-12T15:30:00Z</time>
      </trkpt>
      <trkpt lat="-32.890698" lon="-71.452628">
        <ele>165.3</ele>
        <time>2025-04-12T15:30:02Z</time>
      </trkpt>
      <trkpt lat="-32.890376" lon="-71.452657">
        <ele>165.0</ele>
        <time>2025-04-12T15:30:04Z</time>
      </trkpt>
      <trkpt lat="-32.890043" lon="-71.452617">
        <ele>165.1</ele>
        <time>2025-04-12T15:30:06Z</time>
      </trkpt>
      <trkpt lat="-32.889675" lon="-71.452529">
        <ele>165.2</ele>
        <time>2025-04-12T15:30:08Z</time>
      </trkpt>
      <trkpt lat="-32.889359" lon="-71.452423">
        <ele>164.6</ele>
        <time>2025-04-12T15:30:10Z</time>
      </trkpt>
      <trkpt lat="-32.889045" lon="-71.452372">
        <ele>163.0</ele>
        <time>2025-04-12T15:30:12Z</time>
      </trkpt>
      <trkpt lat="-32.888719" lon="-71.4524">
        <ele>162.1</ele>
        <time>2025-04-12T15:30:14Z</time>
      </trkpt>
      <trkpt lat="-32.8884" lon="-71.452506">
        <ele>160.0</ele>
        <time>2025-04-12T15:30:16Z</time>
      </trkpt>
      <trkpt lat="-32.888094" lon="-71.452672">
        <ele>157.9</ele>
        <time>2025-04-12T15:30:18Z</time>
      </trkpt>
      <trkpt lat="-32.887781" lon="-71.452856">
        <ele>155.6</ele>
        <time>2025-04-12T15:30:20Z</time>
      </trkpt>
      <trkpt lat="-32.887467" lon="-71.453028">
        <ele>153.4</ele>
        <time>2025-04-12T15:30:22Z</time>
      </trkpt>
      <trkpt lat="-32.887164" lon="-71.453178">
        <ele>150.6</ele>
        <time>2025-04-12T15:30:24Z</time>
      </trkpt>
      <trkpt lat="-32.886824" lon="-71.453294">
        <ele>147.7</ele>
        <time>2025-04-12T15:30:26Z</time>
      </trkpt>
      <trkpt lat="-32.886457" lon="-71.453364">
        <ele>145.1</ele>
        <time>2025-04-12T15:30:28Z</time>
      </trkpt>
      <trkpt lat="-32.886101" lon="-71.453382">
        <ele>142.5</ele>
        <time>2025-04-12T15:30:30Z</time>
      </trkpt>
      <trkpt lat="-32.885727" lon="-71.453407">
        <ele>139.6</ele>
        <time>2025-04-12T15:30:32Z</time>
      </trkpt>
      <trkpt lat="-32.885332" lon="-71.453441">
        <ele>136.7</ele>
        <time>2025-04-12T15:30:34Z</time>
      </trkpt>
      <trkpt lat="-32.884947" lon="-71.453452">
        <ele>134.3</ele>
        <time>2025-04-12T15:30:36Z</time>
      </trkpt>
      <trkpt lat="-32.8846" lon="-71.453478">
        <ele>132.1</ele>
        <time>2025-04-12T15:30:38Z</time>
      </trkpt>
      <trkpt lat="-32.884281" lon="-71.453525">
        <ele>130.8</ele>
        <time>2025-04-12T15:30:40Z</time>
      </trkpt>
      <trkpt lat="-32.883967" lon="-71.453652">
        <ele>130.6</ele>
        <time>2025-04-12T15:30:42Z</time>
      </trkpt>
      <trkpt lat="-32.883658" lon="-71.453841">
        <ele>130.6</ele>
        <time>2025-04-12T15:30:44Z</time>
      </trkpt>
      <trkpt lat="-32.883373" lon="-71.454017">
        <ele>130.4</ele>
        <time>2025-04-12T15:30:46Z</time>
      </trkpt>
      <trkpt lat="-32.883102" lon="-71.454186">
        <ele>129.4</ele>
        <time>2025-04-12T15:30:48Z</time>
      </trkpt>
      <trkpt lat="-32.882814" lon="-71.454374">
        <ele>128.1</ele>
        <time>2025-04-12T15:30:50Z</time>
      </trkpt>
      <trkpt lat="-32.882533" lon="-71.454538">
        <ele>127.3</ele>
        <time>2025-04-12T15:30:52Z</time>
      </trkpt>
      <trkpt lat="-32.882288" lon="-71.454676">
        <ele>127.2</ele>
        <time>2025-04-12T15:30:54Z</time>
      </trkpt>
      <trkpt lat="-32.88202" lon="-71.454779">
        <ele>127.4</ele>
        <time>2025-04-12T15:30:56Z</time>
      </trkpt>
      <trkpt lat="-32.881722" lon="-71.454815">
        <ele>127.9</ele>
        <time>2025-04-12T15:30:58Z</time>
      </trkpt>
      <trkpt lat="-32.8814" lon="-71.454817">
        <ele>128.5</ele>
        <time>2025-04-12T15:31:00Z</time>
      </trkpt>
      <trkpt lat="-32.881112" lon="-71.454814">
        <ele>128.5</ele>
        <time>2025-04-12T15:31:02Z</time>
      </trkpt>
      <trkpt lat="-32.880816" lon="-71.454808">
        <ele>127.9</ele>
        <time>2025-04-12T15:31:04Z</time>
      </trkpt>
      <trkpt lat="-32.880509" lon="-71.454808">
        <ele>127.0</ele>
        <time>2025-04-12T15:31:06Z</time>
      </trkpt>
      <trkpt lat="-32.880179" lon="-71.454827">
        <ele>126.1</ele>
        <time>2025-04-12T15:31:08Z</time>
      </trkpt>
      <trkpt lat="-32.879844" lon="-71.454887">
        <ele>125.0</ele>
        <time>2025-04-12T15:31:09Z</time>
      </trkpt>
      <trkpt lat="-32.879514" lon="-71.454985">
        <ele>124.2</ele>
        <time>2025-04-12T15:31:11Z</time>
      </trkpt>
      <trkpt lat="-32.879204" lon="-71.455064">
        <ele>123.5</ele>
        <time>2025-04-12T15:31:13Z</time>
      </trkpt>
      <trkpt lat="-32.878925" lon="-71.455074">
        <ele>122.9</ele>
        <time>2025-04-12T15:31:15Z</time>
      </trkpt>
      <trkpt lat="-32.878681" lon="-71.45503">
        <ele>122.4</ele>
        <time>2025-04-12T15:31:17Z</time>
      </trkpt>
      <trkpt lat="-32.878471" lon="-71.454988">
        <ele>121.7</ele>
        <time>2025-04-12T15:31:19Z</time>
      </trkpt>
      <trkpt lat="-32.878261" lon="-71.454929">
        <ele>120.9</ele>
        <time>2025-04-12T15:31:21Z</time>
      </trkpt>
      <trkpt lat="-32.87802" lon="-71.454927">
        <ele>120.5</ele>
        <time>2025-04-12T15:31:23Z</time>
      </trkpt>
      <trkpt lat="-32.877782" lon="-71.45499">
        <ele>120.2</ele>
        <time>2025-04-12T15:31:25Z</time>
      </trkpt>
      <trkpt lat="-32.877519" lon="-71.455086">
        <ele>119.8</ele>
        <time>2025-04-12T15:31:27Z</time>
      </trkpt>
      <trkpt lat="-32.877267" lon="-71.455165">
        <ele>118.9</ele>
        <time>2025-04-12T15:31:29Z</time>
      </trkpt>
      <trkpt lat="-32.877038" lon="-71.455222">
        <ele>117.4</ele>
        <time>2025-04-12T15:31:31Z</time>
      </trkpt>
      <trkpt lat="-32.876833" lon="-71.455278">
        <ele>115.7</ele>
        <time>2025-04-12T15:31:33Z</time>
      </trkpt>
      <trkpt lat="-32.876669" lon="-71.455313">
        <ele>114.1</ele>
        <time>2025-04-12T15:31:35Z</time>
      </trkpt>
      <trkpt lat="-32.876542" lon="-71.455357">
        <ele>113.1</ele>
        <time>2025-04-12T15:31:37Z</time>
      </trkpt>
      <trkpt lat="-32.876374" lon="-71.45542">
        <ele>112.8</ele>
        <time>2025-04-12T15:31:39Z</time>
      </trkpt>
      <trkpt lat="-32.876172" lon="-71.455525">
        <ele>113.3</ele>
        <time>2025-04-12T15:31:41Z</time>
      </trkpt>
      <trkpt lat="-32.875928" lon="-71.45567">
        <ele>114.4</ele>
        <time>2025-04-12T15:31:43Z</time>
      </trkpt>
      <trkpt lat="-32.875657" lon="-71.455866">
        <ele>115.3</ele>
        <time>2025-04-12T15:31:45Z</time>
      </trkpt>
      <trkpt lat="-32.875411" lon="-71.456067">
        <ele>115.0</ele>
        <time>2025-04-12T15:31:47Z</time>
      </trkpt>
      <trkpt lat="-32.875191" lon="-71.456252">
        <ele>114.4</ele>
        <time>2025-04-12T15:31:49Z</time>
      </trkpt>
      <trkpt lat="-32.874974" lon="-71.456415">
        <ele>113.1</ele>
        <time>2025-04-12T15:31:51Z</time>
      </trkpt>
      <trkpt lat="-32.874773" lon="-71.456586">
        <ele>112.1</ele>
        <time>2025-04-12T15:31:53Z</time>
      </trkpt>
      <trkpt lat="-32.874601" lon="-71.456733">
        <ele>111.6</ele>
        <time>2025-04-12T15:31:56Z</time>
      </trkpt>
      <trkpt lat="-32.87442" lon="-71.456871">
        <ele>111.2</ele>
        <time>2025-04-12T15:31:58Z</time>
      </trkpt>
      <trkpt lat="-32.874219" lon="-71.456976">
        <ele>110.7</ele>
        <time>2025-04-12T15:32:00Z</time>
      </trkpt>
      <trkpt lat="-32.874012" lon="-71.457043">
        <ele>110.3</ele>
        <time>2025-04-12T15:32:02Z</time>
      </trkpt>
      <trkpt lat="-32.873782" lon="-71.457098">
        <ele>110.3</ele>
        <time>2025-04-12T15:32:04Z</time>
      </trkpt>
      <trkpt lat="-32.873542" lon="-71.457139">
        <ele>110.5</ele>
        <time>2025-04-12T15:32:06Z</time>
      </trkpt>
      <trkpt lat="-32.873342" lon="-71.457176">
        <ele>110.3</ele>
        <time>2025-04-12T15:32:08Z</time>
      </trkpt>
      <trkpt lat="-32.873206" lon="-71.457203">
        <ele>109.3</ele>
        <time>2025-04-12T15:32:10Z</time>
      </trkpt>
      <trkpt lat="-32.873026" lon="-71.457232">
        <ele>108.5</ele>
        <time>2025-04-12T15:32:12Z</time>
      </trkpt>
      <trkpt lat="-32.872787" lon="-71.457278">
        <ele>108.3</ele>
        <time>2025-04-12T15:32:14Z</time>
      </trkpt>
      <trkpt lat="-32.872546" lon="-71.457344">
        <ele>108.0</ele>
        <time>2025-04-12T15:32:16Z</time>
      </trkpt>
      <trkpt lat="-32.872317" lon="-71.457386">
        <ele>107.1</ele>
        <time>2025-04-12T15:32:18Z</time>
      </trkpt>
      <trkpt lat="-32.872072" lon="-71.457429">
        <ele>106.0</ele>
        <time>2025-04-12T15:32:20Z</time>
      </trkpt>
      <trkpt lat="-32.871803" lon="-71.457477">
        <ele>105.5</ele>
        <time>2025-04-12T15:32:22Z</time>
      </trkpt>
      <trkpt lat="-32.871489" lon="-71.457522">
        <ele>104.3</ele>
        <time>2025-04-12T15:32:24Z</time>
      </trkpt>
      <trkpt lat="-32.871122" lon="-71.457526">
        <ele>102.6</ele>
        <time>2025-04-12T15:32:26Z</time>
      </trkpt>
      <trkpt lat="-32.870737" lon="-71.457558">
        <ele>99.9</ele>
        <time>2025-04-12T15:32:28Z</time>
      </trkpt>
      <trkpt lat="-32.870368" lon="-71.457586">
        <ele>95.9</ele>
        <time>2025-04-12T15:32:30Z</time>
      </trkpt>
      <trkpt lat="-32.86999" lon="-71.457603">
        <ele>91.4</ele>
        <time>2025-04-12T15:32:32Z</time>
      </trkpt>
      <trkpt lat="-32.869562" lon="-71.457618">
        <ele>87.5</ele>
        <time>2025-04-12T15:32:34Z</time>
      </trkpt>
      <trkpt lat="-32.869104" lon="-71.457658">
        <ele>84.4</ele>
        <time>2025-04-12T15:32:36Z</time>
      </trkpt>
      <trkpt lat="-32.868627" lon="-71.457674">
        <ele>81.0</ele>
        <time>2025-04-12T15:32:38Z</time>
      </trkpt>
      <trkpt lat="-32.868189" lon="-71.457673">
        <ele>77.4</ele>
        <time>2025-04-12T15:32:40Z</time>
      </trkpt>
      <trkpt lat="-32.867749" lon="-71.457642">
        <ele>74.7</ele>
        <time>2025-04-12T15:32:42Z</time>
      </trkpt>
      <trkpt lat="-32.867306" lon="-71.457617">
        <ele>73.2</ele>
        <time>2025-04-12T15:32:44Z</time>
      </trkpt>
      <trkpt lat="-32.866902" lon="-71.457593">
        <ele>72.0</ele>
        <time>2025-04-12T15:32:46Z</time>
      </trkpt>
      <trkpt lat="-32.866504" lon="-71.457567">
        <ele>70.8</ele>
        <time>2025-04-12T15:32:48Z</time>
      </trkpt>
      <trkpt lat="-32.866105" lon="-71.457496">
        <ele>69.3</ele>
        <time>2025-04-12T15:32:50Z</time>
      </trkpt>
      <trkpt lat="-32.865751" lon="-71.457415">
        <ele>68.5</ele>
        <time>2025-04-12T15:32:52Z</time>
      </trkpt>
      <trkpt lat="-32.865415" lon="-71.457372">
        <ele>66.1</ele>
        <time>2025-04-12T15:32:54Z</time>
      </trkpt>
      <trkpt lat="-32.865099" lon="-71.457403">
        <ele>63.3</ele>
        <time>2025-04-12T15:32:56Z</time>
      </trkpt>
      <trkpt lat="-32.864804" lon="-71.457443">
        <ele>60.9</ele>
        <time>2025-04-12T15:32:58Z</time>
      </trkpt>
      <trkpt lat="-32.864487" lon="-71.457475">
        <ele>58.8</ele>
        <time>2025-04-12T15:33:00Z</time>
      </trkpt>
      <trkpt lat="-32.864141" lon="-71.457514">
        <ele>57.1</ele>
        <time>2025-04-12T15:33:02Z</time>
      </trkpt>
      <trkpt lat="-32.863779" lon="-71.457535">
        <ele>54.7</ele>
        <time>2025-04-12T15:33:04Z</time>
      </trkpt>
      <trkpt lat="-32.86342" lon="-71.457532">
        <ele>51.7</ele>
        <time>2025-04-12T15:33:06Z</time>
      </trkpt>
      <trkpt lat="-32.863089" lon="-71.457527">
        <ele>48.4</ele>
        <time>2025-04-12T15:33:08Z</time>
      </trkpt>
      <trkpt lat="-32.862778" lon="-71.457513">
        <ele>45.2</ele>
        <time>2025-04-12T15:33:10Z</time>
      </trkpt>
      <trkpt lat="-32.862494" lon="-71.457452">
        <ele>42.7</ele>
        <time>2025-04-12T15:33:12Z</time>
      </trkpt>
      <trkpt lat="-32.862245" lon="-71.457308">
        <ele>40.6</ele>
        <time>2025-04-12T15:33:14Z</time>
      </trkpt>
      <trkpt lat="-32.86206" lon="-71.457064">
        <ele>38.3</ele>
        <time>2025-04-12T15:33:16Z</time>
      </trkpt>
      <trkpt lat="-32.861926" lon="-71.456746">
        <ele>35.9</ele>
        <time>2025-04-12T15:33:18Z</time>
      </trkpt>
      <trkpt lat="-32.86185" lon="-71.456367">
        <ele>34.0</ele>
        <time>2025-04-12T15:33:20Z</time>
      </trkpt>
      <trkpt lat="-32.861755" lon="-71.455973">
        <ele>33.2</ele>
        <time>2025-04-12T15:33:22Z</time>
      </trkpt>
      <trkpt lat="-32.861609" lon="-71.455611">
        <ele>33.1</ele>
        <time>2025-04-12T15:33:24Z</time>
      </trkpt>
      <trkpt lat="-32.86142" lon="-71.455344">
        <ele>32.8</ele>
        <time>2025-04-12T15:33:26Z</time>
      </trkpt>
      <trkpt lat="-32.861208" lon="-71.455093">
        <ele>32.5</ele>
        <time>2025-04-12T15:33:27Z</time>
      </trkpt>
      <trkpt lat="-32.860996" lon="-71.454844">
        <ele>32.4</ele>
        <time>2025-04-12T15:33:29Z</time>
      </trkpt>
      <trkpt lat="-32.86078" lon="-71.454632">
        <ele>33.0</ele>
        <time>2025-04-12T15:33:31Z</time>
      </trkpt>
      <trkpt lat="-32.860561" lon="-71.454479">
        <ele>33.5</ele>
        <time>2025-04-12T15:33:33Z</time>
      </trkpt>
      <trkpt lat="-32.860292" lon="-71.454397">
        <ele>34.2</ele>
        <time>2025-04-12T15:33:35Z</time>
      </trkpt>
      <trkpt lat="-32.860053" lon="-71.454391">
        <ele>34.7</ele>
        <time>2025-04-12T15:33:37Z</time>
      </trkpt>
      <trkpt lat="-32.859831" lon="-71.454452">
        <ele>35.4</ele>
        <time>2025-04-12T15:33:39Z</time>
      </trkpt>
      <trkpt lat="-32.859578" lon="-71.454563">
        <ele>37.0</ele>
        <time>2025-04-12T15:33:41Z</time>
      </trkpt>
      <trkpt lat="-32.859303" lon="-71.45463">
        <ele>39.8</ele>
        <time>2025-04-12T15:33:43Z</time>
      </trkpt>
      <trkpt lat="-32.859037" lon="-71.454617">
        <ele>42.8</ele>
        <time>2025-04-12T15:33:45Z</time>
      </trkpt>
      <trkpt lat="-32.858798" lon="-71.454543">
        <ele>45.3</ele>
        <time>2025-04-12T15:33:47Z</time>
      </trkpt>
      <trkpt lat="-32.858591" lon="-71.454401">
        <ele>47.2</ele>
        <time>2025-04-12T15:33:49Z</time>
      </trkpt>
      <trkpt lat="-32.858376" lon="-71.454255">
        <ele>48.8</ele>
        <time>2025-04-12T15:33:51Z</time>
      </trkpt>
      <trkpt lat="-32.858156" lon="-71.45408">
        <ele>50.0</ele>
        <time>2025-04-12T15:33:53Z</time>
      </trkpt>
      <trkpt lat="-32.857944" lon="-71.453856">
        <ele>50.6</ele>
        <time>2025-04-12T15:33:55Z</time>
      </trkpt>
      <trkpt lat="-32.857746" lon="-71.453589">
        <ele>51.5</ele>
        <time>2025-04-12T15:33:57Z</time>
      </trkpt>
      <trkpt lat="-32.857547" lon="-71.453349">
        <ele>52.0</ele>
        <time>2025-04-12T15:33:59Z</time>
      </trkpt>
      <trkpt lat="-32.857307" lon="-71.453169">
        <ele>52.2</ele>
        <time>2025-04-12T15:34:02Z</time>
      </trkpt>
      <trkpt lat="-32.857019" lon="-71.453011">
        <ele>52.7</ele>
        <time>2025-04-12T15:34:04Z</time>
      </trkpt>
      <trkpt lat="-32.856747" lon="-71.452855">
        <ele>53.2</ele>
        <time>2025-04-12T15:34:06Z</time>
      </trkpt>
      <trkpt lat="-32.856497" lon="-71.45269">
        <ele>53.4</ele>
        <time>2025-04-12T15:34:08Z</time>
      </trkpt>
      <trkpt lat="-32.856244" lon="-71.452468">
        <ele>53.4</ele>
        <time>2025-04-12T15:34:10Z</time>
      </trkpt>
      <trkpt lat="-32.856032" lon="-71.4522">
        <ele>53.7</ele>
        <time>2025-04-12T15:34:12Z</time>
      </trkpt>
      <trkpt lat="-32.855864" lon="-71.451935">
        <ele>53.8</ele>
        <time>2025-04-12T15:34:14Z</time>
      </trkpt>
      <trkpt lat="-32.855662" lon="-71.451686">
        <ele>53.7</ele>
        <time>2025-04-12T15:34:16Z</time>
      </trkpt>
      <trkpt lat="-32.855389" lon="-71.451465">
        <ele>53.8</ele>
        <time>2025-04-12T15:34:18Z</time>
      </trkpt>
      <trkpt lat="-32.855136" lon="-71.45129">
        <ele>54.2</ele>
        <time>2025-04-12T15:34:20Z</time>
      </trkpt>
      <trkpt lat="-32.854892" lon="-71.451129">
        <ele>55.0</ele>
        <time>2025-04-12T15:34:22Z</time>
      </trkpt>
      <trkpt lat="-32.854662" lon="-71.450964">
        <ele>56.3</ele>
        <time>2025-04-12T15:34:24Z</time>
      </trkpt>
      <trkpt lat="-32.854479" lon="-71.45076">
        <ele>58.3</ele>
        <time>2025-04-12T15:34:26Z</time>
      </trkpt>
      <trkpt lat="-32.854373" lon="-71.450487">
        <ele>59.4</ele>
        <time>2025-04-12T15:34:28Z</time>
      </trkpt>
      <trkpt lat="-32.854314" lon="-71.450175">
        <ele>62.2</ele>
        <time>2025-04-12T15:34:30Z</time>
      </trkpt>
      <trkpt lat="-32.85426" lon="-71.449855">
        <ele>65.3</ele>
        <time>2025-04-12T15:34:32Z</time>
      </trkpt>
      <trkpt lat="-32.854171" lon="-71.449541">
        <ele>68.3</ele>
        <time>2025-04-12T15:34:34Z</time>
      </trkpt>
      <trkpt lat="-32.854025" lon="-71.449278">
        <ele>71.0</ele>
        <time>2025-04-12T15:34:36Z</time>
      </trkpt>
      <trkpt lat="-32.853817" lon="-71.449041">
        <ele>73.6</ele>
        <time>2025-04-12T15:34:38Z</time>
      </trkpt>
      <trkpt lat="-32.853535" lon="-71.448855">
        <ele>76.8</ele>
        <time>2025-04-12T15:34:40Z</time>
      </trkpt>
      <trkpt lat="-32.853252" lon="-71.448747">
        <ele>79.9</ele>
        <time>2025-04-12T15:34:42Z</time>
      </trkpt>
      <trkpt lat="-32.853025" lon="-71.448573">
        <ele>82.9</ele>
        <time>2025-04-12T15:34:44Z</time>
      </trkpt>
      <trkpt lat="-32.852838" lon="-71.448343">
        <ele>85.4</ele>
        <time>2025-04-12T15:34:46Z</time>
      </trkpt>
      <trkpt lat="-32.852647" lon="-71.448073">
        <ele>87.9</ele>
        <time>2025-04-12T15:34:48Z</time>
      </trkpt>
      <trkpt lat="-32.852412" lon="-71.447893">
        <ele>89.6</ele>
        <time>2025-04-12T15:34:50Z</time>
      </trkpt>
      <trkpt lat="-32.85213" lon="-71.447812">
        <ele>91.2</ele>
        <time>2025-04-12T15:34:52Z</time>
      </trkpt>
      <trkpt lat="-32.851855" lon="-71.447742">
        <ele>92.3</ele>
        <time>2025-04-12T15:34:54Z</time>
      </trkpt>
      <trkpt lat="-32.851628" lon="-71.447696">
        <ele>93.1</ele>
        <time>2025-04-12T15:34:56Z</time>
      </trkpt>
      <trkpt lat="-32.851368" lon="-71.447699">
        <ele>93.5</ele>
        <time>2025-04-12T15:34:58Z</time>
      </trkpt>
      <trkpt lat="-32.851067" lon="-71.447762">
        <ele>93.7</ele>
        <time>2025-04-12T15:35:00Z</time>
      </trkpt>
      <trkpt lat="-32.850784" lon="-71.447855">
        <ele>94.1</ele>
        <time>2025-04-12T15:35:02Z</time>
      </trkpt>
      <trkpt lat="-32.850515" lon="-71.447975">
        <ele>94.2</ele>
        <time>2025-04-12T15:35:04Z</time>
      </trkpt>
      <trkpt lat="-32.850239" lon="-71.448089">
        <ele>94.2</ele>
        <time>2025-04-12T15:35:06Z</time>
      </trkpt>
      <trkpt lat="-32.849946" lon="-71.448186">
        <ele>94.2</ele>
        <time>2025-04-12T15:35:08Z</time>
      </trkpt>
      <trkpt lat="-32.849613" lon="-71.448218">
        <ele>94.5</ele>
        <time>2025-04-12T15:35:10Z</time>
      </trkpt>
      <trkpt lat="-32.849277" lon="-71.448152">
        <ele>95.0</ele>
        <time>2025-04-12T15:35:12Z</time>
      </trkpt>
      <trkpt lat="-32.848982" lon="-71.448032">
        <ele>95.4</ele>
        <time>2025-04-12T15:35:14Z</time>
      </trkpt>
      <trkpt lat="-32.848727" lon="-71.447877">
        <ele>95.3</ele>
        <time>2025-04-12T15:35:16Z</time>
      </trkpt>
      <trkpt lat="-32.848502" lon="-71.447738">
        <ele>95.4</ele>
        <time>2025-04-12T15:35:18Z</time>
      </trkpt>
      <trkpt lat="-32.848253" lon="-71.447581">
        <ele>96.1</ele>
        <time>2025-04-12T15:35:20Z</time>
      </trkpt>
      <trkpt lat="-32.847972" lon="-71.447415">
        <ele>97.9</ele>
        <time>2025-04-12T15:35:22Z</time>
      </trkpt>
      <trkpt lat="-32.847648" lon="-71.447222">
        <ele>100.2</ele>
        <time>2025-04-12T15:35:24Z</time>
      </trkpt>
      <trkpt lat="-32.84731" lon="-71.447017">
        <ele>102.4</ele>
        <time>2025-04-12T15:35:26Z</time>
      </trkpt>
      <trkpt lat="-32.847014" lon="-71.446836">
        <ele>103.9</ele>
        <time>2025-04-12T15:35:28Z</time>
      </trkpt>
      <trkpt lat="-32.846702" lon="-71.446655">
        <ele>105.2</ele>
        <time>2025-04-12T15:35:30Z</time>
      </trkpt>
      <trkpt lat="-32.84637" lon="-71.446466">
        <ele>105.8</ele>
        <time>2025-04-12T15:35:32Z</time>
      </trkpt>
      <trkpt lat="-32.846002" lon="-71.446272">
        <ele>107.2</ele>
        <time>2025-04-12T15:35:34Z</time>
      </trkpt>
      <trkpt lat="-32.84565" lon="-71.446089">
        <ele>108.2</ele>
        <time>2025-04-12T15:35:36Z</time>
      </trkpt>
      <trkpt lat="-32.845338" lon="-71.445941">
        <ele>108.7</ele>
        <time>2025-04-12T15:35:37Z</time>
      </trkpt>
      <trkpt lat="-32.845028" lon="-71.445806">
        <ele>109.1</ele>
        <time>2025-04-12T15:35:39Z</time>
      </trkpt>
      <trkpt lat="-32.844697" lon="-71.44565">
        <ele>109.9</ele>
        <time>2025-04-12T15:35:41Z</time>
      </trkpt>
      <trkpt lat="-32.84437" lon="-71.445489">
        <ele>111.0</ele>
        <time>2025-04-12T15:35:43Z</time>
      </trkpt>
      <trkpt lat="-32.84408" lon="-71.445343">
        <ele>111.6</ele>
        <time>2025-04-12T15:35:45Z</time>
      </trkpt>
      <trkpt lat="-32.843824" lon="-71.445198">
        <ele>112.2</ele>
        <time>2025-04-12T15:35:47Z</time>
      </trkpt>
      <trkpt lat="-32.843551" lon="-71.445027">
        <ele>113.1</ele>
        <time>2025-04-12T15:35:49Z</time>
      </trkpt>
      <trkpt lat="-32.843273" lon="-71.444815">
        <ele>114.7</ele>
        <time>2025-04-12T15:35:51Z</time>
      </trkpt>
      <trkpt lat="-32.842997" lon="-71.44458">
        <ele>116.3</ele>
        <time>2025-04-12T15:35:53Z</time>
      </trkpt>
      <trkpt lat="-32.842732" lon="-71.444339">
        <ele>117.5</ele>
        <time>2025-04-12T15:35:55Z</time>
      </trkpt>
      <trkpt lat="-32.842463" lon="-71.444101">
        <ele>118.6</ele>
        <time>2025-04-12T15:35:57Z</time>
      </trkpt>
      <trkpt lat="-32.842188" lon="-71.443868">
        <ele>119.5</ele>
        <time>2025-04-12T15:35:59Z</time>
      </trkpt>
      <trkpt lat="-32.841942" lon="-71.443651">
        <ele>120.0</ele>
        <time>2025-04-12T15:36:01Z</time>
      </trkpt>
      <trkpt lat="-32.841702" lon="-71.44343">
        <ele>120.9</ele>
        <time>2025-04-12T15:36:03Z</time>
      </trkpt>
      <trkpt lat="-32.841475" lon="-71.443177">
        <ele>121.8</ele>
        <time>2025-04-12T15:36:05Z</time>
      </trkpt>
      <trkpt lat="-32.841308" lon="-71.442893">
        <ele>122.1</ele>
        <time>2025-04-12T15:36:08Z</time>
      </trkpt>
      <trkpt lat="-32.841182" lon="-71.442619">
        <ele>121.6</ele>
        <time>2025-04-12T15:36:10Z</time>
      </trkpt>
      <trkpt lat="-32.841061" lon="-71.44236">
        <ele>120.4</ele>
        <time>2025-04-12T15:36:12Z</time>
      </trkpt>
      <trkpt lat="-32.840895" lon="-71.442079">
        <ele>119.2</ele>
        <time>2025-04-12T15:36:14Z</time>
      </trkpt>
      <trkpt lat="-32.840648" lon="-71.441817">
        <ele>118.5</ele>
        <time>2025-04-12T15:36:16Z</time>
      </trkpt>
      <trkpt lat="-32.840328" lon="-71.441603">
        <ele>118.3</ele>
        <time>2025-04-12T15:36:18Z</time>
      </trkpt>
      <trkpt lat="-32.839968" lon="-71.441438">
        <ele>118.0</ele>
        <time>2025-04-12T15:36:20Z</time>
      </trkpt>
      <trkpt lat="-32.839638" lon="-71.441285">
        <ele>116.8</ele>
        <time>2025-04-12T15:36:22Z</time>
      </trkpt>
      <trkpt lat="-32.839319" lon="-71.44115">
        <ele>115.1</ele>
        <time>2025-04-12T15:36:24Z</time>
      </trkpt>
      <trkpt lat="-32.838981" lon="-71.441049">
        <ele>113.4</ele>
        <time>2025-04-12T15:36:26Z</time>
      </trkpt>
      <trkpt lat="-32.838585" lon="-71.44102">
        <ele>112.3</ele>
        <time>2025-04-12T15:36:28Z</time>
      </trkpt>
      <trkpt lat="-32.838155" lon="-71.441005">
        <ele>111.1</ele>
        <time>2025-04-12T15:36:30Z</time>
      </trkpt>
      <trkpt lat="-32.837776" lon="-71.440987">
        <ele>109.8</ele>
        <time>2025-04-12T15:36:32Z</time>
      </trkpt>
      <trkpt lat="-32.837421" lon="-71.440982">
        <ele>109.0</ele>
        <time>2025-04-12T15:36:34Z</time>
      </trkpt>
      <trkpt lat="-32.837092" lon="-71.440993">
        <ele>107.4</ele>
        <time>2025-04-12T15:36:36Z</time>
      </trkpt>
      <trkpt lat="-32.836767" lon="-71.441002">
        <ele>106.4</ele>
        <time>2025-04-12T15:36:38Z</time>
      </trkpt>
      <trkpt lat="-32.836416" lon="-71.441036">
        <ele>105.9</ele>
        <time>2025-04-12T15:36:40Z</time>
      </trkpt>
      <trkpt lat="-32.836051" lon="-71.441075">
        <ele>105.0</ele>
        <time>2025-04-12T15:36:42Z</time>
      </trkpt>
      <trkpt lat="-32.835656" lon="-71.441141">
        <ele>103.8</ele>
        <time>2025-04-12T15:36:44Z</time>
      </trkpt>
      <trkpt lat="-32.835244" lon="-71.441188">
        <ele>101.7</ele>
        <time>2025-04-12T15:36:46Z</time>
      </trkpt>
      <trkpt lat="-32.834865" lon="-71.441226">
        <ele>98.2</ele>
        <time>2025-04-12T15:36:48Z</time>
      </trkpt>
      <trkpt lat="-32.834509" lon="-71.441268">
        <ele>94.0</ele>
        <time>2025-04-12T15:36:50Z</time>
      </trkpt>
      <trkpt lat="-32.834139" lon="-71.441243">
        <ele>91.4</ele>
        <time>2025-04-12T15:36:52Z</time>
      </trkpt>
      <trkpt lat="-32.833772" lon="-71.44116">
        <ele>90.4</ele>
        <time>2025-04-12T15:36:54Z</time>
      </trkpt>
      <trkpt lat="-32.833434" lon="-71.441082">
        <ele>89.8</ele>
        <time>2025-04-12T15:36:56Z</time>
      </trkpt>
      <trkpt lat="-32.833117" lon="-71.441028">
        <ele>88.7</ele>
        <time>2025-04-12T15:36:58Z</time>
      </trkpt>
      <trkpt lat="-32.832802" lon="-71.440986">
        <ele>87.6</ele>
        <time>2025-04-12T15:37:00Z</time>
      </trkpt>
      <trkpt lat="-32.832478" lon="-71.440953">
        <ele>86.2</ele>
        <time>2025-04-12T15:37:02Z</time>
      </trkpt>
      <trkpt lat="-32.832143" lon="-71.440936">
        <ele>84.8</ele>
        <time>2025-04-12T15:37:04Z</time>
      </trkpt>
      <trkpt lat="-32.831788" lon="-71.440937">
        <ele>84.1</ele>
        <time>2025-04-12T15:37:06Z</time>
      </trkpt>
      <trkpt lat="-32.831413" lon="-71.440935">
        <ele>82.7</ele>
        <time>2025-04-12T15:37:08Z</time>
      </trkpt>
      <trkpt lat="-32.831031" lon="-71.440929">
        <ele>81.2</ele>
        <time>2025-04-12T15:37:10Z</time>
      </trkpt>
      <trkpt lat="-32.83064" lon="-71.440921">
        <ele>80.6</ele>
        <time>2025-04-12T15:37:12Z</time>
      </trkpt>
      <trkpt lat="-32.83028" lon="-71.440916">
        <ele>80.6</ele>
        <time>2025-04-12T15:37:14Z</time>
      </trkpt>
      <trkpt lat="-32.829928" lon="-71.440912">
        <ele>80.9</ele>
        <time>2025-04-12T15:37:16Z</time>
      </trkpt>
      <trkpt lat="-32.829569" lon="-71.440913">
        <ele>81.0</ele>
        <time>2025-04-12T15:37:18Z</time>
      </trkpt>
      <trkpt lat="-32.829212" lon="-71.440902">
        <ele>80.9</ele>
        <time>2025-04-12T15:37:20Z</time>
      </trkpt>
      <trkpt lat="-32.828847" lon="-71.440902">
        <ele>80.2</ele>
        <time>2025-04-12T15:37:22Z</time>
      </trkpt>
      <trkpt lat="-32.828446" lon="-71.440916">
        <ele>79.9</ele>
        <time>2025-04-12T15:37:24Z</time>
      </trkpt>
      <trkpt lat="-32.828046" lon="-71.440969">
        <ele>80.1</ele>
        <time>2025-04-12T15:37:26Z</time>
      </trkpt>
      <trkpt lat="-32.827649" lon="-71.441069">
        <ele>80.4</ele>
        <time>2025-04-12T15:37:28Z</time>
      </trkpt>
      <trkpt lat="-32.827288" lon="-71.441178">
        <ele>79.7</ele>
        <time>2025-04-12T15:37:30Z</time>
      </trkpt>
      <trkpt lat="-32.826926" lon="-71.441283">
        <ele>78.9</ele>
        <time>2025-04-12T15:37:32Z</time>
      </trkpt>
      <trkpt lat="-32.826582" lon="-71.44139">
        <ele>78.1</ele>
        <time>2025-04-12T15:37:34Z</time>
      </trkpt>
      <trkpt lat="-32.826267" lon="-71.441482">
        <ele>77.3</ele>
        <time>2025-04-12T15:37:36Z</time>
      </trkpt>
      <trkpt lat="-32.825948" lon="-71.441586">
        <ele>76.9</ele>
        <time>2025-04-12T15:37:38Z</time>
      </trkpt>
      <trkpt lat="-32.825619" lon="-71.441688">
        <ele>75.4</ele>
        <time>2025-04-12T15:37:40Z</time>
      </trkpt>
      <trkpt lat="-32.825275" lon="-71.441751">
        <ele>73.5</ele>
        <time>2025-04-12T15:37:41Z</time>
      </trkpt>
      <trkpt lat="-32.824932" lon="-71.441743">
        <ele>71.0</ele>
        <time>2025-04-12T15:37:43Z</time>
      </trkpt>
      <trkpt lat="-32.824594" lon="-71.441638">
        <ele>69.0</ele>
        <time>2025-04-12T15:37:45Z</time>
      </trkpt>
      <trkpt lat="-32.824271" lon="-71.441479">
        <ele>67.9</ele>
        <time>2025-04-12T15:37:47Z</time>
      </trkpt>
      <trkpt lat="-32.82395" lon="-71.441314">
        <ele>67.2</ele>
        <time>2025-04-12T15:37:49Z</time>
      </trkpt>
      <trkpt lat="-32.823631" lon="-71.441154">
        <ele>67.2</ele>
        <time>2025-04-12T15:37:51Z</time>
      </trkpt>
      <trkpt lat="-32.823311" lon="-71.441028">
        <ele>67.7</ele>
        <time>2025-04-12T15:37:53Z</time>
      </trkpt>
      <trkpt lat="-32.82297" lon="-71.440971">
        <ele>68.6</ele>
        <time>2025-04-12T15:37:55Z</time>
      </trkpt>
      <trkpt lat="-32.822594" lon="-71.440953">
        <ele>69.4</ele>
        <time>2025-04-12T15:37:57Z</time>
      </trkpt>
      <trkpt lat="-32.822185" lon="-71.440954">
        <ele>70.5</ele>
        <time>2025-04-12T15:37:59Z</time>
      </trkpt>
      <trkpt lat="-32.821787" lon="-71.440941">
        <ele>70.4</ele>
        <time>2025-04-12T15:38:01Z</time>
      </trkpt>
      <trkpt lat="-32.821421" lon="-71.440938">
        <ele>69.4</ele>
        <time>2025-04-12T15:38:03Z</time>
      </trkpt>
      <trkpt lat="-32.821049" lon="-71.440933">
        <ele>67.9</ele>
        <time>2025-04-12T15:38:05Z</time>
      </trkpt>
      <trkpt lat="-32.820665" lon="-71.440922">
        <ele>66.7</ele>
        <time>2025-04-12T15:38:07Z</time>
      </trkpt>
      <trkpt lat="-32.820296" lon="-71.440903">
        <ele>66.2</ele>
        <time>2025-04-12T15:38:09Z</time>
      </trkpt>
      <trkpt lat="-32.819913" lon="-71.440894">
        <ele>65.4</ele>
        <time>2025-04-12T15:38:11Z</time>
      </trkpt>
      <trkpt lat="-32.819512" lon="-71.440881">
        <ele>64.9</ele>
        <time>2025-04-12T15:38:14Z</time>
      </trkpt>
      <trkpt lat="-32.819109" lon="-71.440875">
        <ele>64.9</ele>
        <time>2025-04-12T15:38:16Z</time>
      </trkpt>
      <trkpt lat="-32.818745" lon="-71.440874">
        <ele>64.6</ele>
        <time>2025-04-12T15:38:18Z</time>
      </trkpt>
      <trkpt lat="-32.818381" lon="-71.440873">
        <ele>64.0</ele>
        <time>2025-04-12T15:38:20Z</time>
      </trkpt>
      <trkpt lat="-32.818023" lon="-71.440871">
        <ele>63.6</ele>
        <time>2025-04-12T15:38:22Z</time>
      </trkpt>
      <trkpt lat="-32.817668" lon="-71.440876">
        <ele>63.4</ele>
        <time>2025-04-12T15:38:24Z</time>
      </trkpt>
      <trkpt lat="-32.817312" lon="-71.440884">
        <ele>62.5</ele>
        <time>2025-04-12T15:38:26Z</time>
      </trkpt>
      <trkpt lat="-32.816958" lon="-71.440881">
        <ele>61.0</ele>
        <time>2025-04-12T15:38:28Z</time>
      </trkpt>
      <trkpt lat="-32.816605" lon="-71.440872">
        <ele>59.0</ele>
        <time>2025-04-12T15:38:30Z</time>
      </trkpt>
      <trkpt lat="-32.81627" lon="-71.440788">
        <ele>56.6</ele>
        <time>2025-04-12T15:38:32Z</time>
      </trkpt>
      <trkpt lat="-32.815942" lon="-71.440668">
        <ele>54.5</ele>
        <time>2025-04-12T15:38:34Z</time>
      </trkpt>
      <trkpt lat="-32.815619" lon="-71.440559">
        <ele>52.9</ele>
        <time>2025-04-12T15:38:36Z</time>
      </trkpt>
      <trkpt lat="-32.815304" lon="-71.440491">
        <ele>51.3</ele>
        <time>2025-04-12T15:38:38Z</time>
      </trkpt>
      <trkpt lat="-32.814968" lon="-71.440445">
        <ele>49.9</ele>
        <time>2025-04-12T15:38:40Z</time>
      </trkpt>
      <trkpt lat="-32.81463" lon="-71.440406">
        <ele>49.0</ele>
        <time>2025-04-12T15:38:42Z</time>
      </trkpt>
      <trkpt lat="-32.814322" lon="-71.440368">
        <ele>47.2</ele>
        <time>2025-04-12T15:38:44Z</time>
      </trkpt>
      <trkpt lat="-32.813992" lon="-71.44034">
        <ele>45.2</ele>
        <time>2025-04-12T15:38:46Z</time>
      </trkpt>
      <trkpt lat="-32.813668" lon="-71.440346">
        <ele>43.4</ele>
        <time>2025-04-12T15:38:48Z</time>
      </trkpt>
      <trkpt lat="-32.813375" lon="-71.44042">
        <ele>41.3</ele>
        <time>2025-04-12T15:38:50Z</time>
      </trkpt>
      <trkpt lat="-32.813121" lon="-71.44055">
        <ele>38.6</ele>
        <time>2025-04-12T15:38:52Z</time>
      </trkpt>
      <trkpt lat="-32.812895" lon="-71.440717">
        <ele>35.8</ele>
        <time>2025-04-12T15:38:54Z</time>
      </trkpt>
      <trkpt lat="-32.812675" lon="-71.440891">
        <ele>33.1</ele>
        <time>2025-04-12T15:38:56Z</time>
      </trkpt>
      <trkpt lat="-32.812439" lon="-71.441072">
        <ele>30.6</ele>
        <time>2025-04-12T15:38:58Z</time>
      </trkpt>
      <trkpt lat="-32.812175" lon="-71.441223">
        <ele>28.2</ele>
        <time>2025-04-12T15:39:00Z</time>
      </trkpt>
      <trkpt lat="-32.811907" lon="-71.441305">
        <ele>25.9</ele>
        <time>2025-04-12T15:39:02Z</time>
      </trkpt>
      <trkpt lat="-32.811641" lon="-71.441339">
        <ele>23.3</ele>
        <time>2025-04-12T15:39:04Z</time>
      </trkpt>
      <trkpt lat="-32.81136" lon="-71.441352">
        <ele>21.2</ele>
        <time>2025-04-12T15:39:06Z</time>
      </trkpt>
      <trkpt lat="-32.811121" lon="-71.441372">
        <ele>19.7</ele>
        <time>2025-04-12T15:39:08Z</time>
      </trkpt>
      <trkpt lat="-32.810923" lon="-71.441398">
        <ele>19.0</ele>
        <time>2025-04-12T15:39:10Z</time>
      </trkpt>
      <trkpt lat="-32.810786" lon="-71.441423">
        <ele>18.8</ele>
        <time>2025-04-12T15:39:12Z</time>
      </trkpt>
      <trkpt lat="-32.810678" lon="-71.441431">
        <ele>18.3</ele>
        <time>2025-04-12T15:39:14Z</time>
      </trkpt>
      <trkpt lat="-32.810521" lon="-71.44145">
        <ele>18.1</ele>
        <time>2025-04-12T15:39:16Z</time>
      </trkpt>
      <trkpt lat="-32.810353" lon="-71.441474">
        <ele>18.3</ele>
        <time>2025-04-12T15:39:18Z</time>
      </trkpt>
      <trkpt lat="-32.810165" lon="-71.441509">
        <ele>18.8</ele>
        <time>2025-04-12T15:39:20Z</time>
      </trkpt>
      <trkpt lat="-32.810007" lon="-71.44154">
        <ele>19.0</ele>
        <time>2025-04-12T15:39:22Z</time>
      </trkpt>
      <trkpt lat="-32.80989" lon="-71.441563">
        <ele>18.9</ele>
        <time>2025-04-12T15:39:24Z</time>
      </trkpt>
      <trkpt lat="-32.809778" lon="-71.441583">
        <ele>18.8</ele>
        <time>2025-04-12T15:39:26Z</time>
      </trkpt>
      <trkpt lat="-32.809621" lon="-71.44161">
        <ele>19.0</ele>
        <time>2025-04-12T15:39:28Z</time>
      </trkpt>
      <trkpt lat="-32.80943" lon="-71.441648">
        <ele>19.5</ele>
        <time>2025-04-12T15:39:30Z</time>
      </trkpt>
      <trkpt lat="-32.809206" lon="-71.441697">
        <ele>20.1</ele>
        <time>2025-04-12T15:39:32Z</time>
      </trkpt>
      <trkpt lat="-32.808949" lon="-71.441758">
        <ele>20.8</ele>
        <time>2025-04-12T15:39:34Z</time>
      </trkpt>
      <trkpt lat="-32.808667" lon="-71.441828">
        <ele>21.5</ele>
        <time>2025-04-12T15:39:36Z</time>
      </trkpt>
      <trkpt lat="-32.808359" lon="-71.441907">
        <ele>22.1</ele>
        <time>2025-04-12T15:39:38Z</time>
      </trkpt>
      <trkpt lat="-32.808043" lon="-71.441994">
        <ele>22.4</ele>
        <time>2025-04-12T15:39:39Z</time>
      </trkpt>
      <trkpt lat="-32.80771" lon="-71.44208">
        <ele>22.8</ele>
        <time>2025-04-12T15:39:41Z</time>
      </trkpt>
      <trkpt lat="-32.807404" lon="-71.44216">
        <ele>22.8</ele>
        <time>2025-04-12T15:39:43Z</time>
      </trkpt>
      <trkpt lat="-32.807133" lon="-71.442224">
        <ele>22.4</ele>
        <time>2025-04-12T15:39:45Z</time>
      </trkpt>
      <trkpt lat="-32.806889" lon="-71.442277">
        <ele>21.4</ele>
        <time>2025-04-12T15:39:47Z</time>
      </trkpt>
      <trkpt lat="-32.806679" lon="-71.442341">
        <ele>20.4</ele>
        <time>2025-04-12T15:39:49Z</time>
      </trkpt>
      <trkpt lat="-32.806484" lon="-71.44238">
        <ele>19.6</ele>
        <time>2025-04-12T15:39:51Z</time>
      </trkpt>
      <trkpt lat="-32.806311" lon="-71.442434">
        <ele>19.1</ele>
        <time>2025-04-12T15:39:53Z</time>
      </trkpt>
      <trkpt lat="-32.806169" lon="-71.44247">
        <ele>18.6</ele>
        <time>2025-04-12T15:39:55Z</time>
      </trkpt>
      <trkpt lat="-32.806059" lon="-71.442498">
        <ele>18.4</ele>
        <time>2025-04-12T15:39:57Z</time>
      </trkpt>
      <trkpt lat="-32.805984" lon="-71.442502">
        <ele>18.5</ele>
        <time>2025-04-12T15:39:59Z</time>
      </trkpt>
      <trkpt lat="-32.805962" lon="-71.442512">
        <ele>18.6</ele>
        <time>2025-04-12T15:40:01Z</time>
      </trkpt>
      <trkpt lat="-32.805928" lon="-71.442528">
        <ele>18.6</ele>
        <time>2025-04-12T15:40:03Z</time>
      </trkpt>
      <trkpt lat="-32.805864" lon="-71.442592">
        <ele>19.0</ele>
        <time>2025-04-12T15:40:05Z</time>
      </trkpt>
      <trkpt lat="-32.805867" lon="-71.44274">
        <ele>19.8</ele>
        <time>2025-04-12T15:40:07Z</time>
      </trkpt>
      <trkpt lat="-32.805918" lon="-71.442909">
        <ele>21.0</ele>
        <time>2025-04-12T15:40:09Z</time>
      </trkpt>
      <trkpt lat="-32.805985" lon="-71.44314">
        <ele>22.2</ele>
        <time>2025-04-12T15:40:11Z</time>
      </trkpt>
      <trkpt lat="-32.80607" lon="-71.44341">
        <ele>23.3</ele>
        <time>2025-04-12T15:40:13Z</time>
      </trkpt>
      <trkpt lat="-32.806167" lon="-71.443742">
        <ele>24.1</ele>
        <time>2025-04-12T15:40:15Z</time>
      </trkpt>
      <trkpt lat="-32.806286" lon="-71.444195">
        <ele>26.6</ele>
        <time>2025-04-12T15:40:17Z</time>
      </trkpt>
      <trkpt lat="-32.806394" lon="-71.444703">
        <ele>30.4</ele>
        <time>2025-04-12T15:40:20Z</time>
      </trkpt>
      <trkpt lat="-32.806538" lon="-71.44523">
        <ele>33.4</ele>
        <time>2025-04-12T15:40:22Z</time>
      </trkpt>
      <trkpt lat="-32.806698" lon="-71.44571">
        <ele>33.4</ele>
        <time>2025-04-12T15:40:24Z</time>
      </trkpt>
      <trkpt lat="-32.806845" lon="-71.44614">
        <ele>31.6</ele>
        <time>2025-04-12T15:40:26Z</time>
      </trkpt>
      <trkpt lat="-32.806965" lon="-71.446522">
        <ele>31.1</ele>
        <time>2025-04-12T15:40:28Z</time>
      </trkpt>
      <trkpt lat="-32.807091" lon="-71.446919">
        <ele>32.6</ele>
        <time>2025-04-12T15:40:30Z</time>
      </trkpt>
      <trkpt lat="-32.807171" lon="-71.447323">
        <ele>35.6</ele>
        <time>2025-04-12T15:40:32Z</time>
      </trkpt>
      <trkpt lat="-32.80719" lon="-71.447711">
        <ele>38.9</ele>
        <time>2025-04-12T15:40:34Z</time>
      </trkpt>
      <trkpt lat="-32.80712" lon="-71.448077">
        <ele>42.1</ele>
        <time>2025-04-12T15:40:36Z</time>
      </trkpt>
      <trkpt lat="-32.80698" lon="-71.448395">
        <ele>44.5</ele>
        <time>2025-04-12T15:40:38Z</time>
      </trkpt>
      <trkpt lat="-32.806853" lon="-71.44864">
        <ele>46.6</ele>
        <time>2025-04-12T15:40:40Z</time>
      </trkpt>
      <trkpt lat="-32.806719" lon="-71.448894">
        <ele>48.6</ele>
        <time>2025-04-12T15:40:42Z</time>
      </trkpt>
      <trkpt lat="-32.8066" lon="-71.449127">
        <ele>50.8</ele>
        <time>2025-04-12T15:40:44Z</time>
      </trkpt>
      <trkpt lat="-32.806476" lon="-71.449373">
        <ele>53.2</ele>
        <time>2025-04-12T15:40:46Z</time>
      </trkpt>
      <trkpt lat="-32.806337" lon="-71.449621">
        <ele>54.6</ele>
        <time>2025-04-12T15:40:48Z</time>
      </trkpt>
      <trkpt lat="-32.806224" lon="-71.449856">
        <ele>57.1</ele>
        <time>2025-04-12T15:40:50Z</time>
      </trkpt>
      <trkpt lat="-32.806096" lon="-71.450101">
        <ele>59.4</ele>
        <time>2025-04-12T15:40:52Z</time>
      </trkpt>
      <trkpt lat="-32.805965" lon="-71.45036">
        <ele>61.8</ele>
        <time>2025-04-12T15:40:54Z</time>
      </trkpt>
      <trkpt lat="-32.805838" lon="-71.450635">
        <ele>64.8</ele>
        <time>2025-04-12T15:40:56Z</time>
      </trkpt>
      <trkpt lat="-32.805798" lon="-71.450932">
        <ele>67.5</ele>
        <time>2025-04-12T15:40:58Z</time>
      </trkpt>
      <trkpt lat="-32.805812" lon="-71.451256">
        <ele>69.9</ele>
        <time>2025-04-12T15:41:00Z</time>
      </trkpt>
      <trkpt lat="-32.80589" lon="-71.451588">
        <ele>72.0</ele>
        <time>2025-04-12T15:41:02Z</time>
      </trkpt>
      <trkpt lat="-32.805964" lon="-71.451902">
        <ele>74.3</ele>
        <time>2025-04-12T15:41:04Z</time>
      </trkpt>
      <trkpt lat="-32.805972" lon="-71.452244">
        <ele>76.3</ele>
        <time>2025-04-12T15:41:06Z</time>
      </trkpt>
      <trkpt lat="-32.80595" lon="-71.452606">
        <ele>78.5</ele>
        <time>2025-04-12T15:41:08Z</time>
      </trkpt>
      <trkpt lat="-32.80591" lon="-71.452949">
        <ele>80.8</ele>
        <time>2025-04-12T15:41:10Z</time>
      </trkpt>
      <trkpt lat="-32.805874" lon="-71.453286">
        <ele>83.3</ele>
        <time>2025-04-12T15:41:12Z</time>
      </trkpt>
      <trkpt lat="-32.805784" lon="-71.453656">
        <ele>86.3</ele>
        <time>2025-04-12T15:41:14Z</time>
      </trkpt>
      <trkpt lat="-32.805637" lon="-71.454027">
        <ele>89.3</ele>
        <time>2025-04-12T15:41:16Z</time>
      </trkpt>
      <trkpt lat="-32.805489" lon="-71.454368">
        <ele>91.8</ele>
        <time>2025-04-12T15:41:18Z</time>
      </trkpt>
      <trkpt lat="-32.805353" lon="-71.454719">
        <ele>92.7</ele>
        <time>2025-04-12T15:41:20Z</time>
      </trkpt>
      <trkpt lat="-32.805216" lon="-71.455051">
        <ele>94.4</ele>
        <time>2025-04-12T15:41:22Z</time>
      </trkpt>
      <trkpt lat="-32.805095" lon="-71.455355">
        <ele>95.8</ele>
        <time>2025-04-12T15:41:24Z</time>
      </trkpt>
      <trkpt lat="-32.804954" lon="-71.455706">
        <ele>97.5</ele>
        <time>2025-04-12T15:41:26Z</time>
      </trkpt>
      <trkpt lat="-32.804812" lon="-71.456053">
        <ele>99.4</ele>
        <time>2025-04-12T15:41:28Z</time>
      </trkpt>
      <trkpt lat="-32.804674" lon="-71.456375">
        <ele>101.3</ele>
        <time>2025-04-12T15:41:30Z</time>
      </trkpt>
      <trkpt lat="-32.804537" lon="-71.456704">
        <ele>102.9</ele>
        <time>2025-04-12T15:41:32Z</time>
      </trkpt>
      <trkpt lat="-32.804411" lon="-71.457013">
        <ele>104.7</ele>
        <time>2025-04-12T15:41:34Z</time>
      </trkpt>
      <trkpt lat="-32.804283" lon="-71.457301">
        <ele>106.2</ele>
        <time>2025-04-12T15:41:36Z</time>
      </trkpt>
      <trkpt lat="-32.804163" lon="-71.457589">
        <ele>107.7</ele>
        <time>2025-04-12T15:41:37Z</time>
      </trkpt>
      <trkpt lat="-32.804117" lon="-71.457885">
        <ele>109.2</ele>
        <time>2025-04-12T15:41:39Z</time>
      </trkpt>
      <trkpt lat="-32.804129" lon="-71.458203">
        <ele>110.8</ele>
        <time>2025-04-12T15:41:41Z</time>
      </trkpt>
      <trkpt lat="-32.804215" lon="-71.458527">
        <ele>112.5</ele>
        <time>2025-04-12T15:41:43Z</time>
      </trkpt>
      <trkpt lat="-32.80439" lon="-71.458848">
        <ele>114.5</ele>
        <time>2025-04-12T15:41:45Z</time>
      </trkpt>
      <trkpt lat="-32.804598" lon="-71.459159">
        <ele>116.6</ele>
        <time>2025-04-12T15:41:47Z</time>
      </trkpt>
      <trkpt lat="-32.804806" lon="-71.459457">
        <ele>117.9</ele>
        <time>2025-04-12T15:41:49Z</time>
      </trkpt>
      <trkpt lat="-32.805014" lon="-71.459743">
        <ele>118.3</ele>
        <time>2025-04-12T15:41:51Z</time>
      </trkpt>
      <trkpt lat="-32.805228" lon="-71.460032">
        <ele>118.4</ele>
        <time>2025-04-12T15:41:53Z</time>
      </trkpt>
      <trkpt lat="-32.80542" lon="-71.460308">
        <ele>117.9</ele>
        <time>2025-04-12T15:41:55Z</time>
      </trkpt>
      <trkpt lat="-32.805571" lon="-71.460599">
        <ele>116.6</ele>
        <time>2025-04-12T15:41:57Z</time>
      </trkpt>
      <trkpt lat="-32.805668" lon="-71.46089">
        <ele>114.8</ele>
        <time>2025-04-12T15:41:59Z</time>
      </trkpt>
      <trkpt lat="-32.805704" lon="-71.4612">
        <ele>113.0</ele>
        <time>2025-04-12T15:42:01Z</time>
      </trkpt>
      <trkpt lat="-32.805671" lon="-71.461522">
        <ele>111.4</ele>
        <time>2025-04-12T15:42:03Z</time>
      </trkpt>
      <trkpt lat="-32.805562" lon="-71.461846">
        <ele>110.0</ele>
        <time>2025-04-12T15:42:05Z</time>
      </trkpt>
      <trkpt lat="-32.805358" lon="-71.462161">
        <ele>108.7</ele>
        <time>2025-04-12T15:42:07Z</time>
      </trkpt>
      <trkpt lat="-32.805085" lon="-71.462461">
        <ele>107.2</ele>
        <time>2025-04-12T15:42:09Z</time>
      </trkpt>
      <trkpt lat="-32.804771" lon="-71.462738">
        <ele>106.1</ele>
        <time>2025-04-12T15:42:11Z</time>
      </trkpt>
      <trkpt lat="-32.804474" lon="-71.463008">
        <ele>105.2</ele>
        <time>2025-04-12T15:42:13Z</time>
      </trkpt>
      <trkpt lat="-32.804177" lon="-71.463266">
        <ele>104.6</ele>
        <time>2025-04-12T15:42:15Z</time>
      </trkpt>
      <trkpt lat="-32.803868" lon="-71.46355">
        <ele>104.3</ele>
        <time>2025-04-12T15:42:17Z</time>
      </trkpt>
      <trkpt lat="-32.80357" lon="-71.463804">
        <ele>104.0</ele>
        <time>2025-04-12T15:42:19Z</time>
      </trkpt>
      <trkpt lat="-32.803281" lon="-71.464054">
        <ele>103.6</ele>
        <time>2025-04-12T15:42:21Z</time>
      </trkpt>
      <trkpt lat="-32.803014" lon="-71.464288">
        <ele>102.4</ele>
        <time>2025-04-12T15:42:23Z</time>
      </trkpt>
      <trkpt lat="-32.80274" lon="-71.464524">
        <ele>101.1</ele>
        <time>2025-04-12T15:42:26Z</time>
      </trkpt>
      <trkpt lat="-32.802484" lon="-71.464748">
        <ele>99.8</ele>
        <time>2025-04-12T15:42:28Z</time>
      </trkpt>
      <trkpt lat="-32.802275" lon="-71.464976">
        <ele>98.3</ele>
        <time>2025-04-12T15:42:30Z</time>
      </trkpt>
      <trkpt lat="-32.802091" lon="-71.465246">
        <ele>96.8</ele>
        <time>2025-04-12T15:42:32Z</time>
      </trkpt>
      <trkpt lat="-32.80192" lon="-71.465577">
        <ele>95.6</ele>
        <time>2025-04-12T15:42:34Z</time>
      </trkpt>
      <trkpt lat="-32.801719" lon="-71.46592">
        <ele>95.4</ele>
        <time>2025-04-12T15:42:36Z</time>
      </trkpt>
      <trkpt lat="-32.801552" lon="-71.466217">
        <ele>95.2</ele>
        <time>2025-04-12T15:42:38Z</time>
      </trkpt>
      <trkpt lat="-32.801421" lon="-71.466525">
        <ele>94.9</ele>
        <time>2025-04-12T15:42:40Z</time>
      </trkpt>
      <trkpt lat="-32.801329" lon="-71.466892">
        <ele>94.8</ele>
        <time>2025-04-12T15:42:42Z</time>
      </trkpt>
      <trkpt lat="-32.801299" lon="-71.467303">
        <ele>95.0</ele>
        <time>2025-04-12T15:42:44Z</time>
      </trkpt>
      <trkpt lat="-32.801322" lon="-71.467741">
        <ele>95.2</ele>
        <time>2025-04-12T15:42:46Z</time>
      </trkpt>
      <trkpt lat="-32.801374" lon="-71.468192">
        <ele>95.1</ele>
        <time>2025-04-12T15:42:48Z</time>
      </trkpt>
      <trkpt lat="-32.801405" lon="-71.468591">
        <ele>94.5</ele>
        <time>2025-04-12T15:42:50Z</time>
      </trkpt>
      <trkpt lat="-32.801434" lon="-71.469002">
        <ele>93.7</ele>
        <time>2025-04-12T15:42:52Z</time>
      </trkpt>
      <trkpt lat="-32.801463" lon="-71.469422">
        <ele>93.5</ele>
        <time>2025-04-12T15:42:54Z</time>
      </trkpt>
      <trkpt lat="-32.801501" lon="-71.469863">
        <ele>93.4</ele>
        <time>2025-04-12T15:42:56Z</time>
      </trkpt>
      <trkpt lat="-32.801558" lon="-71.470292">
        <ele>93.0</ele>
        <time>2025-04-12T15:42:58Z</time>
      </trkpt>
      <trkpt lat="-32.801649" lon="-71.47069">
        <ele>92.2</ele>
        <time>2025-04-12T15:43:00Z</time>
      </trkpt>
      <trkpt lat="-32.801755" lon="-71.471098">
        <ele>91.4</ele>
        <time>2025-04-12T15:43:02Z</time>
      </trkpt>
      <trkpt lat="-32.801853" lon="-71.471486">
        <ele>90.5</ele>
        <time>2025-04-12T15:43:04Z</time>
      </trkpt>
      <trkpt lat="-32.80194" lon="-71.471842">
        <ele>89.0</ele>
        <time>2025-04-12T15:43:06Z</time>
      </trkpt>
      <trkpt lat="-32.802014" lon="-71.472175">
        <ele>87.2</ele>
        <time>2025-04-12T15:43:08Z</time>
      </trkpt>
      <trkpt lat="-32.802094" lon="-71.472505">
        <ele>85.6</ele>
        <time>2025-04-12T15:43:10Z</time>
      </trkpt>
      <trkpt lat="-32.802166" lon="-71.472808">
        <ele>84.3</ele>
        <time>2025-04-12T15:43:12Z</time>
      </trkpt>
      <trkpt lat="-32.80221" lon="-71.473072">
        <ele>83.2</ele>
        <time>2025-04-12T15:43:14Z</time>
      </trkpt>
      <trkpt lat="-32.802254" lon="-71.473291">
        <ele>81.9</ele>
        <time>2025-04-12T15:43:16Z</time>
      </trkpt>
      <trkpt lat="-32.802288" lon="-71.473451">
        <ele>80.7</ele>
        <time>2025-04-12T15:43:18Z</time>
      </trkpt>
      <trkpt lat="-32.80231" lon="-71.473558">
        <ele>79.5</ele>
        <time>2025-04-12T15:43:20Z</time>
      </trkpt>
      <trkpt lat="-32.80232" lon="-71.473628">
        <ele>78.9</ele>
        <time>2025-04-12T15:43:22Z</time>
      </trkpt>
      <trkpt lat="-32.802317" lon="-71.473705">
        <ele>78.8</ele>
        <time>2025-04-12T15:43:24Z</time>
      </trkpt>
      <trkpt lat="-32.802257" lon="-71.473798">
        <ele>78.8</ele>
        <time>2025-04-12T15:43:26Z</time>
      </trkpt>
      <trkpt lat="-32.802111" lon="-71.473875">
        <ele>79.0</ele>
        <time>2025-04-12T15:43:28Z</time>
      </trkpt>
      <trkpt lat="-32.80192" lon="-71.473989">
        <ele>79.3</ele>
        <time>2025-04-12T15:43:30Z</time>
      </trkpt>
      <trkpt lat="-32.801675" lon="-71.47412">
        <ele>79.9</ele>
        <time>2025-04-12T15:43:32Z</time>
      </trkpt>
      <trkpt lat="-32.801373" lon="-71.474282">
        <ele>80.6</ele>
        <time>2025-04-12T15:43:34Z</time>
      </trkpt>
      <trkpt lat="-32.801032" lon="-71.474465">
        <ele>81.1</ele>
        <time>2025-04-12T15:43:36Z</time>
      </trkpt>
      <trkpt lat="-32.800697" lon="-71.474643">
        <ele>80.6</ele>
        <time>2025-04-12T15:43:38Z</time>
      </trkpt>
      <trkpt lat="-32.80039" lon="-71.474813">
        <ele>79.1</ele>
        <time>2025-04-12T15:43:40Z</time>
      </trkpt>
      <trkpt lat="-32.80008" lon="-71.474984">
        <ele>76.9</ele>
        <time>2025-04-12T15:43:42Z</time>
      </trkpt>
      <trkpt lat="-32.799771" lon="-71.475145">
        <ele>75.0</ele>
        <time>2025-04-12T15:43:44Z</time>
      </trkpt>
      <trkpt lat="-32.799442" lon="-71.475297">
        <ele>73.0</ele>
        <time>2025-04-12T15:43:46Z</time>
      </trkpt>
      <trkpt lat="-32.799087" lon="-71.475473">
        <ele>71.4</ele>
        <time>2025-04-12T15:43:48Z</time>
      </trkpt>
      <trkpt lat="-32.798723" lon="-71.475656">
        <ele>69.5</ele>
        <time>2025-04-12T15:43:50Z</time>
      </trkpt>
      <trkpt lat="-32.798403" lon="-71.475823">
        <ele>67.4</ele>
        <time>2025-04-12T15:43:51Z</time>
      </trkpt>
      <trkpt lat="-32.798055" lon="-71.475978">
        <ele>65.4</ele>
        <time>2025-04-12T15:43:53Z</time>
      </trkpt>
      <trkpt lat="-32.797698" lon="-71.476141">
        <ele>64.2</ele>
        <time>2025-04-12T15:43:55Z</time>
      </trkpt>
      <trkpt lat="-32.797338" lon="-71.476325">
        <ele>63.7</ele>
        <time>2025-04-12T15:43:57Z</time>
      </trkpt>
      <trkpt lat="-32.79702" lon="-71.476482">
        <ele>62.2</ele>
        <time>2025-04-12T15:43:59Z</time>
      </trkpt>
      <trkpt lat="-32.796709" lon="-71.476658">
        <ele>60.4</ele>
        <time>2025-04-12T15:44:01Z</time>
      </trkpt>
      <trkpt lat="-32.796372" lon="-71.476834">
        <ele>58.8</ele>
        <time>2025-04-12T15:44:03Z</time>
      </trkpt>
      <trkpt lat="-32.796016" lon="-71.477015">
        <ele>58.3</ele>
        <time>2025-04-12T15:44:05Z</time>
      </trkpt>
      <trkpt lat="-32.79564" lon="-71.477201">
        <ele>57.8</ele>
        <time>2025-04-12T15:44:07Z</time>
      </trkpt>
      <trkpt lat="-32.795299" lon="-71.47737">
        <ele>57.0</ele>
        <time>2025-04-12T15:44:09Z</time>
      </trkpt>
      <trkpt lat="-32.794953" lon="-71.477542">
        <ele>56.3</ele>
        <time>2025-04-12T15:44:11Z</time>
      </trkpt>
      <trkpt lat="-32.794595" lon="-71.477718">
        <ele>56.0</ele>
        <time>2025-04-12T15:44:13Z</time>
      </trkpt>
      <trkpt lat="-32.794234" lon="-71.477898">
        <ele>55.5</ele>
        <time>2025-04-12T15:44:15Z</time>
      </trkpt>
      <trkpt lat="-32.793909" lon="-71.478062">
        <ele>54.3</ele>
        <time>2025-04-12T15:44:17Z</time>
      </trkpt>
      <trkpt lat="-32.793569" lon="-71.478237">
        <ele>52.9</ele>
        <time>2025-04-12T15:44:19Z</time>
      </trkpt>
      <trkpt lat="-32.793214" lon="-71.478415">
        <ele>52.5</ele>
        <time>2025-04-12T15:44:21Z</time>
      </trkpt>
      <trkpt lat="-32.792873" lon="-71.478583">
        <ele>52.6</ele>
        <time>2025-04-12T15:44:23Z</time>
      </trkpt>
      <trkpt lat="-32.792511" lon="-71.478762">
        <ele>52.9</ele>
        <time>2025-04-12T15:44:25Z</time>
      </trkpt>
      <trkpt lat="-32.792164" lon="-71.478934">
        <ele>53.0</ele>
        <time>2025-04-12T15:44:27Z</time>
      </trkpt>
      <trkpt lat="-32.791789" lon="-71.479127">
        <ele>53.0</ele>
        <time>2025-04-12T15:44:29Z</time>
      </trkpt>
      <trkpt lat="-32.791422" lon="-71.479317">
        <ele>52.9</ele>
        <time>2025-04-12T15:44:32Z</time>
      </trkpt>
      <trkpt lat="-32.791086" lon="-71.479452">
        <ele>52.6</ele>
        <time>2025-04-12T15:44:34Z</time>
      </trkpt>
      <trkpt lat="-32.790738" lon="-71.479619">
        <ele>52.4</ele>
        <time>2025-04-12T15:44:36Z</time>
      </trkpt>
      <trkpt lat="-32.790405" lon="-71.479786">
        <ele>51.7</ele>
        <time>2025-04-12T15:44:38Z</time>
      </trkpt>
      <trkpt lat="-32.790038" lon="-71.479971">
        <ele>51.1</ele>
        <time>2025-04-12T15:44:40Z</time>
      </trkpt>
      <trkpt lat="-32.78971" lon="-71.48013">
        <ele>50.8</ele>
        <time>2025-04-12T15:44:42Z</time>
      </trkpt>
      <trkpt lat="-32.789378" lon="-71.480297">
        <ele>51.0</ele>
        <time>2025-04-12T15:44:44Z</time>
      </trkpt>
      <trkpt lat="-32.789035" lon="-71.480479">
        <ele>51.4</ele>
        <time>2025-04-12T15:44:46Z</time>
      </trkpt>
      <trkpt lat="-32.788728" lon="-71.480648">
        <ele>51.5</ele>
        <time>2025-04-12T15:44:48Z</time>
      </trkpt>
      <trkpt lat="-32.788426" lon="-71.480807">
        <ele>51.0</ele>
        <time>2025-04-12T15:44:50Z</time>
      </trkpt>
      <trkpt lat="-32.78812" lon="-71.480958">
        <ele>50.5</ele>
        <time>2025-04-12T15:44:52Z</time>
      </trkpt>
      <trkpt lat="-32.787791" lon="-71.481117">
        <ele>50.1</ele>
        <time>2025-04-12T15:44:54Z</time>
      </trkpt>
      <trkpt lat="-32.787452" lon="-71.481293">
        <ele>50.1</ele>
        <time>2025-04-12T15:44:56Z</time>
      </trkpt>
      <trkpt lat="-32.787077" lon="-71.481481">
        <ele>50.3</ele>
        <time>2025-04-12T15:44:58Z</time>
      </trkpt>
      <trkpt lat="-32.786735" lon="-71.481637">
        <ele>50.1</ele>
        <time>2025-04-12T15:45:00Z</time>
      </trkpt>
      <trkpt lat="-32.786391" lon="-71.481813">
        <ele>49.5</ele>
        <time>2025-04-12T15:45:02Z</time>
      </trkpt>
      <trkpt lat="-32.786054" lon="-71.481987">
        <ele>48.7</ele>
        <time>2025-04-12T15:45:04Z</time>
      </trkpt>
      <trkpt lat="-32.785713" lon="-71.482163">
        <ele>48.4</ele>
        <time>2025-04-12T15:45:06Z</time>
      </trkpt>
      <trkpt lat="-32.785346" lon="-71.482356">
        <ele>47.7</ele>
        <time>2025-04-12T15:45:08Z</time>
      </trkpt>
      <trkpt lat="-32.785003" lon="-71.482531">
        <ele>47.0</ele>
        <time>2025-04-12T15:45:10Z</time>
      </trkpt>
      <trkpt lat="-32.784663" lon="-71.482706">
        <ele>46.0</ele>
        <time>2025-04-12T15:45:12Z</time>
      </trkpt>
      <trkpt lat="-32.784346" lon="-71.482874">
        <ele>44.0</ele>
        <time>2025-04-12T15:45:14Z</time>
      </trkpt>
      <trkpt lat="-32.78405" lon="-71.483017">
        <ele>41.7</ele>
        <time>2025-04-12T15:45:16Z</time>
      </trkpt>
      <trkpt lat="-32.783771" lon="-71.48315">
        <ele>39.1</ele>
        <time>2025-04-12T15:45:18Z</time>
      </trkpt>
      <trkpt lat="-32.7835" lon="-71.483272">
        <ele>37.0</ele>
        <time>2025-04-12T15:45:20Z</time>
      </trkpt>
      <trkpt lat="-32.783208" lon="-71.483356">
        <ele>35.7</ele>
        <time>2025-04-12T15:45:22Z</time>
      </trkpt>
      <trkpt lat="-32.782866" lon="-71.483379">
        <ele>34.8</ele>
        <time>2025-04-12T15:45:24Z</time>
      </trkpt>
      <trkpt lat="-32.78253" lon="-71.483343">
        <ele>34.3</ele>
        <time>2025-04-12T15:45:26Z</time>
      </trkpt>
      <trkpt lat="-32.782189" lon="-71.483238">
        <ele>34.1</ele>
        <time>2025-04-12T15:45:28Z</time>
      </trkpt>
      <trkpt lat="-32.781837" lon="-71.48314">
        <ele>34.3</ele>
        <time>2025-04-12T15:45:30Z</time>
      </trkpt>
      <trkpt lat="-32.78149" lon="-71.483038">
        <ele>34.3</ele>
        <time>2025-04-12T15:45:32Z</time>
      </trkpt>
      <trkpt lat="-32.781133" lon="-71.48294">
        <ele>34.4</ele>
        <time>2025-04-12T15:45:34Z</time>
      </trkpt>
      <trkpt lat="-32.78078" lon="-71.48284">
        <ele>34.7</ele>
        <time>2025-04-12T15:45:36Z</time>
      </trkpt>
      <trkpt lat="-32.780469" lon="-71.482759">
        <ele>34.7</ele>
        <time>2025-04-12T15:45:38Z</time>
      </trkpt>
      <trkpt lat="-32.780101" lon="-71.48265">
        <ele>34.9</ele>
        <time>2025-04-12T15:45:40Z</time>
      </trkpt>
      <trkpt lat="-32.779725" lon="-71.48255">
        <ele>35.7</ele>
        <time>2025-04-12T15:45:42Z</time>
      </trkpt>
      <trkpt lat="-32.779333" lon="-71.482448">
        <ele>37.1</ele>
        <time>2025-04-12T15:45:44Z</time>
      </trkpt>
      <trkpt lat="-32.778976" lon="-71.482365">
        <ele>37.7</ele>
        <time>2025-04-12T15:45:46Z</time>
      </trkpt>
      <trkpt lat="-32.778631" lon="-71.482263">
        <ele>37.5</ele>
        <time>2025-04-12T15:45:48Z</time>
      </trkpt>
      <trkpt lat="-32.778268" lon="-71.482165">
        <ele>37.5</ele>
        <time>2025-04-12T15:45:50Z</time>
      </trkpt>
      <trkpt lat="-32.777897" lon="-71.482063">
        <ele>37.9</ele>
        <time>2025-04-12T15:45:52Z</time>
      </trkpt>
      <trkpt lat="-32.777511" lon="-71.481952">
        <ele>38.7</ele>
        <time>2025-04-12T15:45:54Z</time>
      </trkpt>
      <trkpt lat="-32.777123" lon="-71.481848">
        <ele>39.3</ele>
        <time>2025-04-12T15:45:56Z</time>
      </trkpt>
      <trkpt lat="-32.776727" lon="-71.481739">
        <ele>40.3</ele>
        <time>2025-04-12T15:45:58Z</time>
      </trkpt>
      <trkpt lat="-32.776348" lon="-71.481653">
        <ele>40.8</ele>
        <time>2025-04-12T15:45:59Z</time>
      </trkpt>
      <trkpt lat="-32.775991" lon="-71.481559">
        <ele>41.0</ele>
        <time>2025-04-12T15:46:01Z</time>
      </trkpt>
      <trkpt lat="-32.775622" lon="-71.481453">
        <ele>41.0</ele>
        <time>2025-04-12T15:46:03Z</time>
      </trkpt>
      <trkpt lat="-32.775235" lon="-71.481355">
        <ele>41.9</ele>
        <time>2025-04-12T15:46:05Z</time>
      </trkpt>
      <trkpt lat="-32.774842" lon="-71.481239">
        <ele>43.1</ele>
        <time>2025-04-12T15:46:07Z</time>
      </trkpt>
      <trkpt lat="-32.774435" lon="-71.481144">
        <ele>43.6</ele>
        <time>2025-04-12T15:46:09Z</time>
      </trkpt>
      <trkpt lat="-32.774087" lon="-71.481054">
        <ele>43.3</ele>
        <time>2025-04-12T15:46:11Z</time>
      </trkpt>
      <trkpt lat="-32.773738" lon="-71.48096">
        <ele>43.0</ele>
        <time>2025-04-12T15:46:13Z</time>
      </trkpt>
      <trkpt lat="-32.773374" lon="-71.480852">
        <ele>43.1</ele>
        <time>2025-04-12T15:46:15Z</time>
      </trkpt>
      <trkpt lat="-32.772986" lon="-71.480745">
        <ele>43.7</ele>
        <time>2025-04-12T15:46:17Z</time>
      </trkpt>
      <trkpt lat="-32.772607" lon="-71.480646">
        <ele>44.2</ele>
        <time>2025-04-12T15:46:19Z</time>
      </trkpt>
      <trkpt lat="-32.772241" lon="-71.480542">
        <ele>44.1</ele>
        <time>2025-04-12T15:46:21Z</time>
      </trkpt>
      <trkpt lat="-32.771852" lon="-71.480439">
        <ele>43.6</ele>
        <time>2025-04-12T15:46:23Z</time>
      </trkpt>
      <trkpt lat="-32.771489" lon="-71.480339">
        <ele>42.2</ele>
        <time>2025-04-12T15:46:25Z</time>
      </trkpt>
      <trkpt lat="-32.771121" lon="-71.480238">
        <ele>40.0</ele>
        <time>2025-04-12T15:46:27Z</time>
      </trkpt>
      <trkpt lat="-32.770768" lon="-71.480127">
        <ele>37.6</ele>
        <time>2025-04-12T15:46:29Z</time>
      </trkpt>
      <trkpt lat="-32.770431" lon="-71.480046">
        <ele>35.2</ele>
        <time>2025-04-12T15:46:31Z</time>
      </trkpt>
      <trkpt lat="-32.770086" lon="-71.479957">
        <ele>33.1</ele>
        <time>2025-04-12T15:46:33Z</time>
      </trkpt>
      <trkpt lat="-32.769732" lon="-71.479863">
        <ele>32.3</ele>
        <time>2025-04-12T15:46:35Z</time>
      </trkpt>
      <trkpt lat="-32.769365" lon="-71.479823">
        <ele>31.0</ele>
        <time>2025-04-12T15:46:38Z</time>
      </trkpt>
      <trkpt lat="-32.768994" lon="-71.479873">
        <ele>29.6</ele>
        <time>2025-04-12T15:46:40Z</time>
      </trkpt>
      <trkpt lat="-32.768637" lon="-71.480012">
        <ele>28.1</ele>
        <time>2025-04-12T15:46:42Z</time>
      </trkpt>
      <trkpt lat="-32.76831" lon="-71.480232">
        <ele>26.5</ele>
        <time>2025-04-12T15:46:44Z</time>
      </trkpt>
      <trkpt lat="-32.768011" lon="-71.480461">
        <ele>24.7</ele>
        <time>2025-04-12T15:46:46Z</time>
      </trkpt>
      <trkpt lat="-32.767711" lon="-71.480682">
        <ele>22.5</ele>
        <time>2025-04-12T15:46:48Z</time>
      </trkpt>
      <trkpt lat="-32.767399" lon="-71.480911">
        <ele>20.5</ele>
        <time>2025-04-12T15:46:50Z</time>
      </trkpt>
      <trkpt lat="-32.767062" lon="-71.481157">
        <ele>19.2</ele>
        <time>2025-04-12T15:46:52Z</time>
      </trkpt>
      <trkpt lat="-32.766723" lon="-71.481399">
        <ele>17.7</ele>
        <time>2025-04-12T15:46:54Z</time>
      </trkpt>
      <trkpt lat="-32.766425" lon="-71.481605">
        <ele>15.6</ele>
        <time>2025-04-12T15:46:56Z</time>
      </trkpt>
      <trkpt lat="-32.766152" lon="-71.481786">
        <ele>13.3</ele>
        <time>2025-04-12T15:46:58Z</time>
      </trkpt>
      <trkpt lat="-32.76585" lon="-71.481947">
        <ele>11.9</ele>
        <time>2025-04-12T15:47:00Z</time>
      </trkpt>
      <trkpt lat="-32.765537" lon="-71.482023">
        <ele>11.5</ele>
        <time>2025-04-12T15:47:02Z</time>
      </trkpt>
      <trkpt lat="-32.765226" lon="-71.482034">
        <ele>11.2</ele>
        <time>2025-04-12T15:47:04Z</time>
      </trkpt>
      <trkpt lat="-32.76491" lon="-71.481964">
        <ele>10.8</ele>
        <time>2025-04-12T15:47:06Z</time>
      </trkpt>
      <trkpt lat="-32.764588" lon="-71.48183">
        <ele>10.6</ele>
        <time>2025-04-12T15:47:08Z</time>
      </trkpt>
      <trkpt lat="-32.764297" lon="-71.481641">
        <ele>10.6</ele>
        <time>2025-04-12T15:47:10Z</time>
      </trkpt>
      <trkpt lat="-32.764064" lon="-71.481421">
        <ele>10.1</ele>
        <time>2025-04-12T15:47:12Z</time>
      </trkpt>
      <trkpt lat="-32.763862" lon="-71.481159">
        <ele>9.4</ele>
        <time>2025-04-12T15:47:14Z</time>
      </trkpt>
      <trkpt lat="-32.763673" lon="-71.480858">
        <ele>8.7</ele>
        <time>2025-04-12T15:47:16Z</time>
      </trkpt>
      <trkpt lat="-32.763478" lon="-71.48053">
        <ele>8.7</ele>
        <time>2025-04-12T15:47:18Z</time>
      </trkpt>
      <trkpt lat="-32.763273" lon="-71.480207">
        <ele>8.9</ele>
        <time>2025-04-12T15:47:20Z</time>
      </trkpt>
      <trkpt lat="-32.763061" lon="-71.479875">
        <ele>8.8</ele>
        <time>2025-04-12T15:47:22Z</time>
      </trkpt>
      <trkpt lat="-32.762827" lon="-71.479551">
        <ele>8.2</ele>
        <time>2025-04-12T15:47:24Z</time>
      </trkpt>
      <trkpt lat="-32.76257" lon="-71.479287">
        <ele>7.0</ele>
        <time>2025-04-12T15:47:26Z</time>
      </trkpt>
      <trkpt lat="-32.762259" lon="-71.479048">
        <ele>6.0</ele>
        <time>2025-04-12T15:47:28Z</time>
      </trkpt>
      <trkpt lat="-32.761923" lon="-71.478859">
        <ele>5.7</ele>
        <time>2025-04-12T15:47:30Z</time>
      </trkpt>
      <trkpt lat="-32.76158" lon="-71.478726">
        <ele>6.0</ele>
        <time>2025-04-12T15:47:32Z</time>
      </trkpt>
      <trkpt lat="-32.761258" lon="-71.478606">
        <ele>6.3</ele>
        <time>2025-04-12T15:47:34Z</time>
      </trkpt>
      <trkpt lat="-32.76093" lon="-71.478479">
        <ele>6.5</ele>
        <time>2025-04-12T15:47:36Z</time>
      </trkpt>
      <trkpt lat="-32.760642" lon="-71.478358">
        <ele>6.8</ele>
        <time>2025-04-12T15:47:38Z</time>
      </trkpt>
      <trkpt lat="-32.760359" lon="-71.47823">
        <ele>7.0</ele>
        <time>2025-04-12T15:47:40Z</time>
      </trkpt>
      <trkpt lat="-32.760061" lon="-71.478099">
        <ele>7.5</ele>
        <time>2025-04-12T15:47:42Z</time>
      </trkpt>
      <trkpt lat="-32.759763" lon="-71.477997">
        <ele>8.1</ele>
        <time>2025-04-12T15:47:44Z</time>
      </trkpt>
      <trkpt lat="-32.759503" lon="-71.477927">
        <ele>8.3</ele>
        <time>2025-04-12T15:47:46Z</time>
      </trkpt>
      <trkpt lat="-32.759264" lon="-71.477915">
        <ele>8.1</ele>
        <time>2025-04-12T15:47:48Z</time>
      </trkpt>
      <trkpt lat="-32.75903" lon="-71.477953">
        <ele>7.9</ele>
        <time>2025-04-12T15:47:50Z</time>
      </trkpt>
      <trkpt lat="-32.758766" lon="-71.478037">
        <ele>8.0</ele>
        <time>2025-04-12T15:47:52Z</time>
      </trkpt>
      <trkpt lat="-32.758475" lon="-71.478147">
        <ele>8.4</ele>
        <time>2025-04-12T15:47:54Z</time>
      </trkpt>
      <trkpt lat="-32.758155" lon="-71.478295">
        <ele>9.6</ele>
        <time>2025-04-12T15:47:56Z</time>
      </trkpt>
      <trkpt lat="-32.7578" lon="-71.478445">
        <ele>11.0</ele>
        <time>2025-04-12T15:47:58Z</time>
      </trkpt>
      <trkpt lat="-32.757427" lon="-71.478614">
        <ele>11.7</ele>
        <time>2025-04-12T15:48:00Z</time>
      </trkpt>
      <trkpt lat="-32.757098" lon="-71.478752">
        <ele>11.0</ele>
        <time>2025-04-12T15:48:02Z</time>
      </trkpt>
      <trkpt lat="-32.75679" lon="-71.478888">
        <ele>9.4</ele>
        <time>2025-04-12T15:48:04Z</time>
      </trkpt>
      <trkpt lat="-32.756474" lon="-71.479018">
        <ele>8.4</ele>
        <time>2025-04-12T15:48:06Z</time>
      </trkpt>
      <trkpt lat="-32.756169" lon="-71.479147">
        <ele>8.0</ele>
        <time>2025-04-12T15:48:08Z</time>
      </trkpt>
      <trkpt lat="-32.755852" lon="-71.479293">
        <ele>7.6</ele>
        <time>2025-04-12T15:48:09Z</time>
      </trkpt>
      <trkpt lat="-32.755505" lon="-71.479417">
        <ele>7.2</ele>
        <time>2025-04-12T15:48:11Z</time>
      </trkpt>
      <trkpt lat="-32.755122" lon="-71.479485">
        <ele>6.5</ele>
        <time>2025-04-12T15:48:13Z</time>
      </trkpt>
      <trkpt lat="-32.754731" lon="-71.479479">
        <ele>5.8</ele>
        <time>2025-04-12T15:48:15Z</time>
      </trkpt>
      <trkpt lat="-32.754339" lon="-71.479458">
        <ele>5.4</ele>
        <time>2025-04-12T15:48:17Z</time>
      </trkpt>
      <trkpt lat="-32.753988" lon="-71.479429">
        <ele>5.0</ele>
        <time>2025-04-12T15:48:19Z</time>
      </trkpt>
      <trkpt lat="-32.753644" lon="-71.47935">
        <ele>4.3</ele>
        <time>2025-04-12T15:48:21Z</time>
      </trkpt>
      <trkpt lat="-32.753272" lon="-71.479261">
        <ele>3.9</ele>
        <time>2025-04-12T15:48:23Z</time>
      </trkpt>
      <trkpt lat="-32.752894" lon="-71.479182">
        <ele>4.3</ele>
        <time>2025-04-12T15:48:25Z</time>
      </trkpt>
      <trkpt lat="-32.75252" lon="-71.479118">
        <ele>4.5</ele>
        <time>2025-04-12T15:48:27Z</time>
      </trkpt>
      <trkpt lat="-32.752194" lon="-71.479055">
        <ele>3.4</ele>
        <time>2025-04-12T15:48:29Z</time>
      </trkpt>
      <trkpt lat="-32.75187" lon="-71.479">
        <ele>2.3</ele>
        <time>2025-04-12T15:48:31Z</time>
      </trkpt>
      <trkpt lat="-32.751536" lon="-71.478912">
        <ele>2.3</ele>
        <time>2025-04-12T15:48:33Z</time>
      </trkpt>
      <trkpt lat="-32.751203" lon="-71.478763">
        <ele>3.0</ele>
        <time>2025-04-12T15:48:35Z</time>
      </trkpt>
      <trkpt lat="-32.75088" lon="-71.478599">
        <ele>3.2</ele>
        <time>2025-04-12T15:48:37Z</time>
      </trkpt>
      <trkpt lat="-32.750572" lon="-71.478449">
        <ele>3.4</ele>
        <time>2025-04-12T15:48:39Z</time>
      </trkpt>
      <trkpt lat="-32.750277" lon="-71.478295">
        <ele>3.3</ele>
        <time>2025-04-12T15:48:41Z</time>
      </trkpt>
      <trkpt lat="-32.749991" lon="-71.478131">
        <ele>3.2</ele>
        <time>2025-04-12T15:48:44Z</time>
      </trkpt>
      <trkpt lat="-32.749718" lon="-71.477973">
        <ele>2.6</ele>
        <time>2025-04-12T15:48:46Z</time>
      </trkpt>
      <trkpt lat="-32.749482" lon="-71.477822">
        <ele>2.2</ele>
        <time>2025-04-12T15:48:48Z</time>
      </trkpt>
      <trkpt lat="-32.749282" lon="-71.477682">
        <ele>1.6</ele>
        <time>2025-04-12T15:48:50Z</time>
      </trkpt>
      <trkpt lat="-32.749093" lon="-71.477549">
        <ele>1.0</ele>
        <time>2025-04-12T15:48:52Z</time>
      </trkpt>
      <trkpt lat="-32.74894" lon="-71.477431">
        <ele>0.7</ele>
        <time>2025-04-12T15:48:54Z</time>
      </trkpt>
      <trkpt lat="-32.748823" lon="-71.47734">
        <ele>0.6</ele>
        <time>2025-04-12T15:48:56Z</time>
      </trkpt>
      <trkpt lat="-32.748776" lon="-71.477297">
        <ele>0.4</ele>
        <time>2025-04-12T15:48:58Z</time>
      </trkpt>
      <trkpt lat="-32.748769" lon="-71.477285">
        <ele>0.4</ele>
        <time>2025-04-12T15:49:00Z</time>
      </trkpt>
      <trkpt lat="-32.748769" lon="-71.477286">
        <ele>0.3</ele>
        <time>2025-04-12T15:49:02Z</time>
      </trkpt>
      <trkpt lat="-32.748769" lon="-71.477286">
        <ele>0.3</ele>
        <time>2025-04-12T15:49:06Z</time>
      </trkpt>
      <trkpt lat="-32.748761" lon="-71.477291">
        <ele>0.3</ele>
        <time>2025-04-12T15:49:08Z</time>
      </trkpt>
      <trkpt lat="-32.748762" lon="-71.477295">
        <ele>0.4</ele>
        <time>2025-04-12T15:49:10Z</time>
      </trkpt>
      <trkpt lat="-32.748765" lon="-71.477298">
        <ele>0.4</ele>
        <time>2025-04-12T15:49:12Z</time>
      </trkpt>
      <trkpt lat="-32.748749" lon="-71.477279">
        <ele>0.4</ele>
        <time>2025-04-12T15:49:14Z</time>
      </trkpt>
      <trkpt lat="-32.748681" lon="-71.477226">
        <ele>0.5</ele>
        <time>2025-04-12T15:49:16Z</time>
      </trkpt>
      <trkpt lat="-32.748567" lon="-71.477251">
        <ele>0.9</ele>
        <time>2025-04-12T15:49:18Z</time>
      </trkpt>
      <trkpt lat="-32.748492" lon="-71.477377">
        <ele>1.2</ele>
        <time>2025-04-12T15:49:20Z</time>
      </trkpt>
      <trkpt lat="-32.748434" lon="-71.4775">
        <ele>1.2</ele>
        <time>2025-04-12T15:49:22Z</time>
      </trkpt>
      <trkpt lat="-32.748385" lon="-71.477681">
        <ele>1.5</ele>
        <time>2025-04-12T15:49:24Z</time>
      </trkpt>
      <trkpt lat="-32.748348" lon="-71.477914">
        <ele>1.9</ele>
        <time>2025-04-12T15:49:26Z</time>
      </trkpt>
      <trkpt lat="-32.748322" lon="-71.478199">
        <ele>2.2</ele>
        <time>2025-04-12T15:49:28Z</time>
      </trkpt>
      <trkpt lat="-32.748296" lon="-71.478517">
        <ele>2.8</ele>
        <time>2025-04-12T15:49:30Z</time>
      </trkpt>
      <trkpt lat="-32.748256" lon="-71.478884">
        <ele>3.1</ele>
        <time>2025-04-12T15:49:32Z</time>
      </trkpt>
      <trkpt lat="-32.748175" lon="-71.479267">
        <ele>3.7</ele>
        <time>2025-04-12T15:49:34Z</time>
      </trkpt>
      <trkpt lat="-32.74807" lon="-71.479668">
        <ele>4.2</ele>
        <time>2025-04-12T15:49:36Z</time>
      </trkpt>
      <trkpt lat="-32.747894" lon="-71.480033">
        <ele>4.3</ele>
        <time>2025-04-12T15:49:38Z</time>
      </trkpt>
      <trkpt lat="-32.747707" lon="-71.480383">
        <ele>4.3</ele>
        <time>2025-04-12T15:49:40Z</time>
      </trkpt>
      <trkpt lat="-32.747519" lon="-71.480744">
        <ele>4.3</ele>
        <time>2025-04-12T15:49:42Z</time>
      </trkpt>
      <trkpt lat="-32.747347" lon="-71.481059">
        <ele>4.0</ele>
        <time>2025-04-12T15:49:44Z</time>
      </trkpt>
      <trkpt lat="-32.747188" lon="-71.481349">
        <ele>3.5</ele>
        <time>2025-04-12T15:49:46Z</time>
      </trkpt>
      <trkpt lat="-32.74708" lon="-71.481574">
        <ele>1.9</ele>
        <time>2025-04-12T15:49:48Z</time>
      </trkpt>
      <trkpt lat="-32.74701" lon="-71.481716">
        <ele>0.2</ele>
        <time>2025-04-12T15:49:50Z</time>
      </trkpt>
      <trkpt lat="-32.746919" lon="-71.481903">
        <ele>-0.8</ele>
        <time>2025-04-12T15:49:52Z</time>
      </trkpt>
      <trkpt lat="-32.746838" lon="-71.482082">
        <ele>-1.1</ele>
        <time>2025-04-12T15:49:54Z</time>
      </trkpt>
      <trkpt lat="-32.746776" lon="-71.482213">
        <ele>-1.2</ele>
        <time>2025-04-12T15:49:56Z</time>
      </trkpt>
      <trkpt lat="-32.746731" lon="-71.482314">
        <ele>-1.6</ele>
        <time>2025-04-12T15:49:58Z</time>
      </trkpt>
      <trkpt lat="-32.746659" lon="-71.482474">
        <ele>-1.6</ele>
        <time>2025-04-12T15:50:00Z</time>
      </trkpt>
      <trkpt lat="-32.746559" lon="-71.482705">
        <ele>-0.8</ele>
        <time>2025-04-12T15:50:02Z</time>
      </trkpt>
      <trkpt lat="-32.746428" lon="-71.482977">
        <ele>0.3</ele>
        <time>2025-04-12T15:50:04Z</time>
      </trkpt>
      <trkpt lat="-32.746285" lon="-71.483296">
        <ele>1.2</ele>
        <time>2025-04-12T15:50:06Z</time>
      </trkpt>
      <trkpt lat="-32.74615" lon="-71.4836">
        <ele>1.7</ele>
        <time>2025-04-12T15:50:08Z</time>
      </trkpt>
      <trkpt lat="-32.74603" lon="-71.483887">
        <ele>1.5</ele>
        <time>2025-04-12T15:50:10Z</time>
      </trkpt>
      <trkpt lat="-32.745903" lon="-71.484174">
        <ele>1.6</ele>
        <time>2025-04-12T15:50:12Z</time>
      </trkpt>
      <trkpt lat="-32.745802" lon="-71.484415">
        <ele>1.6</ele>
        <time>2025-04-12T15:50:14Z</time>
      </trkpt>
      <trkpt lat="-32.745692" lon="-71.484598">
        <ele>1.4</ele>
        <time>2025-04-12T15:50:16Z</time>
      </trkpt>
      <trkpt lat="-32.745556" lon="-71.484794">
        <ele>1.3</ele>
        <time>2025-04-12T15:50:18Z</time>
      </trkpt>
      <trkpt lat="-32.745401" lon="-71.485">
        <ele>1.5</ele>
        <time>2025-04-12T15:50:19Z</time>
      </trkpt>
      <trkpt lat="-32.745225" lon="-71.485192">
        <ele>2.0</ele>
        <time>2025-04-12T15:50:21Z</time>
      </trkpt>
      <trkpt lat="-32.745018" lon="-71.485371">
        <ele>2.5</ele>
        <time>2025-04-12T15:50:23Z</time>
      </trkpt>
      <trkpt lat="-32.7448" lon="-71.485556">
        <ele>2.6</ele>
        <time>2025-04-12T15:50:25Z</time>
      </trkpt>
      <trkpt lat="-32.744578" lon="-71.485734">
        <ele>2.5</ele>
        <time>2025-04-12T15:50:27Z</time>
      </trkpt>
      <trkpt lat="-32.744371" lon="-71.4859">
        <ele>2.2</ele>
        <time>2025-04-12T15:50:29Z</time>
      </trkpt>
      <trkpt lat="-32.7442" lon="-71.486039">
        <ele>1.7</ele>
        <time>2025-04-12T15:50:31Z</time>
      </trkpt>
      <trkpt lat="-32.744107" lon="-71.486129">
        <ele>0.8</ele>
        <time>2025-04-12T15:50:33Z</time>
      </trkpt>
      <trkpt lat="-32.743987" lon="-71.486229">
        <ele>0.1</ele>
        <time>2025-04-12T15:50:35Z</time>
      </trkpt>
      <trkpt lat="-32.743854" lon="-71.486339">
        <ele>0.0</ele>
        <time>2025-04-12T15:50:37Z</time>
      </trkpt>
      <trkpt lat="-32.74375" lon="-71.486436">
        <ele>-0.3</ele>
        <time>2025-04-12T15:50:39Z</time>
      </trkpt>
      <trkpt lat="-32.743678" lon="-71.486502">
        <ele>-0.6</ele>
        <time>2025-04-12T15:50:41Z</time>
      </trkpt>
      <trkpt lat="-32.743555" lon="-71.486595">
        <ele>-0.7</ele>
        <time>2025-04-12T15:50:43Z</time>
      </trkpt>
      <trkpt lat="-32.743397" lon="-71.486731">
        <ele>-0.3</ele>
        <time>2025-04-12T15:50:45Z</time>
      </trkpt>
      <trkpt lat="-32.7432" lon="-71.486874">
        <ele>0.1</ele>
        <time>2025-04-12T15:50:47Z</time>
      </trkpt>
      <trkpt lat="-32.743008" lon="-71.487049">
        <ele>0.4</ele>
        <time>2025-04-12T15:50:50Z</time>
      </trkpt>
      <trkpt lat="-32.742792" lon="-71.487238">
        <ele>0.9</ele>
        <time>2025-04-12T15:50:52Z</time>
      </trkpt>
      <trkpt lat="-32.742583" lon="-71.487457">
        <ele>1.2</ele>
        <time>2025-04-12T15:50:54Z</time>
      </trkpt>
      <trkpt lat="-32.742363" lon="-71.48768">
        <ele>1.6</ele>
        <time>2025-04-12T15:50:56Z</time>
      </trkpt>
      <trkpt lat="-32.742171" lon="-71.487902">
        <ele>1.6</ele>
        <time>2025-04-12T15:50:58Z</time>
      </trkpt>
      <trkpt lat="-32.742001" lon="-71.488089">
        <ele>1.1</ele>
        <time>2025-04-12T15:51:00Z</time>
      </trkpt>
      <trkpt lat="-32.741875" lon="-71.488228">
        <ele>0.4</ele>
        <time>2025-04-12T15:51:02Z</time>
      </trkpt>
      <trkpt lat="-32.741795" lon="-71.488301">
        <ele>-0.1</ele>
        <time>2025-04-12T15:51:04Z</time>
      </trkpt>
      <trkpt lat="-32.741706" lon="-71.488367">
        <ele>-0.4</ele>
        <time>2025-04-12T15:51:06Z</time>
      </trkpt>
      <trkpt lat="-32.741567" lon="-71.488459">
        <ele>-0.4</ele>
        <time>2025-04-12T15:51:08Z</time>
      </trkpt>
      <trkpt lat="-32.741411" lon="-71.488564">
        <ele>0.1</ele>
        <time>2025-04-12T15:51:10Z</time>
      </trkpt>
      <trkpt lat="-32.741253" lon="-71.488637">
        <ele>0.5</ele>
        <time>2025-04-12T15:51:12Z</time>
      </trkpt>
      <trkpt lat="-32.741087" lon="-71.488716">
        <ele>0.8</ele>
        <time>2025-04-12T15:51:14Z</time>
      </trkpt>
      <trkpt lat="-32.740932" lon="-71.488777">
        <ele>1.0</ele>
        <time>2025-04-12T15:51:16Z</time>
      </trkpt>
      <trkpt lat="-32.740774" lon="-71.488841">
        <ele>1.2</ele>
        <time>2025-04-12T15:51:18Z</time>
      </trkpt>
      <trkpt lat="-32.740647" lon="-71.488911">
        <ele>1.2</ele>
        <time>2025-04-12T15:51:20Z</time>
      </trkpt>
      <trkpt lat="-32.740557" lon="-71.488952">
        <ele>1.3</ele>
        <time>2025-04-12T15:51:22Z</time>
      </trkpt>
      <trkpt lat="-32.740465" lon="-71.488982">
        <ele>1.2</ele>
        <time>2025-04-12T15:51:24Z</time>
      </trkpt>
      <trkpt lat="-32.740334" lon="-71.489028">
        <ele>1.3</ele>
        <time>2025-04-12T15:51:26Z</time>
      </trkpt>
      <trkpt lat="-32.740173" lon="-71.489082">
        <ele>1.4</ele>
        <time>2025-04-12T15:51:28Z</time>
      </trkpt>
      <trkpt lat="-32.739977" lon="-71.489137">
        <ele>1.9</ele>
        <time>2025-04-12T15:51:30Z</time>
      </trkpt>
      <trkpt lat="-32.739769" lon="-71.489172">
        <ele>2.6</ele>
        <time>2025-04-12T15:51:32Z</time>
      </trkpt>
      <trkpt lat="-32.739551" lon="-71.489153">
        <ele>3.7</ele>
        <time>2025-04-12T15:51:34Z</time>
      </trkpt>
      <trkpt lat="-32.739333" lon="-71.489036">
        <ele>5.3</ele>
        <time>2025-04-12T15:51:36Z</time>
      </trkpt>
      <trkpt lat="-32.739131" lon="-71.488853">
        <ele>7.2</ele>
        <time>2025-04-12T15:51:38Z</time>
      </trkpt>
      <trkpt lat="-32.738918" lon="-71.488685">
        <ele>9.5</ele>
        <time>2025-04-12T15:51:40Z</time>
      </trkpt>
      <trkpt lat="-32.738703" lon="-71.488512">
        <ele>11.5</ele>
        <time>2025-04-12T15:51:42Z</time>
      </trkpt>
      <trkpt lat="-32.738489" lon="-71.488333">
        <ele>13.5</ele>
        <time>2025-04-12T15:51:44Z</time>
      </trkpt>
      <trkpt lat="-32.738282" lon="-71.488156">
        <ele>15.4</ele>
        <time>2025-04-12T15:51:46Z</time>
      </trkpt>
      <trkpt lat="-32.738059" lon="-71.48797">
        <ele>17.7</ele>
        <time>2025-04-12T15:51:48Z</time>
      </trkpt>
      <trkpt lat="-32.737828" lon="-71.487792">
        <ele>20.1</ele>
        <time>2025-04-12T15:51:50Z</time>
      </trkpt>
      <trkpt lat="-32.737565" lon="-71.487596">
        <ele>22.9</ele>
        <time>2025-04-12T15:51:52Z</time>
      </trkpt>
      <trkpt lat="-32.737261" lon="-71.487419">
        <ele>24.4</ele>
        <time>2025-04-12T15:51:54Z</time>
      </trkpt>
      <trkpt lat="-32.736942" lon="-71.48731">
        <ele>27.4</ele>
        <time>2025-04-12T15:51:56Z</time>
      </trkpt>
      <trkpt lat="-32.73661" lon="-71.487266">
        <ele>30.2</ele>
        <time>2025-04-12T15:51:58Z</time>
      </trkpt>
      <trkpt lat="-32.73627" lon="-71.487305">
        <ele>33.0</ele>
        <time>2025-04-12T15:52:00Z</time>
      </trkpt>
      <trkpt lat="-32.735926" lon="-71.48738">
        <ele>35.9</ele>
        <time>2025-04-12T15:52:02Z</time>
      </trkpt>
      <trkpt lat="-32.735584" lon="-71.487456">
        <ele>39.0</ele>
        <time>2025-04-12T15:52:04Z</time>
      </trkpt>
      <trkpt lat="-32.735246" lon="-71.487526">
        <ele>41.9</ele>
        <time>2025-04-12T15:52:06Z</time>
      </trkpt>
      <trkpt lat="-32.734913" lon="-71.487593">
        <ele>44.5</ele>
        <time>2025-04-12T15:52:08Z</time>
      </trkpt>
      <trkpt lat="-32.734619" lon="-71.487663">
        <ele>45.8</ele>
        <time>2025-04-12T15:52:10Z</time>
      </trkpt>
      <trkpt lat="-32.734325" lon="-71.48772">
        <ele>46.6</ele>
        <time>2025-04-12T15:52:12Z</time>
      </trkpt>
      <trkpt lat="-32.734079" lon="-71.487767">
        <ele>46.7</ele>
        <time>2025-04-12T15:52:14Z</time>
      </trkpt>
      <trkpt lat="-32.733916" lon="-71.4878">
        <ele>46.0</ele>
        <time>2025-04-12T15:52:16Z</time>
      </trkpt>
      <trkpt lat="-32.733784" lon="-71.487801">
        <ele>45.1</ele>
        <time>2025-04-12T15:52:18Z</time>
      </trkpt>
      <trkpt lat="-32.733592" lon="-71.487848">
        <ele>45.0</ele>
        <time>2025-04-12T15:52:19Z</time>
      </trkpt>
      <trkpt lat="-32.73336" lon="-71.487883">
        <ele>45.4</ele>
        <time>2025-04-12T15:52:21Z</time>
      </trkpt>
      <trkpt lat="-32.733148" lon="-71.487863">
        <ele>45.7</ele>
        <time>2025-04-12T15:52:23Z</time>
      </trkpt>
      <trkpt lat="-32.733018" lon="-71.487835">
        <ele>45.7</ele>
        <time>2025-04-12T15:52:25Z</time>
      </trkpt>
      <trkpt lat="-32.73288" lon="-71.487804">
        <ele>45.4</ele>
        <time>2025-04-12T15:52:27Z</time>
      </trkpt>
      <trkpt lat="-32.732685" lon="-71.487762">
        <ele>45.4</ele>
        <time>2025-04-12T15:52:29Z</time>
      </trkpt>
      <trkpt lat="-32.732438" lon="-71.487713">
        <ele>45.9</ele>
        <time>2025-04-12T15:52:31Z</time>
      </trkpt>
      <trkpt lat="-32.732146" lon="-71.487661">
        <ele>46.5</ele>
        <time>2025-04-12T15:52:33Z</time>
      </trkpt>
      <trkpt lat="-32.731826" lon="-71.487622">
        <ele>47.4</ele>
        <time>2025-04-12T15:52:35Z</time>
      </trkpt>
      <trkpt lat="-32.731548" lon="-71.487592">
        <ele>48.1</ele>
        <time>2025-04-12T15:52:37Z</time>
      </trkpt>
      <trkpt lat="-32.731302" lon="-71.487558">
        <ele>48.4</ele>
        <time>2025-04-12T15:52:39Z</time>
      </trkpt>
      <trkpt lat="-32.731081" lon="-71.487537">
        <ele>47.7</ele>
        <time>2025-04-12T15:52:41Z</time>
      </trkpt>
      <trkpt lat="-32.73088" lon="-71.487512">
        <ele>46.8</ele>
        <time>2025-04-12T15:52:43Z</time>
      </trkpt>
      <trkpt lat="-32.730731" lon="-71.487493">
        <ele>46.3</ele>
        <time>2025-04-12T15:52:45Z</time>
      </trkpt>
      <trkpt lat="-32.730641" lon="-71.487487">
        <ele>46.2</ele>
        <time>2025-04-12T15:52:47Z</time>
      </trkpt>
      <trkpt lat="-32.7305" lon="-71.487473">
        <ele>46.3</ele>
        <time>2025-04-12T15:52:49Z</time>
      </trkpt>
      <trkpt lat="-32.730323" lon="-71.487463">
        <ele>47.0</ele>
        <time>2025-04-12T15:52:51Z</time>
      </trkpt>
      <trkpt lat="-32.730153" lon="-71.487448">
        <ele>47.9</ele>
        <time>2025-04-12T15:52:53Z</time>
      </trkpt>
      <trkpt lat="-32.730036" lon="-71.487441">
        <ele>48.7</ele>
        <time>2025-04-12T15:52:56Z</time>
      </trkpt>
      <trkpt lat="-32.729959" lon="-71.487435">
        <ele>48.9</ele>
        <time>2025-04-12T15:52:58Z</time>
      </trkpt>
      <trkpt lat="-32.729865" lon="-71.487421">
        <ele>49.3</ele>
        <time>2025-04-12T15:53:00Z</time>
      </trkpt>
      <trkpt lat="-32.729745" lon="-71.48741">
        <ele>49.9</ele>
        <time>2025-04-12T15:53:02Z</time>
      </trkpt>
      <trkpt lat="-32.72958" lon="-71.487394">
        <ele>50.8</ele>
        <time>2025-04-12T15:53:04Z</time>
      </trkpt>
      <trkpt lat="-32.729371" lon="-71.487385">
        <ele>51.8</ele>
        <time>2025-04-12T15:53:06Z</time>
      </trkpt>
      <trkpt lat="-32.729209" lon="-71.487368">
        <ele>52.9</ele>
        <time>2025-04-12T15:53:08Z</time>
      </trkpt>
      <trkpt lat="-32.729086" lon="-71.487358">
        <ele>53.7</ele>
        <time>2025-04-12T15:53:10Z</time>
      </trkpt>
      <trkpt lat="-32.728981" lon="-71.487349">
        <ele>54.4</ele>
        <time>2025-04-12T15:53:12Z</time>
      </trkpt>
      <trkpt lat="-32.728897" lon="-71.487349">
        <ele>55.0</ele>
        <time>2025-04-12T15:53:14Z</time>
      </trkpt>
      <trkpt lat="-32.728821" lon="-71.487346">
        <ele>55.7</ele>
        <time>2025-04-12T15:53:16Z</time>
      </trkpt>
      <trkpt lat="-32.728731" lon="-71.487338">
        <ele>56.2</ele>
        <time>2025-04-12T15:53:18Z</time>
      </trkpt>
      <trkpt lat="-32.728611" lon="-71.487326">
        <ele>56.9</ele>
        <time>2025-04-12T15:53:20Z</time>
      </trkpt>
      <trkpt lat="-32.728402" lon="-71.487312">
        <ele>58.3</ele>
        <time>2025-04-12T15:53:22Z</time>
      </trkpt>
      <trkpt lat="-32.728076" lon="-71.4873">
        <ele>61.1</ele>
        <time>2025-04-12T15:53:24Z</time>
      </trkpt>
      <trkpt lat="-32.727607" lon="-71.487266">
        <ele>64.9</ele>
        <time>2025-04-12T15:53:26Z</time>
      </trkpt>
      <trkpt lat="-32.7272" lon="-71.487233">
        <ele>67.2</ele>
        <time>2025-04-12T15:53:28Z</time>
      </trkpt>
      <trkpt lat="-32.726777" lon="-71.487206">
        <ele>67.8</ele>
        <time>2025-04-12T15:53:30Z</time>
      </trkpt>
      <trkpt lat="-32.726413" lon="-71.487193">
        <ele>67.5</ele>
        <time>2025-04-12T15:53:32Z</time>
      </trkpt>
      <trkpt lat="-32.726087" lon="-71.487174">
        <ele>67.1</ele>
        <time>2025-04-12T15:53:34Z</time>
      </trkpt>
      <trkpt lat="-32.725734" lon="-71.487151">
        <ele>66.6</ele>
        <time>2025-04-12T15:53:36Z</time>
      </trkpt>
      <trkpt lat="-32.725393" lon="-71.487119">
        <ele>66.5</ele>
        <time>2025-04-12T15:53:38Z</time>
      </trkpt>
      <trkpt lat="-32.725097" lon="-71.487085">
        <ele>66.2</ele>
        <time>2025-04-12T15:53:40Z</time>
      </trkpt>
      <trkpt lat="-32.724834" lon="-71.487067">
        <ele>65.3</ele>
        <time>2025-04-12T15:53:42Z</time>
      </trkpt>
      <trkpt lat="-32.724601" lon="-71.487056">
        <ele>64.5</ele>
        <time>2025-04-12T15:53:44Z</time>
      </trkpt>
      <trkpt lat="-32.724389" lon="-71.487048">
        <ele>63.5</ele>
        <time>2025-04-12T15:53:46Z</time>
      </trkpt>
      <trkpt lat="-32.72413" lon="-71.487033">
        <ele>63.0</ele>
        <time>2025-04-12T15:53:48Z</time>
      </trkpt>
      <trkpt lat="-32.723888" lon="-71.487019">
        <ele>62.6</ele>
        <time>2025-04-12T15:53:50Z</time>
      </trkpt>
      <trkpt lat="-32.723623" lon="-71.487006">
        <ele>62.1</ele>
        <time>2025-04-12T15:53:52Z</time>
      </trkpt>
      <trkpt lat="-32.723369" lon="-71.486992">
        <ele>61.0</ele>
        <time>2025-04-12T15:53:54Z</time>
      </trkpt>
      <trkpt lat="-32.723181" lon="-71.486976">
        <ele>59.4</ele>
        <time>2025-04-12T15:53:56Z</time>
      </trkpt>
      <trkpt lat="-32.723053" lon="-71.486967">
        <ele>57.8</ele>
        <time>2025-04-12T15:53:58Z</time>
      </trkpt>
      <trkpt lat="-32.722899" lon="-71.486952">
        <ele>57.2</ele>
        <time>2025-04-12T15:54:00Z</time>
      </trkpt>
      <trkpt lat="-32.722711" lon="-71.486935">
        <ele>56.5</ele>
        <time>2025-04-12T15:54:02Z</time>
      </trkpt>
      <trkpt lat="-32.722539" lon="-71.486927">
        <ele>56.2</ele>
        <time>2025-04-12T15:54:04Z</time>
      </trkpt>
      <trkpt lat="-32.722344" lon="-71.48691">
        <ele>55.8</ele>
        <time>2025-04-12T15:54:06Z</time>
      </trkpt>
      <trkpt lat="-32.722134" lon="-71.486901">
        <ele>55.6</ele>
        <time>2025-04-12T15:54:08Z</time>
      </trkpt>
      <trkpt lat="-32.721944" lon="-71.486878">
        <ele>55.5</ele>
        <time>2025-04-12T15:54:10Z</time>
      </trkpt>
      <trkpt lat="-32.721791" lon="-71.486859">
        <ele>55.3</ele>
        <time>2025-04-12T15:54:12Z</time>
      </trkpt>
      <trkpt lat="-32.721656" lon="-71.486847">
        <ele>55.0</ele>
        <time>2025-04-12T15:54:14Z</time>
      </trkpt>
      <trkpt lat="-32.721488" lon="-71.486832">
        <ele>54.9</ele>
        <time>2025-04-12T15:54:16Z</time>
      </trkpt>
      <trkpt lat="-32.721284" lon="-71.486819">
        <ele>55.1</ele>
        <time>2025-04-12T15:54:18Z</time>
      </trkpt>
      <trkpt lat="-32.721063" lon="-71.486801">
        <ele>55.4</ele>
        <time>2025-04-12T15:54:20Z</time>
      </trkpt>
      <trkpt lat="-32.72081" lon="-71.486786">
        <ele>55.5</ele>
        <time>2025-04-12T15:54:22Z</time>
      </trkpt>
      <trkpt lat="-32.72056" lon="-71.486776">
        <ele>55.4</ele>
        <time>2025-04-12T15:54:23Z</time>
      </trkpt>
      <trkpt lat="-32.720303" lon="-71.486759">
        <ele>55.0</ele>
        <time>2025-04-12T15:54:25Z</time>
      </trkpt>
      <trkpt lat="-32.72002" lon="-71.48674">
        <ele>54.3</ele>
        <time>2025-04-12T15:54:27Z</time>
      </trkpt>
      <trkpt lat="-32.719698" lon="-71.486722">
        <ele>53.6</ele>
        <time>2025-04-12T15:54:29Z</time>
      </trkpt>
      <trkpt lat="-32.719368" lon="-71.486705">
        <ele>53.0</ele>
        <time>2025-04-12T15:54:31Z</time>
      </trkpt>
      <trkpt lat="-32.719036" lon="-71.486686">
        <ele>51.4</ele>
        <time>2025-04-12T15:54:33Z</time>
      </trkpt>
      <trkpt lat="-32.718704" lon="-71.486663">
        <ele>49.7</ele>
        <time>2025-04-12T15:54:35Z</time>
      </trkpt>
      <trkpt lat="-32.71837" lon="-71.486642">
        <ele>48.2</ele>
        <time>2025-04-12T15:54:37Z</time>
      </trkpt>
      <trkpt lat="-32.71806" lon="-71.486623">
        <ele>46.7</ele>
        <time>2025-04-12T15:54:39Z</time>
      </trkpt>
      <trkpt lat="-32.717784" lon="-71.486614">
        <ele>45.2</ele>
        <time>2025-04-12T15:54:41Z</time>
      </trkpt>
      <trkpt lat="-32.717557" lon="-71.486592">
        <ele>44.3</ele>
        <time>2025-04-12T15:54:43Z</time>
      </trkpt>
      <trkpt lat="-32.717403" lon="-71.486578">
        <ele>43.5</ele>
        <time>2025-04-12T15:54:45Z</time>
      </trkpt>
      <trkpt lat="-32.717269" lon="-71.486569">
        <ele>43.0</ele>
        <time>2025-04-12T15:54:47Z</time>
      </trkpt>
      <trkpt lat="-32.717112" lon="-71.486569">
        <ele>42.9</ele>
        <time>2025-04-12T15:54:49Z</time>
      </trkpt>
      <trkpt lat="-32.716929" lon="-71.486567">
        <ele>43.2</ele>
        <time>2025-04-12T15:54:51Z</time>
      </trkpt>
      <trkpt lat="-32.716722" lon="-71.486557">
        <ele>43.5</ele>
        <time>2025-04-12T15:54:53Z</time>
      </trkpt>
      <trkpt lat="-32.71653" lon="-71.486571">
        <ele>43.6</ele>
        <time>2025-04-12T15:54:55Z</time>
      </trkpt>
      <trkpt lat="-32.716351" lon="-71.486577">
        <ele>43.4</ele>
        <time>2025-04-12T15:54:57Z</time>
      </trkpt>
      <trkpt lat="-32.716203" lon="-71.486598">
        <ele>43.1</ele>
        <time>2025-04-12T15:54:59Z</time>
      </trkpt>
      <trkpt lat="-32.716085" lon="-71.486629">
        <ele>42.9</ele>
        <time>2025-04-12T15:55:02Z</time>
      </trkpt>
      <trkpt lat="-32.71599" lon="-71.486633">
        <ele>42.8</ele>
        <time>2025-04-12T15:55:04Z</time>
      </trkpt>
      <trkpt lat="-32.715907" lon="-71.486587">
        <ele>42.7</ele>
        <time>2025-04-12T15:55:06Z</time>
      </trkpt>
      <trkpt lat="-32.715865" lon="-71.486508">
        <ele>42.6</ele>
        <time>2025-04-12T15:55:08Z</time>
      </trkpt>
      <trkpt lat="-32.715898" lon="-71.486397">
        <ele>42.3</ele>
        <time>2025-04-12T15:55:10Z</time>
      </trkpt>
      <trkpt lat="-32.715984" lon="-71.486272">
        <ele>42.1</ele>
        <time>2025-04-12T15:55:12Z</time>
      </trkpt>
      <trkpt lat="-32.7161" lon="-71.486099">
        <ele>41.8</ele>
        <time>2025-04-12T15:55:14Z</time>
      </trkpt>
      <trkpt lat="-32.716252" lon="-71.485879">
        <ele>41.5</ele>
        <time>2025-04-12T15:55:16Z</time>
      </trkpt>
      <trkpt lat="-32.716404" lon="-71.485639">
        <ele>40.8</ele>
        <time>2025-04-12T15:55:18Z</time>
      </trkpt>
      <trkpt lat="-32.716545" lon="-71.485418">
        <ele>39.5</ele>
        <time>2025-04-12T15:55:20Z</time>
      </trkpt>
      <trkpt lat="-32.716659" lon="-71.485249">
        <ele>37.9</ele>
        <time>2025-04-12T15:55:22Z</time>
      </trkpt>
      <trkpt lat="-32.716747" lon="-71.485109">
        <ele>36.6</ele>
        <time>2025-04-12T15:55:24Z</time>
      </trkpt>
      <trkpt lat="-32.716834" lon="-71.484967">
        <ele>35.8</ele>
        <time>2025-04-12T15:55:26Z</time>
      </trkpt>
      <trkpt lat="-32.716944" lon="-71.484801">
        <ele>35.8</ele>
        <time>2025-04-12T15:55:28Z</time>
      </trkpt>
      <trkpt lat="-32.717061" lon="-71.484609">
        <ele>36.6</ele>
        <time>2025-04-12T15:55:30Z</time>
      </trkpt>
      <trkpt lat="-32.717164" lon="-71.484441">
        <ele>37.5</ele>
        <time>2025-04-12T15:55:32Z</time>
      </trkpt>
      <trkpt lat="-32.71725" lon="-71.484303">
        <ele>38.4</ele>
        <time>2025-04-12T15:55:34Z</time>
      </trkpt>
      <trkpt lat="-32.71735" lon="-71.484171">
        <ele>38.9</ele>
        <time>2025-04-12T15:55:36Z</time>
      </trkpt>
      <trkpt lat="-32.717431" lon="-71.484043">
        <ele>39.8</ele>
        <time>2025-04-12T15:55:38Z</time>
      </trkpt>
      <trkpt lat="-32.717508" lon="-71.48392">
        <ele>40.9</ele>
        <time>2025-04-12T15:55:40Z</time>
      </trkpt>
      <trkpt lat="-32.717601" lon="-71.483793">
        <ele>42.0</ele>
        <time>2025-04-12T15:55:42Z</time>
      </trkpt>
      <trkpt lat="-32.71771" lon="-71.48363">
        <ele>43.2</ele>
        <time>2025-04-12T15:55:44Z</time>
      </trkpt>
      <trkpt lat="-32.717839" lon="-71.48342">
        <ele>44.6</ele>
        <time>2025-04-12T15:55:46Z</time>
      </trkpt>
      <trkpt lat="-32.717994" lon="-71.4832">
        <ele>46.2</ele>
        <time>2025-04-12T15:55:48Z</time>
      </trkpt>
      <trkpt lat="-32.718174" lon="-71.482929">
        <ele>48.0</ele>
        <time>2025-04-12T15:55:50Z</time>
      </trkpt>
      <trkpt lat="-32.718392" lon="-71.482613">
        <ele>50.3</ele>
        <time>2025-04-12T15:55:52Z</time>
      </trkpt>
      <trkpt lat="-32.718622" lon="-71.482258">
        <ele>53.3</ele>
        <time>2025-04-12T15:55:54Z</time>
      </trkpt>
      <trkpt lat="-32.718868" lon="-71.481869">
        <ele>56.9</ele>
        <time>2025-04-12T15:55:56Z</time>
      </trkpt>
      <trkpt lat="-32.719115" lon="-71.481473">
        <ele>60.0</ele>
        <time>2025-04-12T15:55:58Z</time>
      </trkpt>
      <trkpt lat="-32.719362" lon="-71.481116">
        <ele>62.0</ele>
        <time>2025-04-12T15:56:00Z</time>
      </trkpt>
      <trkpt lat="-32.719602" lon="-71.480729">
        <ele>63.8</ele>
        <time>2025-04-12T15:56:02Z</time>
      </trkpt>
      <trkpt lat="-32.719844" lon="-71.48034">
        <ele>66.1</ele>
        <time>2025-04-12T15:56:04Z</time>
      </trkpt>
      <trkpt lat="-32.720066" lon="-71.479969">
        <ele>68.7</ele>
        <time>2025-04-12T15:56:06Z</time>
      </trkpt>
      <trkpt lat="-32.720289" lon="-71.479614">
        <ele>70.0</ele>
        <time>2025-04-12T15:56:08Z</time>
      </trkpt>
      <trkpt lat="-32.720522" lon="-71.479272">
        <ele>72.5</ele>
        <time>2025-04-12T15:56:10Z</time>
      </trkpt>
      <trkpt lat="-32.720716" lon="-71.479008">
        <ele>74.6</ele>
        <time>2025-04-12T15:56:12Z</time>
      </trkpt>
      <trkpt lat="-32.720948" lon="-71.478799">
        <ele>76.0</ele>
        <time>2025-04-12T15:56:14Z</time>
      </trkpt>
      <trkpt lat="-32.721219" lon="-71.47854">
        <ele>77.0</ele>
        <time>2025-04-12T15:56:16Z</time>
      </trkpt>
      <trkpt lat="-32.721541" lon="-71.478286">
        <ele>76.8</ele>
        <time>2025-04-12T15:56:18Z</time>
      </trkpt>
      <trkpt lat="-32.721825" lon="-71.478058">
        <ele>75.0</ele>
        <time>2025-04-12T15:56:20Z</time>
      </trkpt>
      <trkpt lat="-32.722102" lon="-71.477836">
        <ele>71.8</ele>
        <time>2025-04-12T15:56:22Z</time>
      </trkpt>
      <trkpt lat="-32.722408" lon="-71.477583">
        <ele>69.4</ele>
        <time>2025-04-12T15:56:24Z</time>
      </trkpt>
      <trkpt lat="-32.722731" lon="-71.47732">
        <ele>67.4</ele>
        <time>2025-04-12T15:56:26Z</time>
      </trkpt>
      <trkpt lat="-32.723084" lon="-71.477035">
        <ele>66.0</ele>
        <time>2025-04-12T15:56:28Z</time>
      </trkpt>
      <trkpt lat="-32.723459" lon="-71.476725">
        <ele>64.7</ele>
        <time>2025-04-12T15:56:30Z</time>
      </trkpt>
      <trkpt lat="-32.723825" lon="-71.476425">
        <ele>63.1</ele>
        <time>2025-04-12T15:56:32Z</time>
      </trkpt>
      <trkpt lat="-32.72419" lon="-71.476121">
        <ele>61.3</ele>
        <time>2025-04-12T15:56:34Z</time>
      </trkpt>
      <trkpt lat="-32.724565" lon="-71.475802">
        <ele>59.3</ele>
        <time>2025-04-12T15:56:36Z</time>
      </trkpt>
      <trkpt lat="-32.72491" lon="-71.475518">
        <ele>56.9</ele>
        <time>2025-04-12T15:56:38Z</time>
      </trkpt>
      <trkpt lat="-32.725244" lon="-71.475227">
        <ele>55.7</ele>
        <time>2025-04-12T15:56:39Z</time>
      </trkpt>
      <trkpt lat="-32.725584" lon="-71.474945">
        <ele>53.6</ele>
        <time>2025-04-12T15:56:41Z</time>
      </trkpt>
      <trkpt lat="-32.725944" lon="-71.474637">
        <ele>52.4</ele>
        <time>2025-04-12T15:56:43Z</time>
      </trkpt>
      <trkpt lat="-32.726278" lon="-71.474366">
        <ele>51.5</ele>
        <time>2025-04-12T15:56:45Z</time>
      </trkpt>
      <trkpt lat="-32.726575" lon="-71.474107">
        <ele>50.2</ele>
        <time>2025-04-12T15:56:47Z</time>
      </trkpt>
      <trkpt lat="-32.726877" lon="-71.473835">
        <ele>49.3</ele>
        <time>2025-04-12T15:56:49Z</time>
      </trkpt>
      <trkpt lat="-32.727196" lon="-71.473558">
        <ele>49.7</ele>
        <time>2025-04-12T15:56:51Z</time>
      </trkpt>
      <trkpt lat="-32.727521" lon="-71.473275">
        <ele>51.3</ele>
        <time>2025-04-12T15:56:53Z</time>
      </trkpt>
      <trkpt lat="-32.72786" lon="-71.472995">
        <ele>53.0</ele>
        <time>2025-04-12T15:56:55Z</time>
      </trkpt>
      <trkpt lat="-32.728173" lon="-71.472738">
        <ele>54.1</ele>
        <time>2025-04-12T15:56:57Z</time>
      </trkpt>
      <trkpt lat="-32.728442" lon="-71.472512">
        <ele>54.3</ele>
        <time>2025-04-12T15:56:59Z</time>
      </trkpt>
      <trkpt lat="-32.7287" lon="-71.472367">
        <ele>53.9</ele>
        <time>2025-04-12T15:57:01Z</time>
      </trkpt>
      <trkpt lat="-32.728985" lon="-71.472235">
        <ele>53.3</ele>
        <time>2025-04-12T15:57:03Z</time>
      </trkpt>
      <trkpt lat="-32.729308" lon="-71.472094">
        <ele>52.6</ele>
        <time>2025-04-12T15:57:05Z</time>
      </trkpt>
      <trkpt lat="-32.72968" lon="-71.471983">
        <ele>52.3</ele>
        <time>2025-04-12T15:57:08Z</time>
      </trkpt>
      <trkpt lat="-32.730099" lon="-71.47183">
        <ele>52.1</ele>
        <time>2025-04-12T15:57:10Z</time>
      </trkpt>
      <trkpt lat="-32.730547" lon="-71.471663">
        <ele>52.2</ele>
        <time>2025-04-12T15:57:12Z</time>
      </trkpt>
      <trkpt lat="-32.731005" lon="-71.471509">
        <ele>53.2</ele>
        <time>2025-04-12T15:57:14Z</time>
      </trkpt>
      <trkpt lat="-32.731432" lon="-71.471345">
        <ele>54.7</ele>
        <time>2025-04-12T15:57:16Z</time>
      </trkpt>
      <trkpt lat="-32.731899" lon="-71.47116">
        <ele>56.5</ele>
        <time>2025-04-12T15:57:18Z</time>
      </trkpt>
      <trkpt lat="-32.732391" lon="-71.470973">
        <ele>57.9</ele>
        <time>2025-04-12T15:57:20Z</time>
      </trkpt>
      <trkpt lat="-32.732859" lon="-71.470796">
        <ele>58.4</ele>
        <time>2025-04-12T15:57:22Z</time>
      </trkpt>
      <trkpt lat="-32.733348" lon="-71.470621">
        <ele>58.4</ele>
        <time>2025-04-12T15:57:24Z</time>
      </trkpt>
      <trkpt lat="-32.733839" lon="-71.470411">
        <ele>58.7</ele>
        <time>2025-04-12T15:57:26Z</time>
      </trkpt>
      <trkpt lat="-32.734302" lon="-71.470267">
        <ele>59.4</ele>
        <time>2025-04-12T15:57:28Z</time>
      </trkpt>
      <trkpt lat="-32.734682" lon="-71.470119">
        <ele>59.4</ele>
        <time>2025-04-12T15:57:30Z</time>
      </trkpt>
      <trkpt lat="-32.735059" lon="-71.469999">
        <ele>58.4</ele>
        <time>2025-04-12T15:57:32Z</time>
      </trkpt>
      <trkpt lat="-32.735447" lon="-71.469862">
        <ele>58.5</ele>
        <time>2025-04-12T15:57:34Z</time>
      </trkpt>
      <trkpt lat="-32.735841" lon="-71.469699">
        <ele>58.8</ele>
        <time>2025-04-12T15:57:36Z</time>
      </trkpt>
      <trkpt lat="-32.736222" lon="-71.469562">
        <ele>58.1</ele>
        <time>2025-04-12T15:57:38Z</time>
      </trkpt>
      <trkpt lat="-32.736616" lon="-71.46941">
        <ele>55.9</ele>
        <time>2025-04-12T15:57:40Z</time>
      </trkpt>
      <trkpt lat="-32.736981" lon="-71.469263">
        <ele>52.8</ele>
        <time>2025-04-12T15:57:42Z</time>
      </trkpt>
      <trkpt lat="-32.737329" lon="-71.469127">
        <ele>51.5</ele>
        <time>2025-04-12T15:57:44Z</time>
      </trkpt>
      <trkpt lat="-32.737667" lon="-71.469003">
        <ele>48.6</ele>
        <time>2025-04-12T15:57:46Z</time>
      </trkpt>
      <trkpt lat="-32.738" lon="-71.468863">
        <ele>46.1</ele>
        <time>2025-04-12T15:57:48Z</time>
      </trkpt>
      <trkpt lat="-32.738267" lon="-71.468656">
        <ele>43.7</ele>
        <time>2025-04-12T15:57:50Z</time>
      </trkpt>
      <trkpt lat="-32.738479" lon="-71.468383">
        <ele>41.3</ele>
        <time>2025-04-12T15:57:52Z</time>
      </trkpt>
      <trkpt lat="-32.738605" lon="-71.468093">
        <ele>38.9</ele>
        <time>2025-04-12T15:57:54Z</time>
      </trkpt>
      <trkpt lat="-32.738676" lon="-71.467732">
        <ele>37.4</ele>
        <time>2025-04-12T15:57:56Z</time>
      </trkpt>
      <trkpt lat="-32.7387" lon="-71.467299">
        <ele>37.1</ele>
        <time>2025-04-12T15:57:58Z</time>
      </trkpt>
      <trkpt lat="-32.738714" lon="-71.466843">
        <ele>37.9</ele>
        <time>2025-04-12T15:58:00Z</time>
      </trkpt>
      <trkpt lat="-32.738731" lon="-71.46643">
        <ele>38.7</ele>
        <time>2025-04-12T15:58:02Z</time>
      </trkpt>
      <trkpt lat="-32.738741" lon="-71.466014">
        <ele>39.0</ele>
        <time>2025-04-12T15:58:04Z</time>
      </trkpt>
      <trkpt lat="-32.738747" lon="-71.465623">
        <ele>39.5</ele>
        <time>2025-04-12T15:58:06Z</time>
      </trkpt>
      <trkpt lat="-32.738759" lon="-71.465232">
        <ele>40.9</ele>
        <time>2025-04-12T15:58:08Z</time>
      </trkpt>
      <trkpt lat="-32.738787" lon="-71.464921">
        <ele>41.8</ele>
        <time>2025-04-12T15:58:10Z</time>
      </trkpt>
      <trkpt lat="-32.738801" lon="-71.464658">
        <ele>42.3</ele>
        <time>2025-04-12T15:58:12Z</time>
      </trkpt>
      <trkpt lat="-32.738834" lon="-71.46446">
        <ele>42.4</ele>
        <time>2025-04-12T15:58:14Z</time>
      </trkpt>
      <trkpt lat="-32.7389" lon="-71.464332">
        <ele>43.0</ele>
        <time>2025-04-12T15:58:16Z</time>
      </trkpt>
      <trkpt lat="-32.738965" lon="-71.46433">
        <ele>43.5</ele>
        <time>2025-04-12T15:58:18Z</time>
      </trkpt>
      <trkpt lat="-32.739033" lon="-71.464381">
        <ele>44.0</ele>
        <time>2025-04-12T15:58:20Z</time>
      </trkpt>
      <trkpt lat="-32.739126" lon="-71.464576">
        <ele>44.9</ele>
        <time>2025-04-12T15:58:22Z</time>
      </trkpt>
      <trkpt lat="-32.739245" lon="-71.464804">
        <ele>46.0</ele>
        <time>2025-04-12T15:58:24Z</time>
      </trkpt>
      <trkpt lat="-32.739367" lon="-71.465051">
        <ele>46.8</ele>
        <time>2025-04-12T15:58:26Z</time>
      </trkpt>
      <trkpt lat="-32.739516" lon="-71.465342">
        <ele>47.3</ele>
        <time>2025-04-12T15:58:28Z</time>
      </trkpt>
      <trkpt lat="-32.739689" lon="-71.465673">
        <ele>48.2</ele>
        <time>2025-04-12T15:58:30Z</time>
      </trkpt>
      <trkpt lat="-32.73988" lon="-71.466041">
        <ele>49.2</ele>
        <time>2025-04-12T15:58:32Z</time>
      </trkpt>
      <trkpt lat="-32.740089" lon="-71.46645">
        <ele>49.5</ele>
        <time>2025-04-12T15:58:34Z</time>
      </trkpt>
      <trkpt lat="-32.740309" lon="-71.466882">
        <ele>49.0</ele>
        <time>2025-04-12T15:58:36Z</time>
      </trkpt>
      <trkpt lat="-32.740521" lon="-71.467302">
        <ele>47.2</ele>
        <time>2025-04-12T15:58:38Z</time>
      </trkpt>
      <trkpt lat="-32.740745" lon="-71.467751">
        <ele>44.9</ele>
        <time>2025-04-12T15:58:40Z</time>
      </trkpt>
      <trkpt lat="-32.740983" lon="-71.468229">
        <ele>43.3</ele>
        <time>2025-04-12T15:58:42Z</time>
      </trkpt>
      <trkpt lat="-32.741204" lon="-71.468673">
        <ele>41.5</ele>
        <time>2025-04-12T15:58:44Z</time>
      </trkpt>
      <trkpt lat="-32.741409" lon="-71.469068">
        <ele>40.5</ele>
        <time>2025-04-12T15:58:46Z</time>
      </trkpt>
      <trkpt lat="-32.741603" lon="-71.46945">
        <ele>38.4</ele>
        <time>2025-04-12T15:58:47Z</time>
      </trkpt>
      <trkpt lat="-32.741805" lon="-71.469825">
        <ele>37.2</ele>
        <time>2025-04-12T15:58:49Z</time>
      </trkpt>
      <trkpt lat="-32.742008" lon="-71.470238">
        <ele>36.9</ele>
        <time>2025-04-12T15:58:51Z</time>
      </trkpt>
      <trkpt lat="-32.74222" lon="-71.470671">
        <ele>37.3</ele>
        <time>2025-04-12T15:58:53Z</time>
      </trkpt>
      <trkpt lat="-32.742411" lon="-71.47107">
        <ele>37.4</ele>
        <time>2025-04-12T15:58:55Z</time>
      </trkpt>
      <trkpt lat="-32.742617" lon="-71.47147">
        <ele>37.4</ele>
        <time>2025-04-12T15:58:57Z</time>
      </trkpt>
      <trkpt lat="-32.742845" lon="-71.471896">
        <ele>37.4</ele>
        <time>2025-04-12T15:58:59Z</time>
      </trkpt>
      <trkpt lat="-32.743085" lon="-71.472331">
        <ele>37.7</ele>
        <time>2025-04-12T15:59:01Z</time>
      </trkpt>
      <trkpt lat="-32.743335" lon="-71.472728">
        <ele>36.6</ele>
        <time>2025-04-12T15:59:03Z</time>
      </trkpt>
      <trkpt lat="-32.74366" lon="-71.473092">
        <ele>35.1</ele>
        <time>2025-04-12T15:59:05Z</time>
      </trkpt>
      <trkpt lat="-32.744054" lon="-71.473424">
        <ele>33.5</ele>
        <time>2025-04-12T15:59:07Z</time>
      </trkpt>
      <trkpt lat="-32.744482" lon="-71.473751">
        <ele>31.7</ele>
        <time>2025-04-12T15:59:09Z</time>
      </trkpt>
      <trkpt lat="-32.744839" lon="-71.474053">
        <ele>28.8</ele>
        <time>2025-04-12T15:59:11Z</time>
      </trkpt>
      <trkpt lat="-32.745172" lon="-71.474329">
        <ele>24.7</ele>
        <time>2025-04-12T15:59:14Z</time>
      </trkpt>
      <trkpt lat="-32.745481" lon="-71.474585">
        <ele>20.3</ele>
        <time>2025-04-12T15:59:16Z</time>
      </trkpt>
      <trkpt lat="-32.745765" lon="-71.474824">
        <ele>18.2</ele>
        <time>2025-04-12T15:59:18Z</time>
      </trkpt>
      <trkpt lat="-32.746107" lon="-71.475095">
        <ele>15.7</ele>
        <time>2025-04-12T15:59:20Z</time>
      </trkpt>
      <trkpt lat="-32.74647" lon="-71.475397">
        <ele>15.3</ele>
        <time>2025-04-12T15:59:22Z</time>
      </trkpt>
      <trkpt lat="-32.746841" lon="-71.475695">
        <ele>15.7</ele>
        <time>2025-04-12T15:59:24Z</time>
      </trkpt>
      <trkpt lat="-32.747161" lon="-71.475955">
        <ele>14.8</ele>
        <time>2025-04-12T15:59:26Z</time>
      </trkpt>
      <trkpt lat="-32.74746" lon="-71.476216">
        <ele>12.8</ele>
        <time>2025-04-12T15:59:28Z</time>
      </trkpt>
      <trkpt lat="-32.74778" lon="-71.476482">
        <ele>11.3</ele>
        <time>2025-04-12T15:59:30Z</time>
      </trkpt>
      <trkpt lat="-32.748062" lon="-71.476728">
        <ele>10.0</ele>
        <time>2025-04-12T15:59:32Z</time>
      </trkpt>
      <trkpt lat="-32.748322" lon="-71.476968">
        <ele>8.0</ele>
        <time>2025-04-12T15:59:34Z</time>
      </trkpt>
      <trkpt lat="-32.748574" lon="-71.477181">
        <ele>6.5</ele>
        <time>2025-04-12T15:59:36Z</time>
      </trkpt>
      <trkpt lat="-32.748848" lon="-71.477406">
        <ele>5.7</ele>
        <time>2025-04-12T15:59:38Z</time>
      </trkpt>
      <trkpt lat="-32.749127" lon="-71.47764">
        <ele>5.4</ele>
        <time>2025-04-12T15:59:40Z</time>
      </trkpt>
      <trkpt lat="-32.749391" lon="-71.477842">
        <ele>5.0</ele>
        <time>2025-04-12T15:59:42Z</time>
      </trkpt>
      <trkpt lat="-32.749668" lon="-71.478042">
        <ele>4.5</ele>
        <time>2025-04-12T15:59:44Z</time>
      </trkpt>
      <trkpt lat="-32.749966" lon="-71.478187">
        <ele>4.0</ele>
        <time>2025-04-12T15:59:46Z</time>
      </trkpt>
      <trkpt lat="-32.750291" lon="-71.478333">
        <ele>4.2</ele>
        <time>2025-04-12T15:59:48Z</time>
      </trkpt>
      <trkpt lat="-32.750624" lon="-71.478502">
        <ele>4.4</ele>
        <time>2025-04-12T15:59:50Z</time>
      </trkpt>
      <trkpt lat="-32.75096" lon="-71.478676">
        <ele>4.7</ele>
        <time>2025-04-12T15:59:52Z</time>
      </trkpt>
      <trkpt lat="-32.751299" lon="-71.478854">
        <ele>5.0</ele>
        <time>2025-04-12T15:59:54Z</time>
      </trkpt>
      <trkpt lat="-32.751657" lon="-71.479008">
        <ele>5.3</ele>
        <time>2025-04-12T15:59:56Z</time>
      </trkpt>
      <trkpt lat="-32.752048" lon="-71.479097">
        <ele>6.0</ele>
        <time>2025-04-12T15:59:58Z</time>
      </trkpt>
      <trkpt lat="-32.752413" lon="-71.479154">
        <ele>6.4</ele>
        <time>2025-04-12T16:00:00Z</time>
      </trkpt>
      <trkpt lat="-32.752785" lon="-71.479219">
        <ele>6.3</ele>
        <time>2025-04-12T16:00:02Z</time>
      </trkpt>
      <trkpt lat="-32.753164" lon="-71.479291">
        <ele>5.5</ele>
        <time>2025-04-12T16:00:04Z</time>
      </trkpt>
      <trkpt lat="-32.753546" lon="-71.479355">
        <ele>5.0</ele>
        <time>2025-04-12T16:00:06Z</time>
      </trkpt>
      <trkpt lat="-32.753898" lon="-71.479415">
        <ele>4.6</ele>
        <time>2025-04-12T16:00:08Z</time>
      </trkpt>
      <trkpt lat="-32.754258" lon="-71.479472">
        <ele>4.6</ele>
        <time>2025-04-12T16:00:10Z</time>
      </trkpt>
      <trkpt lat="-32.754598" lon="-71.479523">
        <ele>4.2</ele>
        <time>2025-04-12T16:00:12Z</time>
      </trkpt>
      <trkpt lat="-32.754896" lon="-71.47955">
        <ele>3.4</ele>
        <time>2025-04-12T16:00:14Z</time>
      </trkpt>
      <trkpt lat="-32.755162" lon="-71.479548">
        <ele>2.6</ele>
        <time>2025-04-12T16:00:16Z</time>
      </trkpt>
      <trkpt lat="-32.755407" lon="-71.479516">
        <ele>2.5</ele>
        <time>2025-04-12T16:00:18Z</time>
      </trkpt>
      <trkpt lat="-32.755693" lon="-71.479419">
        <ele>3.1</ele>
        <time>2025-04-12T16:00:20Z</time>
      </trkpt>
      <trkpt lat="-32.755983" lon="-71.479311">
        <ele>3.4</ele>
        <time>2025-04-12T16:00:22Z</time>
      </trkpt>
      <trkpt lat="-32.756221" lon="-71.479218">
        <ele>3.9</ele>
        <time>2025-04-12T16:00:24Z</time>
      </trkpt>
      <trkpt lat="-32.756463" lon="-71.479113">
        <ele>4.0</ele>
        <time>2025-04-12T16:00:26Z</time>
      </trkpt>
      <trkpt lat="-32.756749" lon="-71.478996">
        <ele>4.6</ele>
        <time>2025-04-12T16:00:28Z</time>
      </trkpt>
      <trkpt lat="-32.757019" lon="-71.478887">
        <ele>5.3</ele>
        <time>2025-04-12T16:00:30Z</time>
      </trkpt>
      <trkpt lat="-32.757272" lon="-71.478777">
        <ele>6.0</ele>
        <time>2025-04-12T16:00:32Z</time>
      </trkpt>
      <trkpt lat="-32.757527" lon="-71.478667">
        <ele>6.6</ele>
        <time>2025-04-12T16:00:34Z</time>
      </trkpt>
      <trkpt lat="-32.757784" lon="-71.478555">
        <ele>7.0</ele>
        <time>2025-04-12T16:00:36Z</time>
      </trkpt>
      <trkpt lat="-32.758052" lon="-71.478439">
        <ele>7.7</ele>
        <time>2025-04-12T16:00:38Z</time>
      </trkpt>
      <trkpt lat="-32.758329" lon="-71.478312">
        <ele>8.3</ele>
        <time>2025-04-12T16:00:40Z</time>
      </trkpt>
      <trkpt lat="-32.758588" lon="-71.478199">
        <ele>8.5</ele>
        <time>2025-04-12T16:00:42Z</time>
      </trkpt>
      <trkpt lat="-32.758865" lon="-71.478085">
        <ele>8.4</ele>
        <time>2025-04-12T16:00:44Z</time>
      </trkpt>
      <trkpt lat="-32.75916" lon="-71.477996">
        <ele>8.4</ele>
        <time>2025-04-12T16:00:45Z</time>
      </trkpt>
      <trkpt lat="-32.759474" lon="-71.478002">
        <ele>8.3</ele>
        <time>2025-04-12T16:00:47Z</time>
      </trkpt>
      <trkpt lat="-32.759772" lon="-71.47809">
        <ele>8.3</ele>
        <time>2025-04-12T16:00:49Z</time>
      </trkpt>
      <trkpt lat="-32.760079" lon="-71.478188">
        <ele>8.1</ele>
        <time>2025-04-12T16:00:51Z</time>
      </trkpt>
      <trkpt lat="-32.76039" lon="-71.478308">
        <ele>7.9</ele>
        <time>2025-04-12T16:00:53Z</time>
      </trkpt>
      <trkpt lat="-32.760722" lon="-71.47844">
        <ele>7.6</ele>
        <time>2025-04-12T16:00:55Z</time>
      </trkpt>
      <trkpt lat="-32.761059" lon="-71.478564">
        <ele>7.5</ele>
        <time>2025-04-12T16:00:57Z</time>
      </trkpt>
      <trkpt lat="-32.761379" lon="-71.478676">
        <ele>7.4</ele>
        <time>2025-04-12T16:00:59Z</time>
      </trkpt>
      <trkpt lat="-32.761702" lon="-71.478797">
        <ele>6.7</ele>
        <time>2025-04-12T16:01:01Z</time>
      </trkpt>
      <trkpt lat="-32.762023" lon="-71.478942">
        <ele>6.0</ele>
        <time>2025-04-12T16:01:03Z</time>
      </trkpt>
      <trkpt lat="-32.762329" lon="-71.479128">
        <ele>5.8</ele>
        <time>2025-04-12T16:01:05Z</time>
      </trkpt>
      <trkpt lat="-32.762605" lon="-71.479363">
        <ele>6.0</ele>
        <time>2025-04-12T16:01:07Z</time>
      </trkpt>
      <trkpt lat="-32.762844" lon="-71.479634">
        <ele>6.6</ele>
        <time>2025-04-12T16:01:09Z</time>
      </trkpt>
      <trkpt lat="-32.763035" lon="-71.479898">
        <ele>7.1</ele>
        <time>2025-04-12T16:01:11Z</time>
      </trkpt>
      <trkpt lat="-32.763221" lon="-71.480175">
        <ele>7.4</ele>
        <time>2025-04-12T16:01:13Z</time>
      </trkpt>
      <trkpt lat="-32.763403" lon="-71.480463">
        <ele>7.9</ele>
        <time>2025-04-12T16:01:15Z</time>
      </trkpt>
      <trkpt lat="-32.763588" lon="-71.480743">
        <ele>8.4</ele>
        <time>2025-04-12T16:01:17Z</time>
      </trkpt>
      <trkpt lat="-32.763739" lon="-71.481">
        <ele>8.6</ele>
        <time>2025-04-12T16:01:20Z</time>
      </trkpt>
      <trkpt lat="-32.763901" lon="-71.481261">
        <ele>8.7</ele>
        <time>2025-04-12T16:01:22Z</time>
      </trkpt>
      <trkpt lat="-32.76409" lon="-71.481509">
        <ele>9.0</ele>
        <time>2025-04-12T16:01:24Z</time>
      </trkpt>
      <trkpt lat="-32.764325" lon="-71.481721">
        <ele>9.2</ele>
        <time>2025-04-12T16:01:26Z</time>
      </trkpt>
      <trkpt lat="-32.764604" lon="-71.481883">
        <ele>9.5</ele>
        <time>2025-04-12T16:01:28Z</time>
      </trkpt>
      <trkpt lat="-32.764874" lon="-71.481973">
        <ele>9.6</ele>
        <time>2025-04-12T16:01:30Z</time>
      </trkpt>
      <trkpt lat="-32.765149" lon="-71.482034">
        <ele>9.6</ele>
        <time>2025-04-12T16:01:32Z</time>
      </trkpt>
      <trkpt lat="-32.765463" lon="-71.482039">
        <ele>9.8</ele>
        <time>2025-04-12T16:01:34Z</time>
      </trkpt>
      <trkpt lat="-32.765805" lon="-71.48196">
        <ele>10.4</ele>
        <time>2025-04-12T16:01:36Z</time>
      </trkpt>
      <trkpt lat="-32.766119" lon="-71.481831">
        <ele>10.9</ele>
        <time>2025-04-12T16:01:38Z</time>
      </trkpt>
      <trkpt lat="-32.76639" lon="-71.481667">
        <ele>10.9</ele>
        <time>2025-04-12T16:01:40Z</time>
      </trkpt>
      <trkpt lat="-32.766655" lon="-71.481482">
        <ele>10.8</ele>
        <time>2025-04-12T16:01:42Z</time>
      </trkpt>
      <trkpt lat="-32.766926" lon="-71.481291">
        <ele>11.1</ele>
        <time>2025-04-12T16:01:44Z</time>
      </trkpt>
      <trkpt lat="-32.767189" lon="-71.481098">
        <ele>12.3</ele>
        <time>2025-04-12T16:01:46Z</time>
      </trkpt>
      <trkpt lat="-32.767453" lon="-71.48091">
        <ele>13.9</ele>
        <time>2025-04-12T16:01:48Z</time>
      </trkpt>
      <trkpt lat="-32.767725" lon="-71.480717">
        <ele>15.4</ele>
        <time>2025-04-12T16:01:50Z</time>
      </trkpt>
      <trkpt lat="-32.767999" lon="-71.480515">
        <ele>16.9</ele>
        <time>2025-04-12T16:01:52Z</time>
      </trkpt>
      <trkpt lat="-32.768271" lon="-71.480324">
        <ele>18.5</ele>
        <time>2025-04-12T16:01:54Z</time>
      </trkpt>
      <trkpt lat="-32.768516" lon="-71.480158">
        <ele>19.3</ele>
        <time>2025-04-12T16:01:56Z</time>
      </trkpt>
      <trkpt lat="-32.768805" lon="-71.480012">
        <ele>20.8</ele>
        <time>2025-04-12T16:01:58Z</time>
      </trkpt>
      <trkpt lat="-32.769055" lon="-71.479937">
        <ele>21.9</ele>
        <time>2025-04-12T16:02:00Z</time>
      </trkpt>
      <trkpt lat="-32.769314" lon="-71.479896">
        <ele>23.0</ele>
        <time>2025-04-12T16:02:02Z</time>
      </trkpt>
      <trkpt lat="-32.769586" lon="-71.4799">
        <ele>24.2</ele>
        <time>2025-04-12T16:02:04Z</time>
      </trkpt>
      <trkpt lat="-32.769875" lon="-71.479951">
        <ele>25.7</ele>
        <time>2025-04-12T16:02:06Z</time>
      </trkpt>
      <trkpt lat="-32.770182" lon="-71.480046">
        <ele>27.6</ele>
        <time>2025-04-12T16:02:08Z</time>
      </trkpt>
      <trkpt lat="-32.770489" lon="-71.480138">
        <ele>29.7</ele>
        <time>2025-04-12T16:02:10Z</time>
      </trkpt>
      <trkpt lat="-32.770787" lon="-71.480232">
        <ele>31.7</ele>
        <time>2025-04-12T16:02:12Z</time>
      </trkpt>
      <trkpt lat="-32.771106" lon="-71.480318">
        <ele>33.3</ele>
        <time>2025-04-12T16:02:14Z</time>
      </trkpt>
      <trkpt lat="-32.771452" lon="-71.480396">
        <ele>35.1</ele>
        <time>2025-04-12T16:02:16Z</time>
      </trkpt>
      <trkpt lat="-32.771776" lon="-71.480489">
        <ele>37.1</ele>
        <time>2025-04-12T16:02:18Z</time>
      </trkpt>
      <trkpt lat="-32.772083" lon="-71.480571">
        <ele>38.5</ele>
        <time>2025-04-12T16:02:20Z</time>
      </trkpt>
      <trkpt lat="-32.772383" lon="-71.480654">
        <ele>39.7</ele>
        <time>2025-04-12T16:02:22Z</time>
      </trkpt>
      <trkpt lat="-32.772689" lon="-71.480733">
        <ele>40.7</ele>
        <time>2025-04-12T16:02:24Z</time>
      </trkpt>
      <trkpt lat="-32.772997" lon="-71.480814">
        <ele>41.5</ele>
        <time>2025-04-12T16:02:26Z</time>
      </trkpt>
      <trkpt lat="-32.773316" lon="-71.480884">
        <ele>41.7</ele>
        <time>2025-04-12T16:02:28Z</time>
      </trkpt>
      <trkpt lat="-32.773617" lon="-71.480964">
        <ele>41.7</ele>
        <time>2025-04-12T16:02:30Z</time>
      </trkpt>
      <trkpt lat="-32.773925" lon="-71.481054">
        <ele>41.3</ele>
        <time>2025-04-12T16:02:32Z</time>
      </trkpt>
      <trkpt lat="-32.774248" lon="-71.481139">
        <ele>41.0</ele>
        <time>2025-04-12T16:02:34Z</time>
      </trkpt>
      <trkpt lat="-32.774577" lon="-71.481223">
        <ele>41.1</ele>
        <time>2025-04-12T16:02:36Z</time>
      </trkpt>
      <trkpt lat="-32.774884" lon="-71.48131">
        <ele>41.6</ele>
        <time>2025-04-12T16:02:38Z</time>
      </trkpt>
      <trkpt lat="-32.775184" lon="-71.481397">
        <ele>41.7</ele>
        <time>2025-04-12T16:02:40Z</time>
      </trkpt>
      <trkpt lat="-32.775481" lon="-71.481483">
        <ele>41.0</ele>
        <time>2025-04-12T16:02:42Z</time>
      </trkpt>
      <trkpt lat="-32.775772" lon="-71.481565">
        <ele>40.2</ele>
        <time>2025-04-12T16:02:44Z</time>
      </trkpt>
      <trkpt lat="-32.776058" lon="-71.481642">
        <ele>39.5</ele>
        <time>2025-04-12T16:02:46Z</time>
      </trkpt>
      <trkpt lat="-32.776329" lon="-71.481714">
        <ele>39.0</ele>
        <time>2025-04-12T16:02:47Z</time>
      </trkpt>
      <trkpt lat="-32.776584" lon="-71.481788">
        <ele>38.5</ele>
        <time>2025-04-12T16:02:49Z</time>
      </trkpt>
      <trkpt lat="-32.776833" lon="-71.48187">
        <ele>38.0</ele>
        <time>2025-04-12T16:02:51Z</time>
      </trkpt>
      <trkpt lat="-32.777082" lon="-71.481949">
        <ele>37.6</ele>
        <time>2025-04-12T16:02:53Z</time>
      </trkpt>
      <trkpt lat="-32.777345" lon="-71.482019">
        <ele>37.4</ele>
        <time>2025-04-12T16:02:55Z</time>
      </trkpt>
      <trkpt lat="-32.777642" lon="-71.4821">
        <ele>37.4</ele>
        <time>2025-04-12T16:02:57Z</time>
      </trkpt>
      <trkpt lat="-32.777922" lon="-71.482171">
        <ele>37.1</ele>
        <time>2025-04-12T16:02:59Z</time>
      </trkpt>
      <trkpt lat="-32.778168" lon="-71.482228">
        <ele>36.9</ele>
        <time>2025-04-12T16:03:01Z</time>
      </trkpt>
      <trkpt lat="-32.778378" lon="-71.482276">
        <ele>36.0</ele>
        <time>2025-04-12T16:03:03Z</time>
      </trkpt>
      <trkpt lat="-32.778562" lon="-71.482328">
        <ele>35.2</ele>
        <time>2025-04-12T16:03:05Z</time>
      </trkpt>
      <trkpt lat="-32.778714" lon="-71.482371">
        <ele>34.5</ele>
        <time>2025-04-12T16:03:07Z</time>
      </trkpt>
      <trkpt lat="-32.77885" lon="-71.482405">
        <ele>33.8</ele>
        <time>2025-04-12T16:03:09Z</time>
      </trkpt>
      <trkpt lat="-32.778961" lon="-71.482432">
        <ele>33.3</ele>
        <time>2025-04-12T16:03:11Z</time>
      </trkpt>
      <trkpt lat="-32.779042" lon="-71.482456">
        <ele>33.0</ele>
        <time>2025-04-12T16:03:13Z</time>
      </trkpt>
      <trkpt lat="-32.779099" lon="-71.482473">
        <ele>32.8</ele>
        <time>2025-04-12T16:03:15Z</time>
      </trkpt>
      <trkpt lat="-32.779133" lon="-71.482475">
        <ele>32.8</ele>
        <time>2025-04-12T16:03:17Z</time>
      </trkpt>
      <trkpt lat="-32.779151" lon="-71.482423">
        <ele>32.8</ele>
        <time>2025-04-12T16:03:19Z</time>
      </trkpt>
      <trkpt lat="-32.779114" lon="-71.482383">
        <ele>32.9</ele>
        <time>2025-04-12T16:03:21Z</time>
      </trkpt>
      <trkpt lat="-32.779058" lon="-71.482374">
        <ele>32.8</ele>
        <time>2025-04-12T16:03:23Z</time>
      </trkpt>
      <trkpt lat="-32.778986" lon="-71.482358">
        <ele>32.9</ele>
        <time>2025-04-12T16:03:26Z</time>
      </trkpt>
      <trkpt lat="-32.778872" lon="-71.48233">
        <ele>33.6</ele>
        <time>2025-04-12T16:03:28Z</time>
      </trkpt>
      <trkpt lat="-32.778608" lon="-71.482269">
        <ele>34.3</ele>
        <time>2025-04-12T16:03:30Z</time>
      </trkpt>
      <trkpt lat="-32.778322" lon="-71.482221">
        <ele>34.8</ele>
        <time>2025-04-12T16:03:32Z</time>
      </trkpt>
      <trkpt lat="-32.777992" lon="-71.482123">
        <ele>35.9</ele>
        <time>2025-04-12T16:03:34Z</time>
      </trkpt>
      <trkpt lat="-32.777633" lon="-71.482017">
        <ele>37.4</ele>
        <time>2025-04-12T16:03:36Z</time>
      </trkpt>
      <trkpt lat="-32.777249" lon="-71.481902">
        <ele>39.1</ele>
        <time>2025-04-12T16:03:38Z</time>
      </trkpt>
      <trkpt lat="-32.776834" lon="-71.481789">
        <ele>40.5</ele>
        <time>2025-04-12T16:03:40Z</time>
      </trkpt>
      <trkpt lat="-32.776402" lon="-71.481664">
        <ele>41.8</ele>
        <time>2025-04-12T16:03:42Z</time>
      </trkpt>
      <trkpt lat="-32.775948" lon="-71.481546">
        <ele>43.4</ele>
        <time>2025-04-12T16:03:44Z</time>
      </trkpt>
      <trkpt lat="-32.775483" lon="-71.481419">
        <ele>44.4</ele>
        <time>2025-04-12T16:03:46Z</time>
      </trkpt>
      <trkpt lat="-32.775001" lon="-71.481294">
        <ele>44.7</ele>
        <time>2025-04-12T16:03:48Z</time>
      </trkpt>
      <trkpt lat="-32.774511" lon="-71.481154">
        <ele>45.3</ele>
        <time>2025-04-12T16:03:50Z</time>
      </trkpt>
      <trkpt lat="-32.774008" lon="-71.481023">
        <ele>46.0</ele>
        <time>2025-04-12T16:03:52Z</time>
      </trkpt>
      <trkpt lat="-32.773535" lon="-71.480897">
        <ele>46.6</ele>
        <time>2025-04-12T16:03:54Z</time>
      </trkpt>
      <trkpt lat="-32.773091" lon="-71.480773">
        <ele>47.1</ele>
        <time>2025-04-12T16:03:56Z</time>
      </trkpt>
      <trkpt lat="-32.772671" lon="-71.480657">
        <ele>46.6</ele>
        <time>2025-04-12T16:03:58Z</time>
      </trkpt>
      <trkpt lat="-32.772301" lon="-71.480556">
        <ele>45.3</ele>
        <time>2025-04-12T16:04:00Z</time>
      </trkpt>
      <trkpt lat="-32.771936" lon="-71.480472">
        <ele>43.5</ele>
        <time>2025-04-12T16:04:02Z</time>
      </trkpt>
      <trkpt lat="-32.771582" lon="-71.480375">
        <ele>42.6</ele>
        <time>2025-04-12T16:04:04Z</time>
      </trkpt>
      <trkpt lat="-32.771265" lon="-71.480285">
        <ele>40.5</ele>
        <time>2025-04-12T16:04:06Z</time>
      </trkpt>
      <trkpt lat="-32.770976" lon="-71.480192">
        <ele>38.2</ele>
        <time>2025-04-12T16:04:08Z</time>
      </trkpt>
      <trkpt lat="-32.770719" lon="-71.48012">
        <ele>35.7</ele>
        <time>2025-04-12T16:04:10Z</time>
      </trkpt>
      <trkpt lat="-32.770538" lon="-71.480042">
        <ele>32.9</ele>
        <time>2025-04-12T16:04:12Z</time>
      </trkpt>
      <trkpt lat="-32.770401" lon="-71.479882">
        <ele>30.9</ele>
        <time>2025-04-12T16:04:14Z</time>
      </trkpt>
      <trkpt lat="-32.770237" lon="-71.479719">
        <ele>29.4</ele>
        <time>2025-04-12T16:04:16Z</time>
      </trkpt>
      <trkpt lat="-32.77001" lon="-71.479549">
        <ele>28.6</ele>
        <time>2025-04-12T16:04:18Z</time>
      </trkpt>
      <trkpt lat="-32.769693" lon="-71.479391">
        <ele>28.1</ele>
        <time>2025-04-12T16:04:20Z</time>
      </trkpt>
      <trkpt lat="-32.769358" lon="-71.479274">
        <ele>27.1</ele>
        <time>2025-04-12T16:04:22Z</time>
      </trkpt>
      <trkpt lat="-32.768989" lon="-71.479183">
        <ele>25.8</ele>
        <time>2025-04-12T16:04:24Z</time>
      </trkpt>
      <trkpt lat="-32.76864" lon="-71.47909">
        <ele>23.6</ele>
        <time>2025-04-12T16:04:26Z</time>
      </trkpt>
      <trkpt lat="-32.768286" lon="-71.478996">
        <ele>21.3</ele>
        <time>2025-04-12T16:04:28Z</time>
      </trkpt>
      <trkpt lat="-32.767973" lon="-71.478913">
        <ele>18.4</ele>
        <time>2025-04-12T16:04:30Z</time>
      </trkpt>
      <trkpt lat="-32.767683" lon="-71.478826">
        <ele>15.4</ele>
        <time>2025-04-12T16:04:32Z</time>
      </trkpt>
      <trkpt lat="-32.767494" lon="-71.478656">
        <ele>12.8</ele>
        <time>2025-04-12T16:04:34Z</time>
      </trkpt>
      <trkpt lat="-32.767407" lon="-71.478425">
        <ele>11.8</ele>
        <time>2025-04-12T16:04:36Z</time>
      </trkpt>
      <trkpt lat="-32.767404" lon="-71.478179">
        <ele>10.2</ele>
        <time>2025-04-12T16:04:38Z</time>
      </trkpt>
      <trkpt lat="-32.767412" lon="-71.477929">
        <ele>9.4</ele>
        <time>2025-04-12T16:04:40Z</time>
      </trkpt>
      <trkpt lat="-32.767415" lon="-71.477645">
        <ele>9.3</ele>
        <time>2025-04-12T16:04:42Z</time>
      </trkpt>
      <trkpt lat="-32.767425" lon="-71.477324">
        <ele>9.9</ele>
        <time>2025-04-12T16:04:44Z</time>
      </trkpt>
      <trkpt lat="-32.767441" lon="-71.476986">
        <ele>11.2</ele>
        <time>2025-04-12T16:04:46Z</time>
      </trkpt>
      <trkpt lat="-32.767467" lon="-71.476613">
        <ele>13.0</ele>
        <time>2025-04-12T16:04:48Z</time>
      </trkpt>
      <trkpt lat="-32.767546" lon="-71.476221">
        <ele>15.9</ele>
        <time>2025-04-12T16:04:50Z</time>
      </trkpt>
      <trkpt lat="-32.767629" lon="-71.475835">
        <ele>19.5</ele>
        <time>2025-04-12T16:04:52Z</time>
      </trkpt>
      <trkpt lat="-32.767708" lon="-71.475506">
        <ele>22.7</ele>
        <time>2025-04-12T16:04:54Z</time>
      </trkpt>
      <trkpt lat="-32.767834" lon="-71.475148">
        <ele>24.5</ele>
        <time>2025-04-12T16:04:55Z</time>
      </trkpt>
      <trkpt lat="-32.767977" lon="-71.474823">
        <ele>24.9</ele>
        <time>2025-04-12T16:04:57Z</time>
      </trkpt>
      <trkpt lat="-32.768138" lon="-71.474541">
        <ele>24.3</ele>
        <time>2025-04-12T16:04:59Z</time>
      </trkpt>
      <trkpt lat="-32.768348" lon="-71.474364">
        <ele>23.1</ele>
        <time>2025-04-12T16:05:01Z</time>
      </trkpt>
      <trkpt lat="-32.768566" lon="-71.474253">
        <ele>21.9</ele>
        <time>2025-04-12T16:05:03Z</time>
      </trkpt>
      <trkpt lat="-32.768762" lon="-71.474106">
        <ele>20.7</ele>
        <time>2025-04-12T16:05:05Z</time>
      </trkpt>
      <trkpt lat="-32.768963" lon="-71.473932">
        <ele>20.2</ele>
        <time>2025-04-12T16:05:07Z</time>
      </trkpt>
      <trkpt lat="-32.769196" lon="-71.473774">
        <ele>19.7</ele>
        <time>2025-04-12T16:05:09Z</time>
      </trkpt>
      <trkpt lat="-32.769459" lon="-71.473607">
        <ele>19.5</ele>
        <time>2025-04-12T16:05:11Z</time>
      </trkpt>
      <trkpt lat="-32.769707" lon="-71.473431">
        <ele>18.9</ele>
        <time>2025-04-12T16:05:13Z</time>
      </trkpt>
      <trkpt lat="-32.769922" lon="-71.473256">
        <ele>17.7</ele>
        <time>2025-04-12T16:05:15Z</time>
      </trkpt>
      <trkpt lat="-32.770113" lon="-71.473076">
        <ele>16.1</ele>
        <time>2025-04-12T16:05:17Z</time>
      </trkpt>
      <trkpt lat="-32.770306" lon="-71.472868">
        <ele>14.8</ele>
        <time>2025-04-12T16:05:19Z</time>
      </trkpt>
      <trkpt lat="-32.770471" lon="-71.47266">
        <ele>13.8</ele>
        <time>2025-04-12T16:05:21Z</time>
      </trkpt>
      <trkpt lat="-32.770604" lon="-71.472484">
        <ele>12.9</ele>
        <time>2025-04-12T16:05:23Z</time>
      </trkpt>
      <trkpt lat="-32.770706" lon="-71.47234">
        <ele>11.8</ele>
        <time>2025-04-12T16:05:25Z</time>
      </trkpt>
      <trkpt lat="-32.770795" lon="-71.472218">
        <ele>11.2</ele>
        <time>2025-04-12T16:05:27Z</time>
      </trkpt>
      <trkpt lat="-32.770785" lon="-71.472078">
        <ele>11.0</ele>
        <time>2025-04-12T16:05:29Z</time>
      </trkpt>
      <trkpt lat="-32.770648" lon="-71.472008">
        <ele>11.1</ele>
        <time>2025-04-12T16:05:32Z</time>
      </trkpt>
      <trkpt lat="-32.770441" lon="-71.471967">
        <ele>11.1</ele>
        <time>2025-04-12T16:05:34Z</time>
      </trkpt>
      <trkpt lat="-32.770189" lon="-71.471912">
        <ele>10.7</ele>
        <time>2025-04-12T16:05:36Z</time>
      </trkpt>
      <trkpt lat="-32.769929" lon="-71.471844">
        <ele>10.4</ele>
        <time>2025-04-12T16:05:38Z</time>
      </trkpt>
      <trkpt lat="-32.76964" lon="-71.471778">
        <ele>10.2</ele>
        <time>2025-04-12T16:05:40Z</time>
      </trkpt>
      <trkpt lat="-32.769326" lon="-71.471724">
        <ele>10.4</ele>
        <time>2025-04-12T16:05:42Z</time>
      </trkpt>
      <trkpt lat="-32.769011" lon="-71.471679">
        <ele>10.5</ele>
        <time>2025-04-12T16:05:44Z</time>
      </trkpt>
      <trkpt lat="-32.768685" lon="-71.471671">
        <ele>10.5</ele>
        <time>2025-04-12T16:05:46Z</time>
      </trkpt>
      <trkpt lat="-32.768397" lon="-71.471684">
        <ele>9.8</ele>
        <time>2025-04-12T16:05:48Z</time>
      </trkpt>
      <trkpt lat="-32.768144" lon="-71.471698">
        <ele>8.8</ele>
        <time>2025-04-12T16:05:50Z</time>
      </trkpt>
      <trkpt lat="-32.767904" lon="-71.4717">
        <ele>8.0</ele>
        <time>2025-04-12T16:05:52Z</time>
      </trkpt>
      <trkpt lat="-32.76769" lon="-71.471653">
        <ele>8.1</ele>
        <time>2025-04-12T16:05:54Z</time>
      </trkpt>
      <trkpt lat="-32.767502" lon="-71.471536">
        <ele>8.7</ele>
        <time>2025-04-12T16:05:56Z</time>
      </trkpt>
      <trkpt lat="-32.767305" lon="-71.471318">
        <ele>9.9</ele>
        <time>2025-04-12T16:05:58Z</time>
      </trkpt>
      <trkpt lat="-32.7671" lon="-71.471059">
        <ele>12.4</ele>
        <time>2025-04-12T16:06:00Z</time>
      </trkpt>
      <trkpt lat="-32.766895" lon="-71.470815">
        <ele>15.9</ele>
        <time>2025-04-12T16:06:02Z</time>
      </trkpt>
      <trkpt lat="-32.766721" lon="-71.470584">
        <ele>19.5</ele>
        <time>2025-04-12T16:06:04Z</time>
      </trkpt>
      <trkpt lat="-32.766641" lon="-71.470295">
        <ele>21.8</ele>
        <time>2025-04-12T16:06:06Z</time>
      </trkpt>
      <trkpt lat="-32.766585" lon="-71.469915">
        <ele>23.6</ele>
        <time>2025-04-12T16:06:08Z</time>
      </trkpt>
      <trkpt lat="-32.76651" lon="-71.469558">
        <ele>25.4</ele>
        <time>2025-04-12T16:06:10Z</time>
      </trkpt>
      <trkpt lat="-32.766464" lon="-71.469223">
        <ele>26.5</ele>
        <time>2025-04-12T16:06:12Z</time>
      </trkpt>
      <trkpt lat="-32.7664" lon="-71.468892">
        <ele>28.2</ele>
        <time>2025-04-12T16:06:14Z</time>
      </trkpt>
      <trkpt lat="-32.766333" lon="-71.46857">
        <ele>30.1</ele>
        <time>2025-04-12T16:06:16Z</time>
      </trkpt>
      <trkpt lat="-32.766264" lon="-71.468257">
        <ele>32.3</ele>
        <time>2025-04-12T16:06:18Z</time>
      </trkpt>
      <trkpt lat="-32.766185" lon="-71.467881">
        <ele>35.0</ele>
        <time>2025-04-12T16:06:20Z</time>
      </trkpt>
      <trkpt lat="-32.766103" lon="-71.467484">
        <ele>38.3</ele>
        <time>2025-04-12T16:06:22Z</time>
      </trkpt>
      <trkpt lat="-32.766029" lon="-71.467081">
        <ele>41.4</ele>
        <time>2025-04-12T16:06:24Z</time>
      </trkpt>
      <trkpt lat="-32.765933" lon="-71.466694">
        <ele>43.3</ele>
        <time>2025-04-12T16:06:26Z</time>
      </trkpt>
      <trkpt lat="-32.765793" lon="-71.466288">
        <ele>44.5</ele>
        <time>2025-04-12T16:06:28Z</time>
      </trkpt>
      <trkpt lat="-32.765708" lon="-71.465954">
        <ele>45.7</ele>
        <time>2025-04-12T16:06:30Z</time>
      </trkpt>
      <trkpt lat="-32.765645" lon="-71.465558">
        <ele>47.7</ele>
        <time>2025-04-12T16:06:32Z</time>
      </trkpt>
      <trkpt lat="-32.76554" lon="-71.465166">
        <ele>49.6</ele>
        <time>2025-04-12T16:06:34Z</time>
      </trkpt>
      <trkpt lat="-32.765447" lon="-71.464786">
        <ele>51.9</ele>
        <time>2025-04-12T16:06:36Z</time>
      </trkpt>
      <trkpt lat="-32.765367" lon="-71.464381">
        <ele>54.1</ele>
        <time>2025-04-12T16:06:38Z</time>
      </trkpt>
      <trkpt lat="-32.765348" lon="-71.463987">
        <ele>56.5</ele>
        <time>2025-04-12T16:06:40Z</time>
      </trkpt>
      <trkpt lat="-32.765352" lon="-71.463648">
        <ele>58.3</ele>
        <time>2025-04-12T16:06:42Z</time>
      </trkpt>
      <trkpt lat="-32.765343" lon="-71.463251">
        <ele>58.9</ele>
        <time>2025-04-12T16:06:44Z</time>
      </trkpt>
      <trkpt lat="-32.765337" lon="-71.462859">
        <ele>59.2</ele>
        <time>2025-04-12T16:06:46Z</time>
      </trkpt>
      <trkpt lat="-32.765343" lon="-71.462498">
        <ele>58.5</ele>
        <time>2025-04-12T16:06:48Z</time>
      </trkpt>
      <trkpt lat="-32.76531" lon="-71.462159">
        <ele>56.8</ele>
        <time>2025-04-12T16:06:50Z</time>
      </trkpt>
      <trkpt lat="-32.765228" lon="-71.461842">
        <ele>54.6</ele>
        <time>2025-04-12T16:06:52Z</time>
      </trkpt>
      <trkpt lat="-32.765149" lon="-71.461547">
        <ele>53.0</ele>
        <time>2025-04-12T16:06:54Z</time>
      </trkpt>
      <trkpt lat="-32.765082" lon="-71.461208">
        <ele>52.1</ele>
        <time>2025-04-12T16:06:56Z</time>
      </trkpt>
      <trkpt lat="-32.765012" lon="-71.460842">
        <ele>51.3</ele>
        <time>2025-04-12T16:06:57Z</time>
      </trkpt>
      <trkpt lat="-32.764932" lon="-71.460456">
        <ele>50.0</ele>
        <time>2025-04-12T16:06:59Z</time>
      </trkpt>
      <trkpt lat="-32.76485" lon="-71.460031">
        <ele>48.0</ele>
        <time>2025-04-12T16:07:01Z</time>
      </trkpt>
      <trkpt lat="-32.76477" lon="-71.459637">
        <ele>45.6</ele>
        <time>2025-04-12T16:07:03Z</time>
      </trkpt>
      <trkpt lat="-32.764692" lon="-71.459194">
        <ele>43.2</ele>
        <time>2025-04-12T16:07:05Z</time>
      </trkpt>
      <trkpt lat="-32.764593" lon="-71.458732">
        <ele>40.1</ele>
        <time>2025-04-12T16:07:07Z</time>
      </trkpt>
      <trkpt lat="-32.764519" lon="-71.458242">
        <ele>36.7</ele>
        <time>2025-04-12T16:07:09Z</time>
      </trkpt>
      <trkpt lat="-32.764455" lon="-71.457788">
        <ele>32.8</ele>
        <time>2025-04-12T16:07:11Z</time>
      </trkpt>
      <trkpt lat="-32.764367" lon="-71.45739">
        <ele>29.9</ele>
        <time>2025-04-12T16:07:13Z</time>
      </trkpt>
      <trkpt lat="-32.764249" lon="-71.457007">
        <ele>28.6</ele>
        <time>2025-04-12T16:07:15Z</time>
      </trkpt>
      <trkpt lat="-32.764118" lon="-71.456605">
        <ele>27.0</ele>
        <time>2025-04-12T16:07:17Z</time>
      </trkpt>
      <trkpt lat="-32.763988" lon="-71.456197">
        <ele>26.0</ele>
        <time>2025-04-12T16:07:19Z</time>
      </trkpt>
      <trkpt lat="-32.763903" lon="-71.455831">
        <ele>25.6</ele>
        <time>2025-04-12T16:07:21Z</time>
      </trkpt>
      <trkpt lat="-32.763856" lon="-71.455491">
        <ele>25.3</ele>
        <time>2025-04-12T16:07:23Z</time>
      </trkpt>
      <trkpt lat="-32.763828" lon="-71.455179">
        <ele>25.2</ele>
        <time>2025-04-12T16:07:25Z</time>
      </trkpt>
      <trkpt lat="-32.763809" lon="-71.454921">
        <ele>25.2</ele>
        <time>2025-04-12T16:07:27Z</time>
      </trkpt>
      <trkpt lat="-32.763794" lon="-71.454742">
        <ele>25.2</ele>
        <time>2025-04-12T16:07:29Z</time>
      </trkpt>
      <trkpt lat="-32.763786" lon="-71.45459">
        <ele>25.0</ele>
        <time>2025-04-12T16:07:31Z</time>
      </trkpt>
      <trkpt lat="-32.763773" lon="-71.454378">
        <ele>25.1</ele>
        <time>2025-04-12T16:07:33Z</time>
      </trkpt>
      <trkpt lat="-32.76375" lon="-71.454143">
        <ele>25.3</ele>
        <time>2025-04-12T16:07:35Z</time>
      </trkpt>
      <trkpt lat="-32.763736" lon="-71.453886">
        <ele>25.8</ele>
        <time>2025-04-12T16:07:38Z</time>
      </trkpt>
      <trkpt lat="-32.76372" lon="-71.453603">
        <ele>26.3</ele>
        <time>2025-04-12T16:07:40Z</time>
      </trkpt>
      <trkpt lat="-32.763711" lon="-71.453324">
        <ele>26.8</ele>
        <time>2025-04-12T16:07:42Z</time>
      </trkpt>
      <trkpt lat="-32.763704" lon="-71.453012">
        <ele>28.0</ele>
        <time>2025-04-12T16:07:44Z</time>
      </trkpt>
      <trkpt lat="-32.763703" lon="-71.452697">
        <ele>29.3</ele>
        <time>2025-04-12T16:07:46Z</time>
      </trkpt>
      <trkpt lat="-32.763703" lon="-71.452387">
        <ele>30.0</ele>
        <time>2025-04-12T16:07:48Z</time>
      </trkpt>
      <trkpt lat="-32.76373" lon="-71.452076">
        <ele>31.0</ele>
        <time>2025-04-12T16:07:50Z</time>
      </trkpt>
      <trkpt lat="-32.763784" lon="-71.45179">
        <ele>32.0</ele>
        <time>2025-04-12T16:07:52Z</time>
      </trkpt>
      <trkpt lat="-32.763864" lon="-71.45155">
        <ele>32.3</ele>
        <time>2025-04-12T16:07:54Z</time>
      </trkpt>
      <trkpt lat="-32.763918" lon="-71.451333">
        <ele>32.0</ele>
        <time>2025-04-12T16:07:56Z</time>
      </trkpt>
      <trkpt lat="-32.763923" lon="-71.451093">
        <ele>31.1</ele>
        <time>2025-04-12T16:07:58Z</time>
      </trkpt>
      <trkpt lat="-32.763899" lon="-71.450857">
        <ele>29.4</ele>
        <time>2025-04-12T16:08:00Z</time>
      </trkpt>
      <trkpt lat="-32.763898" lon="-71.450634">
        <ele>27.1</ele>
        <time>2025-04-12T16:08:02Z</time>
      </trkpt>
      <trkpt lat="-32.763949" lon="-71.450425">
        <ele>24.7</ele>
        <time>2025-04-12T16:08:04Z</time>
      </trkpt>
      <trkpt lat="-32.764015" lon="-71.450207">
        <ele>22.2</ele>
        <time>2025-04-12T16:08:06Z</time>
      </trkpt>
      <trkpt lat="-32.76409" lon="-71.449997">
        <ele>19.8</ele>
        <time>2025-04-12T16:08:08Z</time>
      </trkpt>
      <trkpt lat="-32.764155" lon="-71.449799">
        <ele>17.7</ele>
        <time>2025-04-12T16:08:10Z</time>
      </trkpt>
      <trkpt lat="-32.764198" lon="-71.449628">
        <ele>16.0</ele>
        <time>2025-04-12T16:08:12Z</time>
      </trkpt>
      <trkpt lat="-32.764214" lon="-71.449484">
        <ele>14.8</ele>
        <time>2025-04-12T16:08:14Z</time>
      </trkpt>
      <trkpt lat="-32.764144" lon="-71.449365">
        <ele>14.1</ele>
        <time>2025-04-12T16:08:16Z</time>
      </trkpt>
      <trkpt lat="-32.764017" lon="-71.449245">
        <ele>13.9</ele>
        <time>2025-04-12T16:08:18Z</time>
      </trkpt>
      <trkpt lat="-32.763872" lon="-71.44916">
        <ele>13.9</ele>
        <time>2025-04-12T16:08:20Z</time>
      </trkpt>
      <trkpt lat="-32.763692" lon="-71.449094">
        <ele>13.9</ele>
        <time>2025-04-12T16:08:22Z</time>
      </trkpt>
      <trkpt lat="-32.76349" lon="-71.449044">
        <ele>13.9</ele>
        <time>2025-04-12T16:08:24Z</time>
      </trkpt>
      <trkpt lat="-32.763308" lon="-71.449007">
        <ele>13.1</ele>
        <time>2025-04-12T16:08:26Z</time>
      </trkpt>
      <trkpt lat="-32.763183" lon="-71.448949">
        <ele>12.0</ele>
        <time>2025-04-12T16:08:28Z</time>
      </trkpt>
      <trkpt lat="-32.763067" lon="-71.448783">
        <ele>11.3</ele>
        <time>2025-04-12T16:08:30Z</time>
      </trkpt>
      <trkpt lat="-32.763011" lon="-71.448633">
        <ele>11.1</ele>
        <time>2025-04-12T16:08:32Z</time>
      </trkpt>
      <trkpt lat="-32.76296" lon="-71.448511">
        <ele>11.0</ele>
        <time>2025-04-12T16:08:34Z</time>
      </trkpt>
      <trkpt lat="-32.762892" lon="-71.448367">
        <ele>11.0</ele>
        <time>2025-04-12T16:08:36Z</time>
      </trkpt>
      <trkpt lat="-32.762809" lon="-71.448201">
        <ele>11.3</ele>
        <time>2025-04-12T16:08:38Z</time>
      </trkpt>
      <trkpt lat="-32.76271" lon="-71.447998">
        <ele>12.0</ele>
        <time>2025-04-12T16:08:40Z</time>
      </trkpt>
      <trkpt lat="-32.762604" lon="-71.447764">
        <ele>12.3</ele>
        <time>2025-04-12T16:08:42Z</time>
      </trkpt>
      <trkpt lat="-32.7625" lon="-71.447538">
        <ele>12.5</ele>
        <time>2025-04-12T16:08:44Z</time>
      </trkpt>
      <trkpt lat="-32.762447" lon="-71.447343">
        <ele>12.7</ele>
        <time>2025-04-12T16:08:46Z</time>
      </trkpt>
      <trkpt lat="-32.762374" lon="-71.447138">
        <ele>12.9</ele>
        <time>2025-04-12T16:08:48Z</time>
      </trkpt>
      <trkpt lat="-32.762296" lon="-71.446876">
        <ele>13.4</ele>
        <time>2025-04-12T16:08:50Z</time>
      </trkpt>
      <trkpt lat="-32.762208" lon="-71.446591">
        <ele>14.8</ele>
        <time>2025-04-12T16:08:52Z</time>
      </trkpt>
      <trkpt lat="-32.762104" lon="-71.446264">
        <ele>17.4</ele>
        <time>2025-04-12T16:08:54Z</time>
      </trkpt>
      <trkpt lat="-32.761999" lon="-71.445935">
        <ele>21.2</ele>
        <time>2025-04-12T16:08:56Z</time>
      </trkpt>
      <trkpt lat="-32.761915" lon="-71.445628">
        <ele>23.2</ele>
        <time>2025-04-12T16:08:58Z</time>
      </trkpt>
      <trkpt lat="-32.761876" lon="-71.445339">
        <ele>27.4</ele>
        <time>2025-04-12T16:09:00Z</time>
      </trkpt>
      <trkpt lat="-32.761835" lon="-71.445122">
        <ele>30.4</ele>
        <time>2025-04-12T16:09:02Z</time>
      </trkpt>
      <trkpt lat="-32.761836" lon="-71.444912">
        <ele>32.3</ele>
        <time>2025-04-12T16:09:04Z</time>
      </trkpt>
      <trkpt lat="-32.761907" lon="-71.444693">
        <ele>33.5</ele>
        <time>2025-04-12T16:09:06Z</time>
      </trkpt>
      <trkpt lat="-32.761994" lon="-71.444443">
        <ele>35.2</ele>
        <time>2025-04-12T16:09:08Z</time>
      </trkpt>
      <trkpt lat="-32.762091" lon="-71.444192">
        <ele>36.9</ele>
        <time>2025-04-12T16:09:10Z</time>
      </trkpt>
      <trkpt lat="-32.762203" lon="-71.443934">
        <ele>38.3</ele>
        <time>2025-04-12T16:09:11Z</time>
      </trkpt>
      <trkpt lat="-32.762349" lon="-71.443637">
        <ele>39.1</ele>
        <time>2025-04-12T16:09:13Z</time>
      </trkpt>
      <trkpt lat="-32.762515" lon="-71.443356">
        <ele>39.4</ele>
        <time>2025-04-12T16:09:15Z</time>
      </trkpt>
      <trkpt lat="-32.762704" lon="-71.443157">
        <ele>39.1</ele>
        <time>2025-04-12T16:09:17Z</time>
      </trkpt>
      <trkpt lat="-32.762883" lon="-71.442957">
        <ele>38.9</ele>
        <time>2025-04-12T16:09:19Z</time>
      </trkpt>
      <trkpt lat="-32.762986" lon="-71.442757">
        <ele>39.1</ele>
        <time>2025-04-12T16:09:21Z</time>
      </trkpt>
      <trkpt lat="-32.763045" lon="-71.442521">
        <ele>39.6</ele>
        <time>2025-04-12T16:09:23Z</time>
      </trkpt>
      <trkpt lat="-32.763069" lon="-71.442248">
        <ele>40.6</ele>
        <time>2025-04-12T16:09:25Z</time>
      </trkpt>
      <trkpt lat="-32.763048" lon="-71.441961">
        <ele>41.9</ele>
        <time>2025-04-12T16:09:27Z</time>
      </trkpt>
      <trkpt lat="-32.763012" lon="-71.441701">
        <ele>42.4</ele>
        <time>2025-04-12T16:09:29Z</time>
      </trkpt>
      <trkpt lat="-32.762979" lon="-71.441445">
        <ele>42.7</ele>
        <time>2025-04-12T16:09:31Z</time>
      </trkpt>
      <trkpt lat="-32.762982" lon="-71.441142">
        <ele>42.6</ele>
        <time>2025-04-12T16:09:33Z</time>
      </trkpt>
      <trkpt lat="-32.763058" lon="-71.440817">
        <ele>42.8</ele>
        <time>2025-04-12T16:09:35Z</time>
      </trkpt>
      <trkpt lat="-32.763224" lon="-71.440506">
        <ele>43.6</ele>
        <time>2025-04-12T16:09:37Z</time>
      </trkpt>
      <trkpt lat="-32.763374" lon="-71.440172">
        <ele>45.0</ele>
        <time>2025-04-12T16:09:39Z</time>
      </trkpt>
      <trkpt lat="-32.763489" lon="-71.439787">
        <ele>47.0</ele>
        <time>2025-04-12T16:09:41Z</time>
      </trkpt>
      <trkpt lat="-32.763612" lon="-71.439342">
        <ele>49.2</ele>
        <time>2025-04-12T16:09:44Z</time>
      </trkpt>
      <trkpt lat="-32.763752" lon="-71.438842">
        <ele>51.3</ele>
        <time>2025-04-12T16:09:46Z</time>
      </trkpt>
      <trkpt lat="-32.763898" lon="-71.438314">
        <ele>53.5</ele>
        <time>2025-04-12T16:09:48Z</time>
      </trkpt>
      <trkpt lat="-32.764051" lon="-71.437794">
        <ele>54.7</ele>
        <time>2025-04-12T16:09:50Z</time>
      </trkpt>
      <trkpt lat="-32.764171" lon="-71.437337">
        <ele>54.5</ele>
        <time>2025-04-12T16:09:52Z</time>
      </trkpt>
      <trkpt lat="-32.764301" lon="-71.436884">
        <ele>54.4</ele>
        <time>2025-04-12T16:09:54Z</time>
      </trkpt>
      <trkpt lat="-32.764424" lon="-71.436459">
        <ele>55.9</ele>
        <time>2025-04-12T16:09:56Z</time>
      </trkpt>
      <trkpt lat="-32.764554" lon="-71.436087">
        <ele>57.2</ele>
        <time>2025-04-12T16:09:58Z</time>
      </trkpt>
      <trkpt lat="-32.764715" lon="-71.435707">
        <ele>57.6</ele>
        <time>2025-04-12T16:10:00Z</time>
      </trkpt>
      <trkpt lat="-32.764889" lon="-71.435341">
        <ele>57.2</ele>
        <time>2025-04-12T16:10:02Z</time>
      </trkpt>
      <trkpt lat="-32.76507" lon="-71.435">
        <ele>56.1</ele>
        <time>2025-04-12T16:10:04Z</time>
      </trkpt>
      <trkpt lat="-32.765257" lon="-71.434724">
        <ele>55.1</ele>
        <time>2025-04-12T16:10:06Z</time>
      </trkpt>
      <trkpt lat="-32.765438" lon="-71.434506">
        <ele>54.4</ele>
        <time>2025-04-12T16:10:08Z</time>
      </trkpt>
      <trkpt lat="-32.765595" lon="-71.434302">
        <ele>53.5</ele>
        <time>2025-04-12T16:10:10Z</time>
      </trkpt>
      <trkpt lat="-32.765707" lon="-71.434108">
        <ele>52.6</ele>
        <time>2025-04-12T16:10:12Z</time>
      </trkpt>
      <trkpt lat="-32.765731" lon="-71.43388">
        <ele>51.9</ele>
        <time>2025-04-12T16:10:14Z</time>
      </trkpt>
      <trkpt lat="-32.765622" lon="-71.433686">
        <ele>51.8</ele>
        <time>2025-04-12T16:10:16Z</time>
      </trkpt>
      <trkpt lat="-32.765399" lon="-71.433538">
        <ele>52.3</ele>
        <time>2025-04-12T16:10:18Z</time>
      </trkpt>
      <trkpt lat="-32.765021" lon="-71.43333">
        <ele>54.1</ele>
        <time>2025-04-12T16:10:20Z</time>
      </trkpt>
      <trkpt lat="-32.764576" lon="-71.433059">
        <ele>55.7</ele>
        <time>2025-04-12T16:10:22Z</time>
      </trkpt>
      <trkpt lat="-32.764194" lon="-71.432828">
        <ele>56.3</ele>
        <time>2025-04-12T16:10:24Z</time>
      </trkpt>
      <trkpt lat="-32.763818" lon="-71.432674">
        <ele>55.3</ele>
        <time>2025-04-12T16:10:26Z</time>
      </trkpt>
      <trkpt lat="-32.763487" lon="-71.432563">
        <ele>53.8</ele>
        <time>2025-04-12T16:10:28Z</time>
      </trkpt>
      <trkpt lat="-32.763206" lon="-71.432447">
        <ele>52.4</ele>
        <time>2025-04-12T16:10:30Z</time>
      </trkpt>
      <trkpt lat="-32.762971" lon="-71.432299">
        <ele>51.2</ele>
        <time>2025-04-12T16:10:32Z</time>
      </trkpt>
      <trkpt lat="-32.762768" lon="-71.432013">
        <ele>50.7</ele>
        <time>2025-04-12T16:10:34Z</time>
      </trkpt>
      <trkpt lat="-32.762587" lon="-71.431672">
        <ele>50.1</ele>
        <time>2025-04-12T16:10:36Z</time>
      </trkpt>
      <trkpt lat="-32.762488" lon="-71.431304">
        <ele>48.7</ele>
        <time>2025-04-12T16:10:38Z</time>
      </trkpt>
      <trkpt lat="-32.762406" lon="-71.430838">
        <ele>46.6</ele>
        <time>2025-04-12T16:10:40Z</time>
      </trkpt>
      <trkpt lat="-32.762268" lon="-71.43032">
        <ele>43.3</ele>
        <time>2025-04-12T16:10:42Z</time>
      </trkpt>
      <trkpt lat="-32.762158" lon="-71.429803">
        <ele>38.7</ele>
        <time>2025-04-12T16:10:44Z</time>
      </trkpt>
      <trkpt lat="-32.762054" lon="-71.429269">
        <ele>34.0</ele>
        <time>2025-04-12T16:10:46Z</time>
      </trkpt>
      <trkpt lat="-32.761968" lon="-71.428762">
        <ele>31.5</ele>
        <time>2025-04-12T16:10:48Z</time>
      </trkpt>
      <trkpt lat="-32.761903" lon="-71.428317">
        <ele>30.2</ele>
        <time>2025-04-12T16:10:50Z</time>
      </trkpt>
      <trkpt lat="-32.761846" lon="-71.427929">
        <ele>29.6</ele>
        <time>2025-04-12T16:10:52Z</time>
      </trkpt>
      <trkpt lat="-32.761849" lon="-71.427481">
        <ele>29.9</ele>
        <time>2025-04-12T16:10:54Z</time>
      </trkpt>
      <trkpt lat="-32.761932" lon="-71.427034">
        <ele>30.3</ele>
        <time>2025-04-12T16:10:56Z</time>
      </trkpt>
      <trkpt lat="-32.762041" lon="-71.426549">
        <ele>30.4</ele>
        <time>2025-04-12T16:10:58Z</time>
      </trkpt>
      <trkpt lat="-32.762135" lon="-71.426061">
        <ele>30.7</ele>
        <time>2025-04-12T16:11:00Z</time>
      </trkpt>
      <trkpt lat="-32.76221" lon="-71.425623">
        <ele>32.2</ele>
        <time>2025-04-12T16:11:02Z</time>
      </trkpt>
      <trkpt lat="-32.762262" lon="-71.42524">
        <ele>34.8</ele>
        <time>2025-04-12T16:11:03Z</time>
      </trkpt>
      <trkpt lat="-32.762275" lon="-71.424846">
        <ele>36.2</ele>
        <time>2025-04-12T16:11:05Z</time>
      </trkpt>
      <trkpt lat="-32.762284" lon="-71.424414">
        <ele>37.9</ele>
        <time>2025-04-12T16:11:07Z</time>
      </trkpt>
      <trkpt lat="-32.762336" lon="-71.424034">
        <ele>37.7</ele>
        <time>2025-04-12T16:11:09Z</time>
      </trkpt>
      <trkpt lat="-32.762387" lon="-71.423674">
        <ele>36.0</ele>
        <time>2025-04-12T16:11:11Z</time>
      </trkpt>
      <trkpt lat="-32.762432" lon="-71.423341">
        <ele>33.8</ele>
        <time>2025-04-12T16:11:13Z</time>
      </trkpt>
      <trkpt lat="-32.762477" lon="-71.423043">
        <ele>31.9</ele>
        <time>2025-04-12T16:11:15Z</time>
      </trkpt>
      <trkpt lat="-32.762522" lon="-71.422801">
        <ele>30.6</ele>
        <time>2025-04-12T16:11:17Z</time>
      </trkpt>
      <trkpt lat="-32.762561" lon="-71.422622">
        <ele>30.0</ele>
        <time>2025-04-12T16:11:19Z</time>
      </trkpt>
      <trkpt lat="-32.762578" lon="-71.422495">
        <ele>30.0</ele>
        <time>2025-04-12T16:11:21Z</time>
      </trkpt>
      <trkpt lat="-32.762599" lon="-71.42241">
        <ele>30.3</ele>
        <time>2025-04-12T16:11:23Z</time>
      </trkpt>
      <trkpt lat="-32.762607" lon="-71.422373">
        <ele>30.6</ele>
        <time>2025-04-12T16:11:25Z</time>
      </trkpt>
      <trkpt lat="-32.76261" lon="-71.422365">
        <ele>30.8</ele>
        <time>2025-04-12T16:11:27Z</time>
      </trkpt>
      <trkpt lat="-32.76261" lon="-71.422366">
        <ele>30.9</ele>
        <time>2025-04-12T16:11:29Z</time>
      </trkpt>
      <trkpt lat="-32.762613" lon="-71.422365">
        <ele>30.9</ele>
        <time>2025-04-12T16:11:31Z</time>
      </trkpt>
      <trkpt lat="-32.762615" lon="-71.42236">
        <ele>30.9</ele>
        <time>2025-04-12T16:11:33Z</time>
      </trkpt>
      <trkpt lat="-32.762567" lon="-71.422224">
        <ele>30.9</ele>
        <time>2025-04-12T16:11:35Z</time>
      </trkpt>
      <trkpt lat="-32.762411" lon="-71.422147">
        <ele>31.0</ele>
        <time>2025-04-12T16:11:37Z</time>
      </trkpt>
      <trkpt lat="-32.762139" lon="-71.422076">
        <ele>32.2</ele>
        <time>2025-04-12T16:11:39Z</time>
      </trkpt>
      <trkpt lat="-32.761754" lon="-71.421951">
        <ele>34.7</ele>
        <time>2025-04-12T16:11:41Z</time>
      </trkpt>
      <trkpt lat="-32.761284" lon="-71.421824">
        <ele>39.2</ele>
        <time>2025-04-12T16:11:43Z</time>
      </trkpt>
      <trkpt lat="-32.760736" lon="-71.421703">
        <ele>44.4</ele>
        <time>2025-04-12T16:11:45Z</time>
      </trkpt>
      <trkpt lat="-32.760163" lon="-71.42161">
        <ele>49.1</ele>
        <time>2025-04-12T16:11:47Z</time>
      </trkpt>
      <trkpt lat="-32.759681" lon="-71.421468">
        <ele>50.3</ele>
        <time>2025-04-12T16:11:50Z</time>
      </trkpt>
      <trkpt lat="-32.759216" lon="-71.421336">
        <ele>49.0</ele>
        <time>2025-04-12T16:11:52Z</time>
      </trkpt>
      <trkpt lat="-32.758721" lon="-71.42122">
        <ele>46.4</ele>
        <time>2025-04-12T16:11:54Z</time>
      </trkpt>
      <trkpt lat="-32.758228" lon="-71.421096">
        <ele>44.7</ele>
        <time>2025-04-12T16:11:56Z</time>
      </trkpt>
      <trkpt lat="-32.757731" lon="-71.420966">
        <ele>42.7</ele>
        <time>2025-04-12T16:11:58Z</time>
      </trkpt>
      <trkpt lat="-32.757242" lon="-71.42083">
        <ele>39.4</ele>
        <time>2025-04-12T16:12:00Z</time>
      </trkpt>
      <trkpt lat="-32.756757" lon="-71.420678">
        <ele>36.2</ele>
        <time>2025-04-12T16:12:02Z</time>
      </trkpt>
      <trkpt lat="-32.756278" lon="-71.420544">
        <ele>34.3</ele>
        <time>2025-04-12T16:12:04Z</time>
      </trkpt>
      <trkpt lat="-32.755782" lon="-71.420392">
        <ele>34.0</ele>
        <time>2025-04-12T16:12:06Z</time>
      </trkpt>
      <trkpt lat="-32.755285" lon="-71.42024">
        <ele>34.8</ele>
        <time>2025-04-12T16:12:08Z</time>
      </trkpt>
      <trkpt lat="-32.7548" lon="-71.4201">
        <ele>35.1</ele>
        <time>2025-04-12T16:12:10Z</time>
      </trkpt>
      <trkpt lat="-32.754337" lon="-71.419936">
        <ele>35.8</ele>
        <time>2025-04-12T16:12:12Z</time>
      </trkpt>
      <trkpt lat="-32.753875" lon="-71.419775">
        <ele>36.7</ele>
        <time>2025-04-12T16:12:14Z</time>
      </trkpt>
      <trkpt lat="-32.75344" lon="-71.419594">
        <ele>38.4</ele>
        <time>2025-04-12T16:12:16Z</time>
      </trkpt>
      <trkpt lat="-32.752985" lon="-71.419421">
        <ele>41.1</ele>
        <time>2025-04-12T16:12:18Z</time>
      </trkpt>
      <trkpt lat="-32.752531" lon="-71.419256">
        <ele>44.8</ele>
        <time>2025-04-12T16:12:20Z</time>
      </trkpt>
      <trkpt lat="-32.752052" lon="-71.419138">
        <ele>48.7</ele>
        <time>2025-04-12T16:12:22Z</time>
      </trkpt>
      <trkpt lat="-32.751521" lon="-71.419086">
        <ele>52.3</ele>
        <time>2025-04-12T16:12:24Z</time>
      </trkpt>
      <trkpt lat="-32.751013" lon="-71.419011">
        <ele>53.5</ele>
        <time>2025-04-12T16:12:26Z</time>
      </trkpt>
      <trkpt lat="-32.750497" lon="-71.418926">
        <ele>53.4</ele>
        <time>2025-04-12T16:12:28Z</time>
      </trkpt>
      <trkpt lat="-32.749973" lon="-71.41885">
        <ele>52.1</ele>
        <time>2025-04-12T16:12:30Z</time>
      </trkpt>
      <trkpt lat="-32.749474" lon="-71.418776">
        <ele>50.1</ele>
        <time>2025-04-12T16:12:32Z</time>
      </trkpt>
      <trkpt lat="-32.74902" lon="-71.418668">
        <ele>47.4</ele>
        <time>2025-04-12T16:12:34Z</time>
      </trkpt>
      <trkpt lat="-32.748541" lon="-71.418579">
        <ele>45.9</ele>
        <time>2025-04-12T16:12:36Z</time>
      </trkpt>
      <trkpt lat="-32.748053" lon="-71.418481">
        <ele>45.5</ele>
        <time>2025-04-12T16:12:38Z</time>
      </trkpt>
      <trkpt lat="-32.747582" lon="-71.418366">
        <ele>44.4</ele>
        <time>2025-04-12T16:12:40Z</time>
      </trkpt>
      <trkpt lat="-32.747091" lon="-71.41825">
        <ele>42.7</ele>
        <time>2025-04-12T16:12:42Z</time>
      </trkpt>
      <trkpt lat="-32.746594" lon="-71.418155">
        <ele>39.3</ele>
        <time>2025-04-12T16:12:44Z</time>
      </trkpt>
      <trkpt lat="-32.746094" lon="-71.418065">
        <ele>36.8</ele>
        <time>2025-04-12T16:12:46Z</time>
      </trkpt>
      <trkpt lat="-32.745593" lon="-71.417978">
        <ele>35.7</ele>
        <time>2025-04-12T16:12:48Z</time>
      </trkpt>
      <trkpt lat="-32.745113" lon="-71.417926">
        <ele>34.0</ele>
        <time>2025-04-12T16:12:50Z</time>
      </trkpt>
      <trkpt lat="-32.744677" lon="-71.417936">
        <ele>32.3</ele>
        <time>2025-04-12T16:12:52Z</time>
      </trkpt>
      <trkpt lat="-32.744228" lon="-71.417948">
        <ele>30.9</ele>
        <time>2025-04-12T16:12:54Z</time>
      </trkpt>
      <trkpt lat="-32.743783" lon="-71.41791">
        <ele>30.6</ele>
        <time>2025-04-12T16:12:56Z</time>
      </trkpt>
      <trkpt lat="-32.743336" lon="-71.417828">
        <ele>30.1</ele>
        <time>2025-04-12T16:12:58Z</time>
      </trkpt>
      <trkpt lat="-32.742867" lon="-71.41776">
        <ele>29.5</ele>
        <time>2025-04-12T16:13:00Z</time>
      </trkpt>
      <trkpt lat="-32.742394" lon="-71.417687">
        <ele>29.6</ele>
        <time>2025-04-12T16:13:02Z</time>
      </trkpt>
      <trkpt lat="-32.74191" lon="-71.417609">
        <ele>29.6</ele>
        <time>2025-04-12T16:13:04Z</time>
      </trkpt>
      <trkpt lat="-32.741402" lon="-71.417562">
        <ele>29.5</ele>
        <time>2025-04-12T16:13:06Z</time>
      </trkpt>
      <trkpt lat="-32.740896" lon="-71.417534">
        <ele>29.5</ele>
        <time>2025-04-12T16:13:08Z</time>
      </trkpt>
      <trkpt lat="-32.740411" lon="-71.417524">
        <ele>29.9</ele>
        <time>2025-04-12T16:13:10Z</time>
      </trkpt>
      <trkpt lat="-32.739982" lon="-71.417524">
        <ele>29.1</ele>
        <time>2025-04-12T16:13:12Z</time>
      </trkpt>
      <trkpt lat="-32.739617" lon="-71.417514">
        <ele>27.8</ele>
        <time>2025-04-12T16:13:14Z</time>
      </trkpt>
      <trkpt lat="-32.739252" lon="-71.41753">
        <ele>25.8</ele>
        <time>2025-04-12T16:13:16Z</time>
      </trkpt>
      <trkpt lat="-32.738884" lon="-71.417543">
        <ele>25.2</ele>
        <time>2025-04-12T16:13:18Z</time>
      </trkpt>
      <trkpt lat="-32.738509" lon="-71.417555">
        <ele>25.6</ele>
        <time>2025-04-12T16:13:19Z</time>
      </trkpt>
      <trkpt lat="-32.738123" lon="-71.417565">
        <ele>26.3</ele>
        <time>2025-04-12T16:13:21Z</time>
      </trkpt>
      <trkpt lat="-32.737742" lon="-71.41758">
        <ele>26.8</ele>
        <time>2025-04-12T16:13:23Z</time>
      </trkpt>
      <trkpt lat="-32.737428" lon="-71.417583">
        <ele>26.7</ele>
        <time>2025-04-12T16:13:25Z</time>
      </trkpt>
      <trkpt lat="-32.73711" lon="-71.417593">
        <ele>26.5</ele>
        <time>2025-04-12T16:13:27Z</time>
      </trkpt>
      <trkpt lat="-32.736825" lon="-71.417616">
        <ele>26.5</ele>
        <time>2025-04-12T16:13:29Z</time>
      </trkpt>
      <trkpt lat="-32.736543" lon="-71.41762">
        <ele>27.0</ele>
        <time>2025-04-12T16:13:31Z</time>
      </trkpt>
      <trkpt lat="-32.736202" lon="-71.417641">
        <ele>28.3</ele>
        <time>2025-04-12T16:13:33Z</time>
      </trkpt>
      <trkpt lat="-32.735824" lon="-71.417643">
        <ele>30.3</ele>
        <time>2025-04-12T16:13:35Z</time>
      </trkpt>
      <trkpt lat="-32.735407" lon="-71.417675">
        <ele>32.1</ele>
        <time>2025-04-12T16:13:37Z</time>
      </trkpt>
      <trkpt lat="-32.734963" lon="-71.41769">
        <ele>33.2</ele>
        <time>2025-04-12T16:13:39Z</time>
      </trkpt>
      <trkpt lat="-32.73452" lon="-71.417714">
        <ele>32.9</ele>
        <time>2025-04-12T16:13:41Z</time>
      </trkpt>
      <trkpt lat="-32.734067" lon="-71.417732">
        <ele>32.1</ele>
        <time>2025-04-12T16:13:43Z</time>
      </trkpt>
      <trkpt lat="-32.733619" lon="-71.417737">
        <ele>32.1</ele>
        <time>2025-04-12T16:13:45Z</time>
      </trkpt>
      <trkpt lat="-32.733174" lon="-71.417731">
        <ele>32.5</ele>
        <time>2025-04-12T16:13:47Z</time>
      </trkpt>
      <trkpt lat="-32.73277" lon="-71.417695">
        <ele>33.7</ele>
        <time>2025-04-12T16:13:49Z</time>
      </trkpt>
      <trkpt lat="-32.732384" lon="-71.417646">
        <ele>33.6</ele>
        <time>2025-04-12T16:13:51Z</time>
      </trkpt>
      <trkpt lat="-32.731996" lon="-71.417593">
        <ele>32.7</ele>
        <time>2025-04-12T16:13:53Z</time>
      </trkpt>
      <trkpt lat="-32.731642" lon="-71.417528">
        <ele>32.3</ele>
        <time>2025-04-12T16:13:56Z</time>
      </trkpt>
      <trkpt lat="-32.731289" lon="-71.417471">
        <ele>31.9</ele>
        <time>2025-04-12T16:13:58Z</time>
      </trkpt>
      <trkpt lat="-32.730952" lon="-71.417401">
        <ele>31.4</ele>
        <time>2025-04-12T16:14:00Z</time>
      </trkpt>
      <trkpt lat="-32.730622" lon="-71.417314">
        <ele>30.3</ele>
        <time>2025-04-12T16:14:02Z</time>
      </trkpt>
      <trkpt lat="-32.730292" lon="-71.417211">
        <ele>29.3</ele>
        <time>2025-04-12T16:14:04Z</time>
      </trkpt>
      <trkpt lat="-32.730011" lon="-71.417071">
        <ele>27.1</ele>
        <time>2025-04-12T16:14:06Z</time>
      </trkpt>
      <trkpt lat="-32.729759" lon="-71.416923">
        <ele>24.9</ele>
        <time>2025-04-12T16:14:08Z</time>
      </trkpt>
      <trkpt lat="-32.729531" lon="-71.416805">
        <ele>23.2</ele>
        <time>2025-04-12T16:14:10Z</time>
      </trkpt>
      <trkpt lat="-32.729305" lon="-71.416692">
        <ele>22.5</ele>
        <time>2025-04-12T16:14:12Z</time>
      </trkpt>
      <trkpt lat="-32.729071" lon="-71.416572">
        <ele>22.3</ele>
        <time>2025-04-12T16:14:14Z</time>
      </trkpt>
      <trkpt lat="-32.728846" lon="-71.41645">
        <ele>22.3</ele>
        <time>2025-04-12T16:14:16Z</time>
      </trkpt>
      <trkpt lat="-32.728688" lon="-71.41636">
        <ele>22.1</ele>
        <time>2025-04-12T16:14:18Z</time>
      </trkpt>
      <trkpt lat="-32.728542" lon="-71.41628">
        <ele>21.7</ele>
        <time>2025-04-12T16:14:20Z</time>
      </trkpt>
      <trkpt lat="-32.728356" lon="-71.416183">
        <ele>21.6</ele>
        <time>2025-04-12T16:14:22Z</time>
      </trkpt>
      <trkpt lat="-32.728153" lon="-71.416077">
        <ele>22.0</ele>
        <time>2025-04-12T16:14:24Z</time>
      </trkpt>
      <trkpt lat="-32.727921" lon="-71.415962">
        <ele>22.9</ele>
        <time>2025-04-12T16:14:26Z</time>
      </trkpt>
      <trkpt lat="-32.727701" lon="-71.415848">
        <ele>23.7</ele>
        <time>2025-04-12T16:14:28Z</time>
      </trkpt>
      <trkpt lat="-32.72753" lon="-71.415757">
        <ele>23.7</ele>
        <time>2025-04-12T16:14:30Z</time>
      </trkpt>
      <trkpt lat="-32.727405" lon="-71.415684">
        <ele>23.3</ele>
        <time>2025-04-12T16:14:32Z</time>
      </trkpt>
      <trkpt lat="-32.727229" lon="-71.415592">
        <ele>23.2</ele>
        <time>2025-04-12T16:14:34Z</time>
      </trkpt>
      <trkpt lat="-32.72703" lon="-71.415486">
        <ele>23.6</ele>
        <time>2025-04-12T16:14:36Z</time>
      </trkpt>
      <trkpt lat="-32.726852" lon="-71.415399">
        <ele>24.1</ele>
        <time>2025-04-12T16:14:38Z</time>
      </trkpt>
      <trkpt lat="-32.726658" lon="-71.415284">
        <ele>24.4</ele>
        <time>2025-04-12T16:14:40Z</time>
      </trkpt>
      <trkpt lat="-32.726496" lon="-71.415189">
        <ele>24.5</ele>
        <time>2025-04-12T16:14:42Z</time>
      </trkpt>
      <trkpt lat="-32.726372" lon="-71.415113">
        <ele>24.2</ele>
        <time>2025-04-12T16:14:44Z</time>
      </trkpt>
      <trkpt lat="-32.726297" lon="-71.415063">
        <ele>23.9</ele>
        <time>2025-04-12T16:14:46Z</time>
      </trkpt>
      <trkpt lat="-32.726271" lon="-71.414986">
        <ele>23.7</ele>
        <time>2025-04-12T16:14:48Z</time>
      </trkpt>
      <trkpt lat="-32.726327" lon="-71.414874">
        <ele>23.5</ele>
        <time>2025-04-12T16:14:50Z</time>
      </trkpt>
      <trkpt lat="-32.726391" lon="-71.414758">
        <ele>23.6</ele>
        <time>2025-04-12T16:14:52Z</time>
      </trkpt>
      <trkpt lat="-32.726431" lon="-71.414635">
        <ele>23.8</ele>
        <time>2025-04-12T16:14:54Z</time>
      </trkpt>
      <trkpt lat="-32.726381" lon="-71.414538">
        <ele>23.9</ele>
        <time>2025-04-12T16:14:56Z</time>
      </trkpt>
      <trkpt lat="-32.726305" lon="-71.414493">
        <ele>24.0</ele>
        <time>2025-04-12T16:14:58Z</time>
      </trkpt>
      <trkpt lat="-32.726266" lon="-71.414476">
        <ele>24.0</ele>
        <time>2025-04-12T16:15:00Z</time>
      </trkpt>
      <trkpt lat="-32.726231" lon="-71.414481">
        <ele>24.0</ele>
        <time>2025-04-12T16:15:02Z</time>
      </trkpt>
      <trkpt lat="-32.726176" lon="-71.414502">
        <ele>24.0</ele>
        <time>2025-04-12T16:15:04Z</time>
      </trkpt>
      <trkpt lat="-32.726151" lon="-71.414565">
        <ele>24.0</ele>
        <time>2025-04-12T16:15:06Z</time>
      </trkpt>
      <trkpt lat="-32.726105" lon="-71.414644">
        <ele>24.0</ele>
        <time>2025-04-12T16:15:08Z</time>
      </trkpt>
      <trkpt lat="-32.726059" lon="-71.414724">
        <ele>24.0</ele>
        <time>2025-04-12T16:15:10Z</time>
      </trkpt>
      <trkpt lat="-32.726026" lon="-71.414784">
        <ele>24.0</ele>
        <time>2025-04-12T16:15:12Z</time>
      </trkpt>
      <trkpt lat="-32.726005" lon="-71.414829">
        <ele>23.9</ele>
        <time>2025-04-12T16:15:14Z</time>
      </trkpt>
      <trkpt lat="-32.725986" lon="-71.414884">
        <ele>23.8</ele>
        <time>2025-04-12T16:15:16Z</time>
      </trkpt>
      <trkpt lat="-32.725959" lon="-71.414916">
        <ele>23.8</ele>
        <time>2025-04-12T16:15:18Z</time>
      </trkpt>
      <trkpt lat="-32.72594" lon="-71.414946">
        <ele>23.9</ele>
        <time>2025-04-12T16:15:20Z</time>
      </trkpt>
      <trkpt lat="-32.72591" lon="-71.415">
        <ele>23.9</ele>
        <time>2025-04-12T16:15:21Z</time>
      </trkpt>
      <trkpt lat="-32.725857" lon="-71.415091">
        <ele>23.9</ele>
        <time>2025-04-12T16:15:23Z</time>
      </trkpt>
      <trkpt lat="-32.725785" lon="-71.415213">
        <ele>23.7</ele>
        <time>2025-04-12T16:15:25Z</time>
      </trkpt>
      <trkpt lat="-32.725724" lon="-71.415305">
        <ele>23.3</ele>
        <time>2025-04-12T16:15:27Z</time>
      </trkpt>
      <trkpt lat="-32.725686" lon="-71.41537">
        <ele>23.0</ele>
        <time>2025-04-12T16:15:29Z</time>
      </trkpt>
      <trkpt lat="-32.725646" lon="-71.415444">
        <ele>23.0</ele>
        <time>2025-04-12T16:15:31Z</time>
      </trkpt>
      <trkpt lat="-32.725627" lon="-71.415485">
        <ele>22.7</ele>
        <time>2025-04-12T16:15:33Z</time>
      </trkpt>
      <trkpt lat="-32.725616" lon="-71.41551">
        <ele>22.6</ele>
        <time>2025-04-12T16:15:35Z</time>
      </trkpt>
      <trkpt lat="-32.725619" lon="-71.415524">
        <ele>22.6</ele>
        <time>2025-04-12T16:15:37Z</time>
      </trkpt>
      <trkpt lat="-32.725571" lon="-71.415548">
        <ele>22.7</ele>
        <time>2025-04-12T16:15:39Z</time>
      </trkpt>
      <trkpt lat="-32.725465" lon="-71.41548">
        <ele>22.7</ele>
        <time>2025-04-12T16:15:41Z</time>
      </trkpt>
      <trkpt lat="-32.725384" lon="-71.41544">
        <ele>22.8</ele>
        <time>2025-04-12T16:15:43Z</time>
      </trkpt>
      <trkpt lat="-32.725291" lon="-71.415384">
        <ele>23.0</ele>
        <time>2025-04-12T16:15:45Z</time>
      </trkpt>
      <trkpt lat="-32.725176" lon="-71.415309">
        <ele>23.1</ele>
        <time>2025-04-12T16:15:47Z</time>
      </trkpt>
      <trkpt lat="-32.725102" lon="-71.415263">
        <ele>23.2</ele>
        <time>2025-04-12T16:15:49Z</time>
      </trkpt>
      <trkpt lat="-32.725053" lon="-71.415252">
        <ele>23.2</ele>
        <time>2025-04-12T16:15:51Z</time>
      </trkpt>
      <trkpt lat="-32.725011" lon="-71.415315">
        <ele>23.4</ele>
        <time>2025-04-12T16:15:53Z</time>
      </trkpt>
      <trkpt lat="-32.724901" lon="-71.415497">
        <ele>23.8</ele>
        <time>2025-04-12T16:15:55Z</time>
      </trkpt>
      <trkpt lat="-32.724778" lon="-71.41571">
        <ele>24.1</ele>
        <time>2025-04-12T16:15:57Z</time>
      </trkpt>
      <trkpt lat="-32.724669" lon="-71.415904">
        <ele>23.9</ele>
        <time>2025-04-12T16:15:59Z</time>
      </trkpt>
      <trkpt lat="-32.724566" lon="-71.416095">
        <ele>23.4</ele>
        <time>2025-04-12T16:16:02Z</time>
      </trkpt>
      <trkpt lat="-32.724456" lon="-71.416302">
        <ele>23.3</ele>
        <time>2025-04-12T16:16:04Z</time>
      </trkpt>
      <trkpt lat="-32.724334" lon="-71.416517">
        <ele>23.5</ele>
        <time>2025-04-12T16:16:06Z</time>
      </trkpt>
      <trkpt lat="-32.72421" lon="-71.416729">
        <ele>23.7</ele>
        <time>2025-04-12T16:16:08Z</time>
      </trkpt>
      <trkpt lat="-32.724133" lon="-71.416902">
        <ele>23.4</ele>
        <time>2025-04-12T16:16:10Z</time>
      </trkpt>
      <trkpt lat="-32.724053" lon="-71.41707">
        <ele>22.8</ele>
        <time>2025-04-12T16:16:12Z</time>
      </trkpt>
      <trkpt lat="-32.723983" lon="-71.417203">
        <ele>22.3</ele>
        <time>2025-04-12T16:16:14Z</time>
      </trkpt>
      <trkpt lat="-32.723921" lon="-71.417285">
        <ele>22.2</ele>
        <time>2025-04-12T16:16:16Z</time>
      </trkpt>
      <trkpt lat="-32.723854" lon="-71.417245">
        <ele>22.0</ele>
        <time>2025-04-12T16:16:18Z</time>
      </trkpt>
      <trkpt lat="-32.723811" lon="-71.417144">
        <ele>22.1</ele>
        <time>2025-04-12T16:16:20Z</time>
      </trkpt>
      <trkpt lat="-32.723751" lon="-71.417013">
        <ele>22.4</ele>
        <time>2025-04-12T16:16:22Z</time>
      </trkpt>
      <trkpt lat="-32.723639" lon="-71.416827">
        <ele>22.9</ele>
        <time>2025-04-12T16:16:24Z</time>
      </trkpt>
      <trkpt lat="-32.723511" lon="-71.416591">
        <ele>23.7</ele>
        <time>2025-04-12T16:16:26Z</time>
      </trkpt>
      <trkpt lat="-32.723375" lon="-71.4163">
        <ele>24.7</ele>
        <time>2025-04-12T16:16:28Z</time>
      </trkpt>
      <trkpt lat="-32.723224" lon="-71.415997">
        <ele>25.4</ele>
        <time>2025-04-12T16:16:30Z</time>
      </trkpt>
      <trkpt lat="-32.723081" lon="-71.415691">
        <ele>25.7</ele>
        <time>2025-04-12T16:16:32Z</time>
      </trkpt>
      <trkpt lat="-32.722945" lon="-71.415401">
        <ele>26.0</ele>
        <time>2025-04-12T16:16:34Z</time>
      </trkpt>
      <trkpt lat="-32.72281" lon="-71.415135">
        <ele>26.4</ele>
        <time>2025-04-12T16:16:36Z</time>
      </trkpt>
      <trkpt lat="-32.722711" lon="-71.414874">
        <ele>26.4</ele>
        <time>2025-04-12T16:16:38Z</time>
      </trkpt>
      <trkpt lat="-32.722617" lon="-71.414589">
        <ele>26.4</ele>
        <time>2025-04-12T16:16:40Z</time>
      </trkpt>
      <trkpt lat="-32.722549" lon="-71.414314">
        <ele>26.4</ele>
        <time>2025-04-12T16:16:42Z</time>
      </trkpt>
      <trkpt lat="-32.722482" lon="-71.414069">
        <ele>26.7</ele>
        <time>2025-04-12T16:16:44Z</time>
      </trkpt>
      <trkpt lat="-32.722425" lon="-71.4138">
        <ele>27.0</ele>
        <time>2025-04-12T16:16:46Z</time>
      </trkpt>
      <trkpt lat="-32.722396" lon="-71.413513">
        <ele>27.3</ele>
        <time>2025-04-12T16:16:48Z</time>
      </trkpt>
      <trkpt lat="-32.72236" lon="-71.413195">
        <ele>27.9</ele>
        <time>2025-04-12T16:16:50Z</time>
      </trkpt>
      <trkpt lat="-32.722321" lon="-71.412845">
        <ele>28.7</ele>
        <time>2025-04-12T16:16:52Z</time>
      </trkpt>
      <trkpt lat="-32.722272" lon="-71.412467">
        <ele>29.3</ele>
        <time>2025-04-12T16:16:54Z</time>
      </trkpt>
      <trkpt lat="-32.722224" lon="-71.412086">
        <ele>29.8</ele>
        <time>2025-04-12T16:16:56Z</time>
      </trkpt>
      <trkpt lat="-32.722139" lon="-71.411748">
        <ele>30.0</ele>
        <time>2025-04-12T16:16:58Z</time>
      </trkpt>
      <trkpt lat="-32.722032" lon="-71.411417">
        <ele>30.2</ele>
        <time>2025-04-12T16:17:00Z</time>
      </trkpt>
      <trkpt lat="-32.721879" lon="-71.411118">
        <ele>30.5</ele>
        <time>2025-04-12T16:17:02Z</time>
      </trkpt>
      <trkpt lat="-32.721686" lon="-71.410862">
        <ele>30.6</ele>
        <time>2025-04-12T16:17:04Z</time>
      </trkpt>
      <trkpt lat="-32.721451" lon="-71.410655">
        <ele>31.0</ele>
        <time>2025-04-12T16:17:06Z</time>
      </trkpt>
      <trkpt lat="-32.721225" lon="-71.410473">
        <ele>31.1</ele>
        <time>2025-04-12T16:17:08Z</time>
      </trkpt>
      <trkpt lat="-32.721031" lon="-71.410312">
        <ele>30.7</ele>
        <time>2025-04-12T16:17:10Z</time>
      </trkpt>
      <trkpt lat="-32.720855" lon="-71.410192">
        <ele>30.2</ele>
        <time>2025-04-12T16:17:12Z</time>
      </trkpt>
      <trkpt lat="-32.720711" lon="-71.410089">
        <ele>30.0</ele>
        <time>2025-04-12T16:17:14Z</time>
      </trkpt>
      <trkpt lat="-32.720589" lon="-71.409994">
        <ele>29.8</ele>
        <time>2025-04-12T16:17:16Z</time>
      </trkpt>
      <trkpt lat="-32.720492" lon="-71.409924">
        <ele>29.7</ele>
        <time>2025-04-12T16:17:18Z</time>
      </trkpt>
      <trkpt lat="-32.720397" lon="-71.409856">
        <ele>29.7</ele>
        <time>2025-04-12T16:17:20Z</time>
      </trkpt>
      <trkpt lat="-32.720266" lon="-71.409747">
        <ele>29.9</ele>
        <time>2025-04-12T16:17:22Z</time>
      </trkpt>
      <trkpt lat="-32.720111" lon="-71.409619">
        <ele>30.3</ele>
        <time>2025-04-12T16:17:24Z</time>
      </trkpt>
      <trkpt lat="-32.71999" lon="-71.409504">
        <ele>30.3</ele>
        <time>2025-04-12T16:17:26Z</time>
      </trkpt>
      <trkpt lat="-32.719858" lon="-71.409397">
        <ele>30.2</ele>
        <time>2025-04-12T16:17:27Z</time>
      </trkpt>
      <trkpt lat="-32.719721" lon="-71.409305">
        <ele>30.2</ele>
        <time>2025-04-12T16:17:29Z</time>
      </trkpt>
      <trkpt lat="-32.719571" lon="-71.409187">
        <ele>30.4</ele>
        <time>2025-04-12T16:17:31Z</time>
      </trkpt>
      <trkpt lat="-32.719407" lon="-71.409058">
        <ele>30.9</ele>
        <time>2025-04-12T16:17:33Z</time>
      </trkpt>
      <trkpt lat="-32.719226" lon="-71.408917">
        <ele>31.1</ele>
        <time>2025-04-12T16:17:35Z</time>
      </trkpt>
      <trkpt lat="-32.719027" lon="-71.408766">
        <ele>31.6</ele>
        <time>2025-04-12T16:17:37Z</time>
      </trkpt>
      <trkpt lat="-32.718818" lon="-71.408609">
        <ele>32.1</ele>
        <time>2025-04-12T16:17:39Z</time>
      </trkpt>
      <trkpt lat="-32.718589" lon="-71.408456">
        <ele>32.8</ele>
        <time>2025-04-12T16:17:41Z</time>
      </trkpt>
      <trkpt lat="-32.718345" lon="-71.408285">
        <ele>33.7</ele>
        <time>2025-04-12T16:17:43Z</time>
      </trkpt>
      <trkpt lat="-32.718107" lon="-71.408097">
        <ele>34.8</ele>
        <time>2025-04-12T16:17:45Z</time>
      </trkpt>
      <trkpt lat="-32.717854" lon="-71.4079">
        <ele>35.9</ele>
        <time>2025-04-12T16:17:47Z</time>
      </trkpt>
      <trkpt lat="-32.717597" lon="-71.407694">
        <ele>36.6</ele>
        <time>2025-04-12T16:17:49Z</time>
      </trkpt>
      <trkpt lat="-32.71735" lon="-71.407484">
        <ele>37.5</ele>
        <time>2025-04-12T16:17:51Z</time>
      </trkpt>
      <trkpt lat="-32.717136" lon="-71.407303">
        <ele>38.0</ele>
        <time>2025-04-12T16:17:53Z</time>
      </trkpt>
      <trkpt lat="-32.716957" lon="-71.407157">
        <ele>37.7</ele>
        <time>2025-04-12T16:17:55Z</time>
      </trkpt>
      <trkpt lat="-32.716783" lon="-71.407005">
        <ele>36.9</ele>
        <time>2025-04-12T16:17:57Z</time>
      </trkpt>
      <trkpt lat="-32.716584" lon="-71.406826">
        <ele>36.9</ele>
        <time>2025-04-12T16:17:59Z</time>
      </trkpt>
      <trkpt lat="-32.716362" lon="-71.406642">
        <ele>37.6</ele>
        <time>2025-04-12T16:18:01Z</time>
      </trkpt>
      <trkpt lat="-32.716154" lon="-71.40646">
        <ele>38.0</ele>
        <time>2025-04-12T16:18:03Z</time>
      </trkpt>
      <trkpt lat="-32.71598" lon="-71.406289">
        <ele>38.1</ele>
        <time>2025-04-12T16:18:05Z</time>
      </trkpt>
      <trkpt lat="-32.715787" lon="-71.406108">
        <ele>38.2</ele>
        <time>2025-04-12T16:18:08Z</time>
      </trkpt>
      <trkpt lat="-32.715572" lon="-71.40591">
        <ele>38.2</ele>
        <time>2025-04-12T16:18:10Z</time>
      </trkpt>
      <trkpt lat="-32.715318" lon="-71.405727">
        <ele>38.8</ele>
        <time>2025-04-12T16:18:12Z</time>
      </trkpt>
      <trkpt lat="-32.715061" lon="-71.405631">
        <ele>39.5</ele>
        <time>2025-04-12T16:18:14Z</time>
      </trkpt>
      <trkpt lat="-32.714806" lon="-71.405587">
        <ele>39.6</ele>
        <time>2025-04-12T16:18:16Z</time>
      </trkpt>
      <trkpt lat="-32.714574" lon="-71.405537">
        <ele>39.3</ele>
        <time>2025-04-12T16:18:18Z</time>
      </trkpt>
      <trkpt lat="-32.714352" lon="-71.405503">
        <ele>38.9</ele>
        <time>2025-04-12T16:18:20Z</time>
      </trkpt>
      <trkpt lat="-32.714139" lon="-71.40547">
        <ele>38.6</ele>
        <time>2025-04-12T16:18:22Z</time>
      </trkpt>
      <trkpt lat="-32.713959" lon="-71.405444">
        <ele>38.4</ele>
        <time>2025-04-12T16:18:24Z</time>
      </trkpt>
      <trkpt lat="-32.713812" lon="-71.40542">
        <ele>37.8</ele>
        <time>2025-04-12T16:18:26Z</time>
      </trkpt>
      <trkpt lat="-32.713686" lon="-71.405402">
        <ele>37.6</ele>
        <time>2025-04-12T16:18:28Z</time>
      </trkpt>
      <trkpt lat="-32.713573" lon="-71.405377">
        <ele>37.6</ele>
        <time>2025-04-12T16:18:30Z</time>
      </trkpt>
      <trkpt lat="-32.713444" lon="-71.405359">
        <ele>37.6</ele>
        <time>2025-04-12T16:18:32Z</time>
      </trkpt>
      <trkpt lat="-32.713295" lon="-71.405327">
        <ele>37.6</ele>
        <time>2025-04-12T16:18:34Z</time>
      </trkpt>
      <trkpt lat="-32.713128" lon="-71.405309">
        <ele>37.9</ele>
        <time>2025-04-12T16:18:36Z</time>
      </trkpt>
      <trkpt lat="-32.712923" lon="-71.405277">
        <ele>38.5</ele>
        <time>2025-04-12T16:18:38Z</time>
      </trkpt>
      <trkpt lat="-32.712674" lon="-71.405229">
        <ele>39.5</ele>
        <time>2025-04-12T16:18:40Z</time>
      </trkpt>
      <trkpt lat="-32.712413" lon="-71.405191">
        <ele>39.9</ele>
        <time>2025-04-12T16:18:42Z</time>
      </trkpt>
      <trkpt lat="-32.712197" lon="-71.405148">
        <ele>39.8</ele>
        <time>2025-04-12T16:18:44Z</time>
      </trkpt>
      <trkpt lat="-32.71202" lon="-71.405125">
        <ele>39.7</ele>
        <time>2025-04-12T16:18:46Z</time>
      </trkpt>
      <trkpt lat="-32.711867" lon="-71.405114">
        <ele>39.8</ele>
        <time>2025-04-12T16:18:48Z</time>
      </trkpt>
      <trkpt lat="-32.711692" lon="-71.405091">
        <ele>40.3</ele>
        <time>2025-04-12T16:18:50Z</time>
      </trkpt>
      <trkpt lat="-32.711458" lon="-71.40507">
        <ele>41.0</ele>
        <time>2025-04-12T16:18:52Z</time>
      </trkpt>
      <trkpt lat="-32.711193" lon="-71.405047">
        <ele>42.0</ele>
        <time>2025-04-12T16:18:54Z</time>
      </trkpt>
      <trkpt lat="-32.710927" lon="-71.405033">
        <ele>43.2</ele>
        <time>2025-04-12T16:18:56Z</time>
      </trkpt>
      <trkpt lat="-32.710679" lon="-71.405041">
        <ele>44.1</ele>
        <time>2025-04-12T16:18:58Z</time>
      </trkpt>
      <trkpt lat="-32.710454" lon="-71.405073">
        <ele>45.0</ele>
        <time>2025-04-12T16:19:00Z</time>
      </trkpt>
      <trkpt lat="-32.710212" lon="-71.405099">
        <ele>45.6</ele>
        <time>2025-04-12T16:19:02Z</time>
      </trkpt>
      <trkpt lat="-32.709971" lon="-71.405123">
        <ele>46.2</ele>
        <time>2025-04-12T16:19:04Z</time>
      </trkpt>
      <trkpt lat="-32.709717" lon="-71.405168">
        <ele>46.8</ele>
        <time>2025-04-12T16:19:06Z</time>
      </trkpt>
      <trkpt lat="-32.709449" lon="-71.405202">
        <ele>47.4</ele>
        <time>2025-04-12T16:19:08Z</time>
      </trkpt>
      <trkpt lat="-32.709196" lon="-71.405228">
        <ele>47.5</ele>
        <time>2025-04-12T16:19:10Z</time>
      </trkpt>
      <trkpt lat="-32.70895" lon="-71.405266">
        <ele>47.3</ele>
        <time>2025-04-12T16:19:12Z</time>
      </trkpt>
      <trkpt lat="-32.708703" lon="-71.405289">
        <ele>46.7</ele>
        <time>2025-04-12T16:19:14Z</time>
      </trkpt>
      <trkpt lat="-32.70847" lon="-71.40531">
        <ele>45.8</ele>
        <time>2025-04-12T16:19:16Z</time>
      </trkpt>
      <trkpt lat="-32.708236" lon="-71.405336">
        <ele>44.8</ele>
        <time>2025-04-12T16:19:18Z</time>
      </trkpt>
      <trkpt lat="-32.707976" lon="-71.405372">
        <ele>44.0</ele>
        <time>2025-04-12T16:19:20Z</time>
      </trkpt>
      <trkpt lat="-32.707692" lon="-71.405407">
        <ele>43.7</ele>
        <time>2025-04-12T16:19:22Z</time>
      </trkpt>
      <trkpt lat="-32.707361" lon="-71.40545">
        <ele>43.6</ele>
        <time>2025-04-12T16:19:24Z</time>
      </trkpt>
      <trkpt lat="-32.706991" lon="-71.40552">
        <ele>43.7</ele>
        <time>2025-04-12T16:19:26Z</time>
      </trkpt>
      <trkpt lat="-32.706559" lon="-71.405651">
        <ele>43.8</ele>
        <time>2025-04-12T16:19:27Z</time>
      </trkpt>
      <trkpt lat="-32.70608" lon="-71.405855">
        <ele>44.4</ele>
        <time>2025-04-12T16:19:29Z</time>
      </trkpt>
      <trkpt lat="-32.705534" lon="-71.406091">
        <ele>46.9</ele>
        <time>2025-04-12T16:19:31Z</time>
      </trkpt>
      <trkpt lat="-32.705059" lon="-71.406298">
        <ele>47.8</ele>
        <time>2025-04-12T16:19:33Z</time>
      </trkpt>
      <trkpt lat="-32.704649" lon="-71.406506">
        <ele>46.9</ele>
        <time>2025-04-12T16:19:35Z</time>
      </trkpt>
      <trkpt lat="-32.704288" lon="-71.406664">
        <ele>45.3</ele>
        <time>2025-04-12T16:19:37Z</time>
      </trkpt>
      <trkpt lat="-32.703908" lon="-71.406773">
        <ele>45.0</ele>
        <time>2025-04-12T16:19:39Z</time>
      </trkpt>
      <trkpt lat="-32.703524" lon="-71.406754">
        <ele>45.5</ele>
        <time>2025-04-12T16:19:41Z</time>
      </trkpt>
      <trkpt lat="-32.703106" lon="-71.406596">
        <ele>45.9</ele>
        <time>2025-04-12T16:19:43Z</time>
      </trkpt>
      <trkpt lat="-32.70266" lon="-71.406414">
        <ele>46.8</ele>
        <time>2025-04-12T16:19:45Z</time>
      </trkpt>
      <trkpt lat="-32.702227" lon="-71.406214">
        <ele>46.9</ele>
        <time>2025-04-12T16:19:47Z</time>
      </trkpt>
      <trkpt lat="-32.701799" lon="-71.40606">
        <ele>46.9</ele>
        <time>2025-04-12T16:19:49Z</time>
      </trkpt>
      <trkpt lat="-32.701364" lon="-71.405907">
        <ele>46.9</ele>
        <time>2025-04-12T16:19:51Z</time>
      </trkpt>
      <trkpt lat="-32.700971" lon="-71.405772">
        <ele>46.9</ele>
        <time>2025-04-12T16:19:53Z</time>
      </trkpt>
      <trkpt lat="-32.700617" lon="-71.405641">
        <ele>46.2</ele>
        <time>2025-04-12T16:19:55Z</time>
      </trkpt>
      <trkpt lat="-32.700267" lon="-71.405506">
        <ele>45.6</ele>
        <time>2025-04-12T16:19:57Z</time>
      </trkpt>
      <trkpt lat="-32.699935" lon="-71.405392">
        <ele>45.5</ele>
        <time>2025-04-12T16:19:59Z</time>
      </trkpt>
      <trkpt lat="-32.699628" lon="-71.405315">
        <ele>45.2</ele>
        <time>2025-04-12T16:20:01Z</time>
      </trkpt>
      <trkpt lat="-32.699317" lon="-71.40528">
        <ele>44.8</ele>
        <time>2025-04-12T16:20:03Z</time>
      </trkpt>
      <trkpt lat="-32.69901" lon="-71.405287">
        <ele>44.6</ele>
        <time>2025-04-12T16:20:05Z</time>
      </trkpt>
      <trkpt lat="-32.698739" lon="-71.405333">
        <ele>44.4</ele>
        <time>2025-04-12T16:20:07Z</time>
      </trkpt>
      <trkpt lat="-32.698464" lon="-71.405424">
        <ele>44.5</ele>
        <time>2025-04-12T16:20:09Z</time>
      </trkpt>
      <trkpt lat="-32.698189" lon="-71.405529">
        <ele>44.6</ele>
        <time>2025-04-12T16:20:11Z</time>
      </trkpt>
      <trkpt lat="-32.69792" lon="-71.405626">
        <ele>44.8</ele>
        <time>2025-04-12T16:20:14Z</time>
      </trkpt>
      <trkpt lat="-32.697706" lon="-71.405702">
        <ele>44.8</ele>
        <time>2025-04-12T16:20:16Z</time>
      </trkpt>
      <trkpt lat="-32.697515" lon="-71.405779">
        <ele>44.5</ele>
        <time>2025-04-12T16:20:18Z</time>
      </trkpt>
      <trkpt lat="-32.697356" lon="-71.405819">
        <ele>43.8</ele>
        <time>2025-04-12T16:20:20Z</time>
      </trkpt>
      <trkpt lat="-32.697129" lon="-71.405908">
        <ele>43.6</ele>
        <time>2025-04-12T16:20:22Z</time>
      </trkpt>
      <trkpt lat="-32.696916" lon="-71.406005">
        <ele>43.9</ele>
        <time>2025-04-12T16:20:24Z</time>
      </trkpt>
      <trkpt lat="-32.696732" lon="-71.406061">
        <ele>44.0</ele>
        <time>2025-04-12T16:20:26Z</time>
      </trkpt>
      <trkpt lat="-32.696581" lon="-71.406113">
        <ele>43.6</ele>
        <time>2025-04-12T16:20:28Z</time>
      </trkpt>
      <trkpt lat="-32.696451" lon="-71.406182">
        <ele>43.1</ele>
        <time>2025-04-12T16:20:30Z</time>
      </trkpt>
      <trkpt lat="-32.696332" lon="-71.406231">
        <ele>42.9</ele>
        <time>2025-04-12T16:20:32Z</time>
      </trkpt>
      <trkpt lat="-32.6962" lon="-71.406236">
        <ele>42.9</ele>
        <time>2025-04-12T16:20:34Z</time>
      </trkpt>
      <trkpt lat="-32.696081" lon="-71.40614">
        <ele>42.9</ele>
        <time>2025-04-12T16:20:36Z</time>
      </trkpt>
      <trkpt lat="-32.696016" lon="-71.406006">
        <ele>42.9</ele>
        <time>2025-04-12T16:20:38Z</time>
      </trkpt>
      <trkpt lat="-32.69592" lon="-71.405848">
        <ele>43.1</ele>
        <time>2025-04-12T16:20:40Z</time>
      </trkpt>
      <trkpt lat="-32.695785" lon="-71.405655">
        <ele>44.1</ele>
        <time>2025-04-12T16:20:42Z</time>
      </trkpt>
      <trkpt lat="-32.695653" lon="-71.405423">
        <ele>46.2</ele>
        <time>2025-04-12T16:20:44Z</time>
      </trkpt>
      <trkpt lat="-32.695512" lon="-71.40518">
        <ele>49.2</ele>
        <time>2025-04-12T16:20:46Z</time>
      </trkpt>
      <trkpt lat="-32.695363" lon="-71.404919">
        <ele>50.9</ele>
        <time>2025-04-12T16:20:48Z</time>
      </trkpt>
      <trkpt lat="-32.695199" lon="-71.404642">
        <ele>54.5</ele>
        <time>2025-04-12T16:20:50Z</time>
      </trkpt>
      <trkpt lat="-32.695014" lon="-71.404345">
        <ele>57.4</ele>
        <time>2025-04-12T16:20:52Z</time>
      </trkpt>
      <trkpt lat="-32.694865" lon="-71.404053">
        <ele>60.3</ele>
        <time>2025-04-12T16:20:54Z</time>
      </trkpt>
      <trkpt lat="-32.694759" lon="-71.40373">
        <ele>63.6</ele>
        <time>2025-04-12T16:20:56Z</time>
      </trkpt>
      <trkpt lat="-32.694621" lon="-71.403346">
        <ele>67.2</ele>
        <time>2025-04-12T16:20:58Z</time>
      </trkpt>
      <trkpt lat="-32.694474" lon="-71.402955">
        <ele>70.7</ele>
        <time>2025-04-12T16:21:00Z</time>
      </trkpt>
      <trkpt lat="-32.694278" lon="-71.402602">
        <ele>73.6</ele>
        <time>2025-04-12T16:21:02Z</time>
      </trkpt>
      <trkpt lat="-32.69403" lon="-71.402299">
        <ele>76.6</ele>
        <time>2025-04-12T16:21:04Z</time>
      </trkpt>
      <trkpt lat="-32.69381" lon="-71.402036">
        <ele>79.4</ele>
        <time>2025-04-12T16:21:06Z</time>
      </trkpt>
      <trkpt lat="-32.693604" lon="-71.401783">
        <ele>82.1</ele>
        <time>2025-04-12T16:21:08Z</time>
      </trkpt>
      <trkpt lat="-32.693353" lon="-71.401575">
        <ele>84.4</ele>
        <time>2025-04-12T16:21:10Z</time>
      </trkpt>
      <trkpt lat="-32.693035" lon="-71.401422">
        <ele>86.6</ele>
        <time>2025-04-12T16:21:12Z</time>
      </trkpt>
      <trkpt lat="-32.69273" lon="-71.401291">
        <ele>88.7</ele>
        <time>2025-04-12T16:21:14Z</time>
      </trkpt>
      <trkpt lat="-32.692399" lon="-71.401151">
        <ele>90.8</ele>
        <time>2025-04-12T16:21:16Z</time>
      </trkpt>
      <trkpt lat="-32.692057" lon="-71.401009">
        <ele>93.5</ele>
        <time>2025-04-12T16:21:18Z</time>
      </trkpt>
      <trkpt lat="-32.691715" lon="-71.400875">
        <ele>95.0</ele>
        <time>2025-04-12T16:21:20Z</time>
      </trkpt>
      <trkpt lat="-32.691392" lon="-71.400756">
        <ele>98.6</ele>
        <time>2025-04-12T16:21:22Z</time>
      </trkpt>
      <trkpt lat="-32.691087" lon="-71.400617">
        <ele>101.9</ele>
        <time>2025-04-12T16:21:24Z</time>
      </trkpt>
      <trkpt lat="-32.690778" lon="-71.400475">
        <ele>104.8</ele>
        <time>2025-04-12T16:21:26Z</time>
      </trkpt>
      <trkpt lat="-32.690485" lon="-71.400317">
        <ele>107.3</ele>
        <time>2025-04-12T16:21:28Z</time>
      </trkpt>
      <trkpt lat="-32.690229" lon="-71.400069">
        <ele>109.3</ele>
        <time>2025-04-12T16:21:30Z</time>
      </trkpt>
      <trkpt lat="-32.690009" lon="-71.399793">
        <ele>111.5</ele>
        <time>2025-04-12T16:21:32Z</time>
      </trkpt>
      <trkpt lat="-32.689817" lon="-71.399542">
        <ele>113.7</ele>
        <time>2025-04-12T16:21:34Z</time>
      </trkpt>
      <trkpt lat="-32.689653" lon="-71.399296">
        <ele>115.4</ele>
        <time>2025-04-12T16:21:36Z</time>
      </trkpt>
      <trkpt lat="-32.689496" lon="-71.3991">
        <ele>116.6</ele>
        <time>2025-04-12T16:21:38Z</time>
      </trkpt>
      <trkpt lat="-32.689338" lon="-71.3989">
        <ele>117.3</ele>
        <time>2025-04-12T16:21:40Z</time>
      </trkpt>
      <trkpt lat="-32.689208" lon="-71.398727">
        <ele>117.3</ele>
        <time>2025-04-12T16:21:41Z</time>
      </trkpt>
      <trkpt lat="-32.689085" lon="-71.398607">
        <ele>116.4</ele>
        <time>2025-04-12T16:21:43Z</time>
      </trkpt>
      <trkpt lat="-32.688926" lon="-71.398602">
        <ele>115.5</ele>
        <time>2025-04-12T16:21:45Z</time>
      </trkpt>
      <trkpt lat="-32.688707" lon="-71.39867">
        <ele>115.1</ele>
        <time>2025-04-12T16:21:47Z</time>
      </trkpt>
      <trkpt lat="-32.688443" lon="-71.39873">
        <ele>115.1</ele>
        <time>2025-04-12T16:21:49Z</time>
      </trkpt>
      <trkpt lat="-32.68816" lon="-71.398814">
        <ele>115.4</ele>
        <time>2025-04-12T16:21:51Z</time>
      </trkpt>
      <trkpt lat="-32.687858" lon="-71.398918">
        <ele>116.3</ele>
        <time>2025-04-12T16:21:53Z</time>
      </trkpt>
      <trkpt lat="-32.687552" lon="-71.399046">
        <ele>117.9</ele>
        <time>2025-04-12T16:21:55Z</time>
      </trkpt>
      <trkpt lat="-32.687266" lon="-71.399166">
        <ele>120.2</ele>
        <time>2025-04-12T16:21:57Z</time>
      </trkpt>
      <trkpt lat="-32.687006" lon="-71.39927">
        <ele>122.6</ele>
        <time>2025-04-12T16:21:59Z</time>
      </trkpt>
      <trkpt lat="-32.686734" lon="-71.399335">
        <ele>124.4</ele>
        <time>2025-04-12T16:22:01Z</time>
      </trkpt>
      <trkpt lat="-32.686508" lon="-71.399397">
        <ele>125.7</ele>
        <time>2025-04-12T16:22:03Z</time>
      </trkpt>
      <trkpt lat="-32.686264" lon="-71.399486">
        <ele>126.9</ele>
        <time>2025-04-12T16:22:05Z</time>
      </trkpt>
      <trkpt lat="-32.68602" lon="-71.399535">
        <ele>128.0</ele>
        <time>2025-04-12T16:22:07Z</time>
      </trkpt>
      <trkpt lat="-32.685772" lon="-71.399473">
        <ele>128.3</ele>
        <time>2025-04-12T16:22:09Z</time>
      </trkpt>
      <trkpt lat="-32.685475" lon="-71.399296">
        <ele>128.3</ele>
        <time>2025-04-12T16:22:11Z</time>
      </trkpt>
      <trkpt lat="-32.685208" lon="-71.399087">
        <ele>127.9</ele>
        <time>2025-04-12T16:22:13Z</time>
      </trkpt>
      <trkpt lat="-32.684955" lon="-71.398905">
        <ele>126.8</ele>
        <time>2025-04-12T16:22:15Z</time>
      </trkpt>
      <trkpt lat="-32.684719" lon="-71.39874">
        <ele>124.6</ele>
        <time>2025-04-12T16:22:17Z</time>
      </trkpt>
      <trkpt lat="-32.684474" lon="-71.398565">
        <ele>122.2</ele>
        <time>2025-04-12T16:22:20Z</time>
      </trkpt>
      <trkpt lat="-32.684239" lon="-71.398419">
        <ele>120.9</ele>
        <time>2025-04-12T16:22:22Z</time>
      </trkpt>
      <trkpt lat="-32.684006" lon="-71.398249">
        <ele>118.1</ele>
        <time>2025-04-12T16:22:24Z</time>
      </trkpt>
      <trkpt lat="-32.68382" lon="-71.398086">
        <ele>115.7</ele>
        <time>2025-04-12T16:22:26Z</time>
      </trkpt>
      <trkpt lat="-32.683694" lon="-71.397895">
        <ele>114.7</ele>
        <time>2025-04-12T16:22:28Z</time>
      </trkpt>
      <trkpt lat="-32.683617" lon="-71.397594">
        <ele>115.3</ele>
        <time>2025-04-12T16:22:30Z</time>
      </trkpt>
      <trkpt lat="-32.683604" lon="-71.397303">
        <ele>117.0</ele>
        <time>2025-04-12T16:22:32Z</time>
      </trkpt>
      <trkpt lat="-32.68365" lon="-71.397002">
        <ele>119.2</ele>
        <time>2025-04-12T16:22:34Z</time>
      </trkpt>
      <trkpt lat="-32.683713" lon="-71.396661">
        <ele>120.7</ele>
        <time>2025-04-12T16:22:36Z</time>
      </trkpt>
      <trkpt lat="-32.683748" lon="-71.396287">
        <ele>121.8</ele>
        <time>2025-04-12T16:22:38Z</time>
      </trkpt>
      <trkpt lat="-32.683808" lon="-71.39594">
        <ele>122.0</ele>
        <time>2025-04-12T16:22:40Z</time>
      </trkpt>
      <trkpt lat="-32.683861" lon="-71.395658">
        <ele>121.7</ele>
        <time>2025-04-12T16:22:42Z</time>
      </trkpt>
      <trkpt lat="-32.683973" lon="-71.395402">
        <ele>121.0</ele>
        <time>2025-04-12T16:22:44Z</time>
      </trkpt>
      <trkpt lat="-32.684159" lon="-71.395177">
        <ele>120.5</ele>
        <time>2025-04-12T16:22:46Z</time>
      </trkpt>
      <trkpt lat="-32.684325" lon="-71.39498">
        <ele>120.1</ele>
        <time>2025-04-12T16:22:48Z</time>
      </trkpt>
      <trkpt lat="-32.6845" lon="-71.394811">
        <ele>119.7</ele>
        <time>2025-04-12T16:22:50Z</time>
      </trkpt>
      <trkpt lat="-32.684601" lon="-71.394576">
        <ele>119.6</ele>
        <time>2025-04-12T16:22:52Z</time>
      </trkpt>
      <trkpt lat="-32.684561" lon="-71.39432">
        <ele>119.6</ele>
        <time>2025-04-12T16:22:54Z</time>
      </trkpt>
      <trkpt lat="-32.684425" lon="-71.394124">
        <ele>120.2</ele>
        <time>2025-04-12T16:22:56Z</time>
      </trkpt>
      <trkpt lat="-32.684206" lon="-71.393976">
        <ele>121.3</ele>
        <time>2025-04-12T16:22:58Z</time>
      </trkpt>
      <trkpt lat="-32.68396" lon="-71.393876">
        <ele>122.6</ele>
        <time>2025-04-12T16:23:00Z</time>
      </trkpt>
      <trkpt lat="-32.683727" lon="-71.39381">
        <ele>123.8</ele>
        <time>2025-04-12T16:23:02Z</time>
      </trkpt>
      <trkpt lat="-32.68351" lon="-71.393727">
        <ele>125.2</ele>
        <time>2025-04-12T16:23:04Z</time>
      </trkpt>
      <trkpt lat="-32.683267" lon="-71.393598">
        <ele>126.8</ele>
        <time>2025-04-12T16:23:06Z</time>
      </trkpt>
      <trkpt lat="-32.683056" lon="-71.3934">
        <ele>128.6</ele>
        <time>2025-04-12T16:23:08Z</time>
      </trkpt>
      <trkpt lat="-32.682848" lon="-71.393204">
        <ele>130.7</ele>
        <time>2025-04-12T16:23:10Z</time>
      </trkpt>
      <trkpt lat="-32.68264" lon="-71.393021">
        <ele>133.7</ele>
        <time>2025-04-12T16:23:12Z</time>
      </trkpt>
      <trkpt lat="-32.68241" lon="-71.392836">
        <ele>136.9</ele>
        <time>2025-04-12T16:23:14Z</time>
      </trkpt>
      <trkpt lat="-32.682161" lon="-71.392691">
        <ele>140.5</ele>
        <time>2025-04-12T16:23:16Z</time>
      </trkpt>
      <trkpt lat="-32.681971" lon="-71.392496">
        <ele>144.3</ele>
        <time>2025-04-12T16:23:18Z</time>
      </trkpt>
      <trkpt lat="-32.681796" lon="-71.392295">
        <ele>148.1</ele>
        <time>2025-04-12T16:23:20Z</time>
      </trkpt>
      <trkpt lat="-32.681559" lon="-71.392123">
        <ele>151.9</ele>
        <time>2025-04-12T16:23:22Z</time>
      </trkpt>
      <trkpt lat="-32.681318" lon="-71.391993">
        <ele>155.6</ele>
        <time>2025-04-12T16:23:24Z</time>
      </trkpt>
      <trkpt lat="-32.681155" lon="-71.391927">
        <ele>157.0</ele>
        <time>2025-04-12T16:23:26Z</time>
      </trkpt>
      <trkpt lat="-32.681068" lon="-71.391821">
        <ele>159.1</ele>
        <time>2025-04-12T16:23:28Z</time>
      </trkpt>
      <trkpt lat="-32.681107" lon="-71.391702">
        <ele>160.4</ele>
        <time>2025-04-12T16:23:30Z</time>
      </trkpt>
      <trkpt lat="-32.681224" lon="-71.391627">
        <ele>161.2</ele>
        <time>2025-04-12T16:23:32Z</time>
      </trkpt>
      <trkpt lat="-32.68139" lon="-71.391577">
        <ele>163.2</ele>
        <time>2025-04-12T16:23:34Z</time>
      </trkpt>
      <trkpt lat="-32.6816" lon="-71.39153">
        <ele>165.2</ele>
        <time>2025-04-12T16:23:36Z</time>
      </trkpt>
      <trkpt lat="-32.681843" lon="-71.39155">
        <ele>167.7</ele>
        <time>2025-04-12T16:23:38Z</time>
      </trkpt>
      <trkpt lat="-32.682081" lon="-71.391691">
        <ele>169.2</ele>
        <time>2025-04-12T16:23:40Z</time>
      </trkpt>
      <trkpt lat="-32.682327" lon="-71.39174">
        <ele>170.2</ele>
        <time>2025-04-12T16:23:42Z</time>
      </trkpt>
      <trkpt lat="-32.682577" lon="-71.391734">
        <ele>171.5</ele>
        <time>2025-04-12T16:23:44Z</time>
      </trkpt>
      <trkpt lat="-32.682864" lon="-71.391661">
        <ele>172.8</ele>
        <time>2025-04-12T16:23:46Z</time>
      </trkpt>
      <trkpt lat="-32.683119" lon="-71.391616">
        <ele>174.2</ele>
        <time>2025-04-12T16:23:48Z</time>
      </trkpt>
      <trkpt lat="-32.683316" lon="-71.391543">
        <ele>175.5</ele>
        <time>2025-04-12T16:23:50Z</time>
      </trkpt>
      <trkpt lat="-32.683481" lon="-71.391417">
        <ele>177.0</ele>
        <time>2025-04-12T16:23:52Z</time>
      </trkpt>
      <trkpt lat="-32.683541" lon="-71.391227">
        <ele>177.7</ele>
        <time>2025-04-12T16:23:54Z</time>
      </trkpt>
      <trkpt lat="-32.683476" lon="-71.391004">
        <ele>179.5</ele>
        <time>2025-04-12T16:23:55Z</time>
      </trkpt>
      <trkpt lat="-32.683359" lon="-71.390801">
        <ele>181.5</ele>
        <time>2025-04-12T16:23:57Z</time>
      </trkpt>
      <trkpt lat="-32.683227" lon="-71.390593">
        <ele>183.6</ele>
        <time>2025-04-12T16:23:59Z</time>
      </trkpt>
      <trkpt lat="-32.683039" lon="-71.390391">
        <ele>185.6</ele>
        <time>2025-04-12T16:24:01Z</time>
      </trkpt>
      <trkpt lat="-32.682812" lon="-71.390179">
        <ele>187.8</ele>
        <time>2025-04-12T16:24:03Z</time>
      </trkpt>
      <trkpt lat="-32.682575" lon="-71.389957">
        <ele>190.3</ele>
        <time>2025-04-12T16:24:05Z</time>
      </trkpt>
      <trkpt lat="-32.68234" lon="-71.389735">
        <ele>193.0</ele>
        <time>2025-04-12T16:24:07Z</time>
      </trkpt>
      <trkpt lat="-32.68211" lon="-71.389514">
        <ele>195.6</ele>
        <time>2025-04-12T16:24:09Z</time>
      </trkpt>
      <trkpt lat="-32.681865" lon="-71.389338">
        <ele>197.9</ele>
        <time>2025-04-12T16:24:11Z</time>
      </trkpt>
      <trkpt lat="-32.681629" lon="-71.389142">
        <ele>200.0</ele>
        <time>2025-04-12T16:24:13Z</time>
      </trkpt>
      <trkpt lat="-32.681413" lon="-71.388906">
        <ele>202.2</ele>
        <time>2025-04-12T16:24:15Z</time>
      </trkpt>
      <trkpt lat="-32.681193" lon="-71.388697">
        <ele>204.4</ele>
        <time>2025-04-12T16:24:17Z</time>
      </trkpt>
      <trkpt lat="-32.680967" lon="-71.388482">
        <ele>206.5</ele>
        <time>2025-04-12T16:24:19Z</time>
      </trkpt>
      <trkpt lat="-32.680719" lon="-71.388313">
        <ele>208.2</ele>
        <time>2025-04-12T16:24:21Z</time>
      </trkpt>
      <trkpt lat="-32.680515" lon="-71.388177">
        <ele>208.9</ele>
        <time>2025-04-12T16:24:23Z</time>
      </trkpt>
      <trkpt lat="-32.680298" lon="-71.38804">
        <ele>210.3</ele>
        <time>2025-04-12T16:24:26Z</time>
      </trkpt>
      <trkpt lat="-32.680071" lon="-71.387972">
        <ele>212.3</ele>
        <time>2025-04-12T16:24:28Z</time>
      </trkpt>
      <trkpt lat="-32.679826" lon="-71.387919">
        <ele>215.0</ele>
        <time>2025-04-12T16:24:30Z</time>
      </trkpt>
      <trkpt lat="-32.679583" lon="-71.387908">
        <ele>217.5</ele>
        <time>2025-04-12T16:24:32Z</time>
      </trkpt>
      <trkpt lat="-32.679369" lon="-71.387929">
        <ele>219.4</ele>
        <time>2025-04-12T16:24:34Z</time>
      </trkpt>
      <trkpt lat="-32.67917" lon="-71.388054">
        <ele>220.9</ele>
        <time>2025-04-12T16:24:36Z</time>
      </trkpt>
      <trkpt lat="-32.678985" lon="-71.38826">
        <ele>222.5</ele>
        <time>2025-04-12T16:24:38Z</time>
      </trkpt>
      <trkpt lat="-32.678802" lon="-71.388385">
        <ele>224.1</ele>
        <time>2025-04-12T16:24:40Z</time>
      </trkpt>
      <trkpt lat="-32.678586" lon="-71.388492">
        <ele>225.8</ele>
        <time>2025-04-12T16:24:42Z</time>
      </trkpt>
      <trkpt lat="-32.67842" lon="-71.388577">
        <ele>227.6</ele>
        <time>2025-04-12T16:24:44Z</time>
      </trkpt>
      <trkpt lat="-32.67827" lon="-71.388572">
        <ele>229.0</ele>
        <time>2025-04-12T16:24:46Z</time>
      </trkpt>
      <trkpt lat="-32.678195" lon="-71.388419">
        <ele>229.7</ele>
        <time>2025-04-12T16:24:48Z</time>
      </trkpt>
      <trkpt lat="-32.678236" lon="-71.388184">
        <ele>230.4</ele>
        <time>2025-04-12T16:24:50Z</time>
      </trkpt>
      <trkpt lat="-32.678347" lon="-71.387844">
        <ele>232.0</ele>
        <time>2025-04-12T16:24:52Z</time>
      </trkpt>
      <trkpt lat="-32.67841" lon="-71.387533">
        <ele>233.2</ele>
        <time>2025-04-12T16:24:54Z</time>
      </trkpt>
      <trkpt lat="-32.678397" lon="-71.387196">
        <ele>233.5</ele>
        <time>2025-04-12T16:24:56Z</time>
      </trkpt>
      <trkpt lat="-32.67837" lon="-71.386886">
        <ele>234.5</ele>
        <time>2025-04-12T16:24:58Z</time>
      </trkpt>
      <trkpt lat="-32.678256" lon="-71.386586">
        <ele>235.9</ele>
        <time>2025-04-12T16:25:00Z</time>
      </trkpt>
      <trkpt lat="-32.678114" lon="-71.386316">
        <ele>237.4</ele>
        <time>2025-04-12T16:25:02Z</time>
      </trkpt>
      <trkpt lat="-32.677965" lon="-71.386159">
        <ele>238.1</ele>
        <time>2025-04-12T16:25:04Z</time>
      </trkpt>
      <trkpt lat="-32.677749" lon="-71.386073">
        <ele>239.9</ele>
        <time>2025-04-12T16:25:06Z</time>
      </trkpt>
      <trkpt lat="-32.677529" lon="-71.38607">
        <ele>241.3</ele>
        <time>2025-04-12T16:25:08Z</time>
      </trkpt>
      <trkpt lat="-32.677388" lon="-71.386038">
        <ele>242.6</ele>
        <time>2025-04-12T16:25:10Z</time>
      </trkpt>
      <trkpt lat="-32.677305" lon="-71.385871">
        <ele>243.2</ele>
        <time>2025-04-12T16:25:12Z</time>
      </trkpt>
      <trkpt lat="-32.677213" lon="-71.385698">
        <ele>244.5</ele>
        <time>2025-04-12T16:25:14Z</time>
      </trkpt>
      <trkpt lat="-32.677084" lon="-71.385588">
        <ele>245.9</ele>
        <time>2025-04-12T16:25:16Z</time>
      </trkpt>
      <trkpt lat="-32.677035" lon="-71.3854">
        <ele>247.3</ele>
        <time>2025-04-12T16:25:18Z</time>
      </trkpt>
      <trkpt lat="-32.677067" lon="-71.385188">
        <ele>248.9</ele>
        <time>2025-04-12T16:25:20Z</time>
      </trkpt>
      <trkpt lat="-32.677191" lon="-71.385032">
        <ele>250.3</ele>
        <time>2025-04-12T16:25:22Z</time>
      </trkpt>
      <trkpt lat="-32.677361" lon="-71.385008">
        <ele>251.5</ele>
        <time>2025-04-12T16:25:24Z</time>
      </trkpt>
      <trkpt lat="-32.677534" lon="-71.384906">
        <ele>252.5</ele>
        <time>2025-04-12T16:25:26Z</time>
      </trkpt>
      <trkpt lat="-32.67763" lon="-71.384741">
        <ele>253.3</ele>
        <time>2025-04-12T16:25:28Z</time>
      </trkpt>
      <trkpt lat="-32.677614" lon="-71.384586">
        <ele>253.9</ele>
        <time>2025-04-12T16:25:30Z</time>
      </trkpt>
      <trkpt lat="-32.677578" lon="-71.384468">
        <ele>254.7</ele>
        <time>2025-04-12T16:25:32Z</time>
      </trkpt>
      <trkpt lat="-32.677537" lon="-71.384348">
        <ele>255.4</ele>
        <time>2025-04-12T16:25:34Z</time>
      </trkpt>
      <trkpt lat="-32.677585" lon="-71.384175">
        <ele>256.3</ele>
        <time>2025-04-12T16:25:36Z</time>
      </trkpt>
      <trkpt lat="-32.677744" lon="-71.384109">
        <ele>257.2</ele>
        <time>2025-04-12T16:25:38Z</time>
      </trkpt>
      <trkpt lat="-32.677918" lon="-71.384">
        <ele>258.1</ele>
        <time>2025-04-12T16:25:40Z</time>
      </trkpt>
      <trkpt lat="-32.678068" lon="-71.383796">
        <ele>259.2</ele>
        <time>2025-04-12T16:25:42Z</time>
      </trkpt>
      <trkpt lat="-32.678149" lon="-71.383535">
        <ele>259.7</ele>
        <time>2025-04-12T16:25:44Z</time>
      </trkpt>
      <trkpt lat="-32.678182" lon="-71.383297">
        <ele>261.2</ele>
        <time>2025-04-12T16:25:46Z</time>
      </trkpt>
      <trkpt lat="-32.678289" lon="-71.383144">
        <ele>262.5</ele>
        <time>2025-04-12T16:25:48Z</time>
      </trkpt>
      <trkpt lat="-32.678508" lon="-71.383102">
        <ele>263.7</ele>
        <time>2025-04-12T16:25:49Z</time>
      </trkpt>
      <trkpt lat="-32.678747" lon="-71.383226">
        <ele>265.3</ele>
        <time>2025-04-12T16:25:51Z</time>
      </trkpt>
      <trkpt lat="-32.678944" lon="-71.38336">
        <ele>267.7</ele>
        <time>2025-04-12T16:25:53Z</time>
      </trkpt>
      <trkpt lat="-32.67915" lon="-71.383417">
        <ele>269.6</ele>
        <time>2025-04-12T16:25:55Z</time>
      </trkpt>
      <trkpt lat="-32.679402" lon="-71.383358">
        <ele>271.1</ele>
        <time>2025-04-12T16:25:57Z</time>
      </trkpt>
      <trkpt lat="-32.679609" lon="-71.383246">
        <ele>272.8</ele>
        <time>2025-04-12T16:25:59Z</time>
      </trkpt>
      <trkpt lat="-32.679762" lon="-71.383056">
        <ele>274.5</ele>
        <time>2025-04-12T16:26:01Z</time>
      </trkpt>
      <trkpt lat="-32.679787" lon="-71.382847">
        <ele>275.8</ele>
        <time>2025-04-12T16:26:03Z</time>
      </trkpt>
      <trkpt lat="-32.679722" lon="-71.382609">
        <ele>277.4</ele>
        <time>2025-04-12T16:26:05Z</time>
      </trkpt>
      <trkpt lat="-32.67964" lon="-71.382369">
        <ele>279.1</ele>
        <time>2025-04-12T16:26:07Z</time>
      </trkpt>
      <trkpt lat="-32.679503" lon="-71.382137">
        <ele>281.0</ele>
        <time>2025-04-12T16:26:09Z</time>
      </trkpt>
      <trkpt lat="-32.679306" lon="-71.381932">
        <ele>283.3</ele>
        <time>2025-04-12T16:26:11Z</time>
      </trkpt>
      <trkpt lat="-32.679103" lon="-71.381711">
        <ele>285.9</ele>
        <time>2025-04-12T16:26:13Z</time>
      </trkpt>
      <trkpt lat="-32.678951" lon="-71.381526">
        <ele>287.2</ele>
        <time>2025-04-12T16:26:15Z</time>
      </trkpt>
      <trkpt lat="-32.678864" lon="-71.381366">
        <ele>289.5</ele>
        <time>2025-04-12T16:26:17Z</time>
      </trkpt>
      <trkpt lat="-32.678891" lon="-71.381178">
        <ele>291.0</ele>
        <time>2025-04-12T16:26:19Z</time>
      </trkpt>
      <trkpt lat="-32.679043" lon="-71.38102">
        <ele>291.9</ele>
        <time>2025-04-12T16:26:21Z</time>
      </trkpt>
      <trkpt lat="-32.679224" lon="-71.380892">
        <ele>293.0</ele>
        <time>2025-04-12T16:26:23Z</time>
      </trkpt>
      <trkpt lat="-32.679443" lon="-71.380872">
        <ele>294.2</ele>
        <time>2025-04-12T16:26:25Z</time>
      </trkpt>
      <trkpt lat="-32.679704" lon="-71.380854">
        <ele>295.4</ele>
        <time>2025-04-12T16:26:27Z</time>
      </trkpt>
      <trkpt lat="-32.679974" lon="-71.380787">
        <ele>296.4</ele>
        <time>2025-04-12T16:26:29Z</time>
      </trkpt>
      <trkpt lat="-32.680195" lon="-71.380748">
        <ele>297.1</ele>
        <time>2025-04-12T16:26:32Z</time>
      </trkpt>
      <trkpt lat="-32.680427" lon="-71.380724">
        <ele>297.7</ele>
        <time>2025-04-12T16:26:34Z</time>
      </trkpt>
      <trkpt lat="-32.680627" lon="-71.380744">
        <ele>298.9</ele>
        <time>2025-04-12T16:26:36Z</time>
      </trkpt>
      <trkpt lat="-32.680822" lon="-71.380652">
        <ele>300.4</ele>
        <time>2025-04-12T16:26:38Z</time>
      </trkpt>
      <trkpt lat="-32.680955" lon="-71.380472">
        <ele>302.0</ele>
        <time>2025-04-12T16:26:40Z</time>
      </trkpt>
      <trkpt lat="-32.681111" lon="-71.380283">
        <ele>304.1</ele>
        <time>2025-04-12T16:26:42Z</time>
      </trkpt>
      <trkpt lat="-32.681199" lon="-71.380069">
        <ele>306.2</ele>
        <time>2025-04-12T16:26:44Z</time>
      </trkpt>
      <trkpt lat="-32.681194" lon="-71.379821">
        <ele>307.2</ele>
        <time>2025-04-12T16:26:46Z</time>
      </trkpt>
      <trkpt lat="-32.681117" lon="-71.37955">
        <ele>309.6</ele>
        <time>2025-04-12T16:26:48Z</time>
      </trkpt>
      <trkpt lat="-32.681042" lon="-71.379288">
        <ele>312.3</ele>
        <time>2025-04-12T16:26:50Z</time>
      </trkpt>
      <trkpt lat="-32.681057" lon="-71.379045">
        <ele>314.8</ele>
        <time>2025-04-12T16:26:52Z</time>
      </trkpt>
      <trkpt lat="-32.681051" lon="-71.378811">
        <ele>316.8</ele>
        <time>2025-04-12T16:26:54Z</time>
      </trkpt>
      <trkpt lat="-32.680945" lon="-71.378598">
        <ele>318.8</ele>
        <time>2025-04-12T16:26:56Z</time>
      </trkpt>
      <trkpt lat="-32.68078" lon="-71.378429">
        <ele>320.3</ele>
        <time>2025-04-12T16:26:58Z</time>
      </trkpt>
      <trkpt lat="-32.680633" lon="-71.37826">
        <ele>320.8</ele>
        <time>2025-04-12T16:27:00Z</time>
      </trkpt>
      <trkpt lat="-32.680494" lon="-71.378119">
        <ele>320.3</ele>
        <time>2025-04-12T16:27:02Z</time>
      </trkpt>
      <trkpt lat="-32.680364" lon="-71.377944">
        <ele>319.0</ele>
        <time>2025-04-12T16:27:04Z</time>
      </trkpt>
      <trkpt lat="-32.680228" lon="-71.377692">
        <ele>317.9</ele>
        <time>2025-04-12T16:27:06Z</time>
      </trkpt>
      <trkpt lat="-32.680134" lon="-71.377417">
        <ele>316.9</ele>
        <time>2025-04-12T16:27:08Z</time>
      </trkpt>
      <trkpt lat="-32.680122" lon="-71.377129">
        <ele>315.6</ele>
        <time>2025-04-12T16:27:10Z</time>
      </trkpt>
      <trkpt lat="-32.680221" lon="-71.376883">
        <ele>314.1</ele>
        <time>2025-04-12T16:27:12Z</time>
      </trkpt>
      <trkpt lat="-32.680365" lon="-71.376635">
        <ele>312.9</ele>
        <time>2025-04-12T16:27:14Z</time>
      </trkpt>
      <trkpt lat="-32.680483" lon="-71.376414">
        <ele>311.8</ele>
        <time>2025-04-12T16:27:16Z</time>
      </trkpt>
      <trkpt lat="-32.680541" lon="-71.376197">
        <ele>311.2</ele>
        <time>2025-04-12T16:27:18Z</time>
      </trkpt>
      <trkpt lat="-32.680571" lon="-71.376009">
        <ele>310.2</ele>
        <time>2025-04-12T16:27:20Z</time>
      </trkpt>
      <trkpt lat="-32.680546" lon="-71.375873">
        <ele>309.6</ele>
        <time>2025-04-12T16:27:22Z</time>
      </trkpt>
      <trkpt lat="-32.680408" lon="-71.375783">
        <ele>309.2</ele>
        <time>2025-04-12T16:27:24Z</time>
      </trkpt>
      <trkpt lat="-32.680247" lon="-71.375733">
        <ele>308.8</ele>
        <time>2025-04-12T16:27:26Z</time>
      </trkpt>
      <trkpt lat="-32.680042" lon="-71.37574">
        <ele>308.4</ele>
        <time>2025-04-12T16:27:28Z</time>
      </trkpt>
      <trkpt lat="-32.679803" lon="-71.375759">
        <ele>307.7</ele>
        <time>2025-04-12T16:27:30Z</time>
      </trkpt>
      <trkpt lat="-32.679547" lon="-71.375769">
        <ele>306.8</ele>
        <time>2025-04-12T16:27:32Z</time>
      </trkpt>
      <trkpt lat="-32.679322" lon="-71.375801">
        <ele>305.4</ele>
        <time>2025-04-12T16:27:34Z</time>
      </trkpt>
      <trkpt lat="-32.679117" lon="-71.37579">
        <ele>304.1</ele>
        <time>2025-04-12T16:27:36Z</time>
      </trkpt>
      <trkpt lat="-32.678965" lon="-71.375662">
        <ele>303.1</ele>
        <time>2025-04-12T16:27:38Z</time>
      </trkpt>
      <trkpt lat="-32.678924" lon="-71.37542">
        <ele>302.4</ele>
        <time>2025-04-12T16:27:40Z</time>
      </trkpt>
      <trkpt lat="-32.678927" lon="-71.375153">
        <ele>301.8</ele>
        <time>2025-04-12T16:27:42Z</time>
      </trkpt>
      <trkpt lat="-32.6789" lon="-71.374881">
        <ele>301.3</ele>
        <time>2025-04-12T16:27:44Z</time>
      </trkpt>
      <trkpt lat="-32.678907" lon="-71.374662">
        <ele>301.2</ele>
        <time>2025-04-12T16:27:46Z</time>
      </trkpt>
      <trkpt lat="-32.678932" lon="-71.374488">
        <ele>301.4</ele>
        <time>2025-04-12T16:27:48Z</time>
      </trkpt>
      <trkpt lat="-32.67887" lon="-71.374356">
        <ele>301.4</ele>
        <time>2025-04-12T16:27:50Z</time>
      </trkpt>
      <trkpt lat="-32.678696" lon="-71.374312">
        <ele>301.3</ele>
        <time>2025-04-12T16:27:52Z</time>
      </trkpt>
      <trkpt lat="-32.678477" lon="-71.374306">
        <ele>300.7</ele>
        <time>2025-04-12T16:27:54Z</time>
      </trkpt>
      <trkpt lat="-32.678266" lon="-71.3743">
        <ele>298.0</ele>
        <time>2025-04-12T16:27:56Z</time>
      </trkpt>
      <trkpt lat="-32.678051" lon="-71.37432">
        <ele>295.7</ele>
        <time>2025-04-12T16:27:58Z</time>
      </trkpt>
      <trkpt lat="-32.677851" lon="-71.374374">
        <ele>293.7</ele>
        <time>2025-04-12T16:27:59Z</time>
      </trkpt>
      <trkpt lat="-32.67769" lon="-71.374316">
        <ele>291.4</ele>
        <time>2025-04-12T16:28:01Z</time>
      </trkpt>
      <trkpt lat="-32.677556" lon="-71.37414">
        <ele>290.3</ele>
        <time>2025-04-12T16:28:03Z</time>
      </trkpt>
      <trkpt lat="-32.677391" lon="-71.373997">
        <ele>288.9</ele>
        <time>2025-04-12T16:28:05Z</time>
      </trkpt>
      <trkpt lat="-32.677221" lon="-71.373879">
        <ele>287.9</ele>
        <time>2025-04-12T16:28:07Z</time>
      </trkpt>
      <trkpt lat="-32.677155" lon="-71.373673">
        <ele>286.8</ele>
        <time>2025-04-12T16:28:09Z</time>
      </trkpt>
      <trkpt lat="-32.677197" lon="-71.373403">
        <ele>285.5</ele>
        <time>2025-04-12T16:28:11Z</time>
      </trkpt>
      <trkpt lat="-32.677288" lon="-71.373128">
        <ele>284.7</ele>
        <time>2025-04-12T16:28:13Z</time>
      </trkpt>
      <trkpt lat="-32.677471" lon="-71.372882">
        <ele>283.3</ele>
        <time>2025-04-12T16:28:15Z</time>
      </trkpt>
      <trkpt lat="-32.677731" lon="-71.372701">
        <ele>282.1</ele>
        <time>2025-04-12T16:28:17Z</time>
      </trkpt>
      <trkpt lat="-32.678037" lon="-71.372589">
        <ele>280.5</ele>
        <time>2025-04-12T16:28:19Z</time>
      </trkpt>
      <trkpt lat="-32.678356" lon="-71.372511">
        <ele>278.5</ele>
        <time>2025-04-12T16:28:21Z</time>
      </trkpt>
      <trkpt lat="-32.678642" lon="-71.3724">
        <ele>277.2</ele>
        <time>2025-04-12T16:28:23Z</time>
      </trkpt>
      <trkpt lat="-32.678904" lon="-71.372302">
        <ele>274.1</ele>
        <time>2025-04-12T16:28:25Z</time>
      </trkpt>
      <trkpt lat="-32.679132" lon="-71.372296">
        <ele>270.9</ele>
        <time>2025-04-12T16:28:27Z</time>
      </trkpt>
      <trkpt lat="-32.679328" lon="-71.37225">
        <ele>267.6</ele>
        <time>2025-04-12T16:28:29Z</time>
      </trkpt>
      <trkpt lat="-32.679447" lon="-71.37213">
        <ele>264.6</ele>
        <time>2025-04-12T16:28:31Z</time>
      </trkpt>
      <trkpt lat="-32.679458" lon="-71.371931">
        <ele>262.4</ele>
        <time>2025-04-12T16:28:33Z</time>
      </trkpt>
      <trkpt lat="-32.679338" lon="-71.371703">
        <ele>261.6</ele>
        <time>2025-04-12T16:28:35Z</time>
      </trkpt>
      <trkpt lat="-32.679259" lon="-71.371428">
        <ele>261.0</ele>
        <time>2025-04-12T16:28:38Z</time>
      </trkpt>
      <trkpt lat="-32.679148" lon="-71.37106">
        <ele>260.3</ele>
        <time>2025-04-12T16:28:40Z</time>
      </trkpt>
      <trkpt lat="-32.679065" lon="-71.370712">
        <ele>259.4</ele>
        <time>2025-04-12T16:28:42Z</time>
      </trkpt>
      <trkpt lat="-32.678975" lon="-71.370382">
        <ele>258.1</ele>
        <time>2025-04-12T16:28:44Z</time>
      </trkpt>
      <trkpt lat="-32.678867" lon="-71.370024">
        <ele>256.4</ele>
        <time>2025-04-12T16:28:46Z</time>
      </trkpt>
      <trkpt lat="-32.678824" lon="-71.369618">
        <ele>254.5</ele>
        <time>2025-04-12T16:28:48Z</time>
      </trkpt>
      <trkpt lat="-32.6788" lon="-71.369224">
        <ele>251.8</ele>
        <time>2025-04-12T16:28:50Z</time>
      </trkpt>
      <trkpt lat="-32.678777" lon="-71.36884">
        <ele>247.9</ele>
        <time>2025-04-12T16:28:52Z</time>
      </trkpt>
      <trkpt lat="-32.678747" lon="-71.368488">
        <ele>243.6</ele>
        <time>2025-04-12T16:28:54Z</time>
      </trkpt>
      <trkpt lat="-32.678777" lon="-71.368186">
        <ele>241.5</ele>
        <time>2025-04-12T16:28:56Z</time>
      </trkpt>
      <trkpt lat="-32.678732" lon="-71.367908">
        <ele>237.5</ele>
        <time>2025-04-12T16:28:58Z</time>
      </trkpt>
      <trkpt lat="-32.678601" lon="-71.367586">
        <ele>234.4</ele>
        <time>2025-04-12T16:29:00Z</time>
      </trkpt>
      <trkpt lat="-32.678504" lon="-71.367269">
        <ele>231.6</ele>
        <time>2025-04-12T16:29:02Z</time>
      </trkpt>
      <trkpt lat="-32.678388" lon="-71.366929">
        <ele>229.3</ele>
        <time>2025-04-12T16:29:04Z</time>
      </trkpt>
      <trkpt lat="-32.678267" lon="-71.366588">
        <ele>226.9</ele>
        <time>2025-04-12T16:29:06Z</time>
      </trkpt>
      <trkpt lat="-32.678156" lon="-71.366258">
        <ele>224.8</ele>
        <time>2025-04-12T16:29:08Z</time>
      </trkpt>
      <trkpt lat="-32.678069" lon="-71.365988">
        <ele>222.2</ele>
        <time>2025-04-12T16:29:10Z</time>
      </trkpt>
      <trkpt lat="-32.677929" lon="-71.365714">
        <ele>219.7</ele>
        <time>2025-04-12T16:29:12Z</time>
      </trkpt>
      <trkpt lat="-32.677801" lon="-71.365389">
        <ele>218.3</ele>
        <time>2025-04-12T16:29:14Z</time>
      </trkpt>
      <trkpt lat="-32.677738" lon="-71.36511">
        <ele>217.1</ele>
        <time>2025-04-12T16:29:16Z</time>
      </trkpt>
      <trkpt lat="-32.677698" lon="-71.364762">
        <ele>215.4</ele>
        <time>2025-04-12T16:29:18Z</time>
      </trkpt>
      <trkpt lat="-32.677681" lon="-71.364354">
        <ele>214.4</ele>
        <time>2025-04-12T16:29:20Z</time>
      </trkpt>
      <trkpt lat="-32.677696" lon="-71.363977">
        <ele>214.5</ele>
        <time>2025-04-12T16:29:22Z</time>
      </trkpt>
      <trkpt lat="-32.677705" lon="-71.363593">
        <ele>215.3</ele>
        <time>2025-04-12T16:29:24Z</time>
      </trkpt>
      <trkpt lat="-32.677743" lon="-71.363216">
        <ele>215.6</ele>
        <time>2025-04-12T16:29:26Z</time>
      </trkpt>
      <trkpt lat="-32.67778" lon="-71.362823">
        <ele>216.1</ele>
        <time>2025-04-12T16:29:28Z</time>
      </trkpt>
      <trkpt lat="-32.677816" lon="-71.362495">
        <ele>216.0</ele>
        <time>2025-04-12T16:29:30Z</time>
      </trkpt>
      <trkpt lat="-32.677865" lon="-71.362164">
        <ele>215.4</ele>
        <time>2025-04-12T16:29:32Z</time>
      </trkpt>
      <trkpt lat="-32.677962" lon="-71.361848">
        <ele>214.8</ele>
        <time>2025-04-12T16:29:34Z</time>
      </trkpt>
      <trkpt lat="-32.678083" lon="-71.361522">
        <ele>214.3</ele>
        <time>2025-04-12T16:29:36Z</time>
      </trkpt>
      <trkpt lat="-32.678199" lon="-71.361212">
        <ele>213.0</ele>
        <time>2025-04-12T16:29:38Z</time>
      </trkpt>
      <trkpt lat="-32.678288" lon="-71.360915">
        <ele>211.9</ele>
        <time>2025-04-12T16:29:40Z</time>
      </trkpt>
      <trkpt lat="-32.678383" lon="-71.360704">
        <ele>211.1</ele>
        <time>2025-04-12T16:29:42Z</time>
      </trkpt>
      <trkpt lat="-32.678437" lon="-71.360594">
        <ele>210.4</ele>
        <time>2025-04-12T16:29:44Z</time>
      </trkpt>
      <trkpt lat="-32.678499" lon="-71.36042">
        <ele>209.8</ele>
        <time>2025-04-12T16:29:46Z</time>
      </trkpt>
      <trkpt lat="-32.678563" lon="-71.360229">
        <ele>209.9</ele>
        <time>2025-04-12T16:29:48Z</time>
      </trkpt>
      <trkpt lat="-32.678606" lon="-71.360115">
        <ele>210.0</ele>
        <time>2025-04-12T16:29:50Z</time>
      </trkpt>
      <trkpt lat="-32.678639" lon="-71.360049">
        <ele>210.1</ele>
        <time>2025-04-12T16:29:52Z</time>
      </trkpt>
      <trkpt lat="-32.678695" lon="-71.359956">
        <ele>210.2</ele>
        <time>2025-04-12T16:29:54Z</time>
      </trkpt>
      <trkpt lat="-32.6788" lon="-71.359799">
        <ele>211.0</ele>
        <time>2025-04-12T16:29:56Z</time>
      </trkpt>
      <trkpt lat="-32.678942" lon="-71.359612">
        <ele>211.8</ele>
        <time>2025-04-12T16:29:58Z</time>
      </trkpt>
      <trkpt lat="-32.679004" lon="-71.359375">
        <ele>212.5</ele>
        <time>2025-04-12T16:30:00Z</time>
      </trkpt>
      <trkpt lat="-32.67902" lon="-71.359115">
        <ele>213.3</ele>
        <time>2025-04-12T16:30:02Z</time>
      </trkpt>
      <trkpt lat="-32.679069" lon="-71.358883">
        <ele>213.1</ele>
        <time>2025-04-12T16:30:04Z</time>
      </trkpt>
      <trkpt lat="-32.679069" lon="-71.358722">
        <ele>212.0</ele>
        <time>2025-04-12T16:30:06Z</time>
      </trkpt>
      <trkpt lat="-32.679007" lon="-71.358565">
        <ele>211.0</ele>
        <time>2025-04-12T16:30:07Z</time>
      </trkpt>
      <trkpt lat="-32.679001" lon="-71.358381">
        <ele>210.4</ele>
        <time>2025-04-12T16:30:09Z</time>
      </trkpt>
      <trkpt lat="-32.679034" lon="-71.358218">
        <ele>210.2</ele>
        <time>2025-04-12T16:30:11Z</time>
      </trkpt>
      <trkpt lat="-32.679154" lon="-71.358026">
        <ele>210.0</ele>
        <time>2025-04-12T16:30:13Z</time>
      </trkpt>
      <trkpt lat="-32.679282" lon="-71.357764">
        <ele>210.0</ele>
        <time>2025-04-12T16:30:15Z</time>
      </trkpt>
      <trkpt lat="-32.679467" lon="-71.357535">
        <ele>210.7</ele>
        <time>2025-04-12T16:30:17Z</time>
      </trkpt>
      <trkpt lat="-32.679722" lon="-71.357297">
        <ele>212.2</ele>
        <time>2025-04-12T16:30:19Z</time>
      </trkpt>
      <trkpt lat="-32.679983" lon="-71.357067">
        <ele>213.7</ele>
        <time>2025-04-12T16:30:21Z</time>
      </trkpt>
      <trkpt lat="-32.680278" lon="-71.356808">
        <ele>214.8</ele>
        <time>2025-04-12T16:30:23Z</time>
      </trkpt>
      <trkpt lat="-32.680548" lon="-71.356559">
        <ele>215.4</ele>
        <time>2025-04-12T16:30:25Z</time>
      </trkpt>
      <trkpt lat="-32.680754" lon="-71.356308">
        <ele>216.1</ele>
        <time>2025-04-12T16:30:27Z</time>
      </trkpt>
      <trkpt lat="-32.680917" lon="-71.356032">
        <ele>216.9</ele>
        <time>2025-04-12T16:30:29Z</time>
      </trkpt>
      <trkpt lat="-32.681002" lon="-71.355683">
        <ele>218.0</ele>
        <time>2025-04-12T16:30:31Z</time>
      </trkpt>
      <trkpt lat="-32.681146" lon="-71.355349">
        <ele>219.4</ele>
        <time>2025-04-12T16:30:33Z</time>
      </trkpt>
      <trkpt lat="-32.681258" lon="-71.355048">
        <ele>220.6</ele>
        <time>2025-04-12T16:30:35Z</time>
      </trkpt>
      <trkpt lat="-32.681349" lon="-71.354806">
        <ele>220.6</ele>
        <time>2025-04-12T16:30:37Z</time>
      </trkpt>
      <trkpt lat="-32.681341" lon="-71.354535">
        <ele>220.8</ele>
        <time>2025-04-12T16:30:39Z</time>
      </trkpt>
      <trkpt lat="-32.681232" lon="-71.354306">
        <ele>221.6</ele>
        <time>2025-04-12T16:30:41Z</time>
      </trkpt>
      <trkpt lat="-32.681015" lon="-71.354147">
        <ele>222.2</ele>
        <time>2025-04-12T16:30:44Z</time>
      </trkpt>
      <trkpt lat="-32.680782" lon="-71.353967">
        <ele>222.6</ele>
        <time>2025-04-12T16:30:46Z</time>
      </trkpt>
      <trkpt lat="-32.680563" lon="-71.353808">
        <ele>223.0</ele>
        <time>2025-04-12T16:30:48Z</time>
      </trkpt>
      <trkpt lat="-32.680439" lon="-71.353583">
        <ele>223.4</ele>
        <time>2025-04-12T16:30:50Z</time>
      </trkpt>
      <trkpt lat="-32.680395" lon="-71.353329">
        <ele>223.6</ele>
        <time>2025-04-12T16:30:52Z</time>
      </trkpt>
      <trkpt lat="-32.68041" lon="-71.353047">
        <ele>224.1</ele>
        <time>2025-04-12T16:30:54Z</time>
      </trkpt>
      <trkpt lat="-32.680503" lon="-71.352765">
        <ele>224.5</ele>
        <time>2025-04-12T16:30:56Z</time>
      </trkpt>
      <trkpt lat="-32.680614" lon="-71.352489">
        <ele>224.8</ele>
        <time>2025-04-12T16:30:58Z</time>
      </trkpt>
      <trkpt lat="-32.680772" lon="-71.352166">
        <ele>225.0</ele>
        <time>2025-04-12T16:31:00Z</time>
      </trkpt>
      <trkpt lat="-32.680927" lon="-71.351816">
        <ele>225.5</ele>
        <time>2025-04-12T16:31:02Z</time>
      </trkpt>
      <trkpt lat="-32.681079" lon="-71.351511">
        <ele>225.9</ele>
        <time>2025-04-12T16:31:04Z</time>
      </trkpt>
      <trkpt lat="-32.681219" lon="-71.35118">
        <ele>226.1</ele>
        <time>2025-04-12T16:31:06Z</time>
      </trkpt>
      <trkpt lat="-32.681341" lon="-71.350835">
        <ele>226.5</ele>
        <time>2025-04-12T16:31:08Z</time>
      </trkpt>
      <trkpt lat="-32.681476" lon="-71.350496">
        <ele>227.1</ele>
        <time>2025-04-12T16:31:10Z</time>
      </trkpt>
      <trkpt lat="-32.681579" lon="-71.350147">
        <ele>227.9</ele>
        <time>2025-04-12T16:31:12Z</time>
      </trkpt>
      <trkpt lat="-32.681741" lon="-71.349831">
        <ele>228.4</ele>
        <time>2025-04-12T16:31:14Z</time>
      </trkpt>
      <trkpt lat="-32.681955" lon="-71.349545">
        <ele>229.6</ele>
        <time>2025-04-12T16:31:16Z</time>
      </trkpt>
      <trkpt lat="-32.682193" lon="-71.349302">
        <ele>230.8</ele>
        <time>2025-04-12T16:31:18Z</time>
      </trkpt>
      <trkpt lat="-32.682431" lon="-71.349081">
        <ele>231.5</ele>
        <time>2025-04-12T16:31:20Z</time>
      </trkpt>
      <trkpt lat="-32.682654" lon="-71.348791">
        <ele>232.3</ele>
        <time>2025-04-12T16:31:22Z</time>
      </trkpt>
      <trkpt lat="-32.682911" lon="-71.348507">
        <ele>232.8</ele>
        <time>2025-04-12T16:31:24Z</time>
      </trkpt>
      <trkpt lat="-32.683172" lon="-71.348218">
        <ele>233.2</ele>
        <time>2025-04-12T16:31:26Z</time>
      </trkpt>
      <trkpt lat="-32.683409" lon="-71.347953">
        <ele>233.5</ele>
        <time>2025-04-12T16:31:28Z</time>
      </trkpt>
      <trkpt lat="-32.683599" lon="-71.347683">
        <ele>234.0</ele>
        <time>2025-04-12T16:31:30Z</time>
      </trkpt>
      <trkpt lat="-32.68378" lon="-71.347444">
        <ele>234.0</ele>
        <time>2025-04-12T16:31:32Z</time>
      </trkpt>
      <trkpt lat="-32.683907" lon="-71.3472">
        <ele>233.6</ele>
        <time>2025-04-12T16:31:34Z</time>
      </trkpt>
      <trkpt lat="-32.684075" lon="-71.347003">
        <ele>232.6</ele>
        <time>2025-04-12T16:31:36Z</time>
      </trkpt>
      <trkpt lat="-32.684359" lon="-71.346875">
        <ele>232.0</ele>
        <time>2025-04-12T16:31:38Z</time>
      </trkpt>
      <trkpt lat="-32.684614" lon="-71.346769">
        <ele>232.2</ele>
        <time>2025-04-12T16:31:40Z</time>
      </trkpt>
      <trkpt lat="-32.684859" lon="-71.346611">
        <ele>232.9</ele>
        <time>2025-04-12T16:31:42Z</time>
      </trkpt>
      <trkpt lat="-32.685114" lon="-71.346383">
        <ele>234.1</ele>
        <time>2025-04-12T16:31:44Z</time>
      </trkpt>
      <trkpt lat="-32.685352" lon="-71.346144">
        <ele>235.3</ele>
        <time>2025-04-12T16:31:46Z</time>
      </trkpt>
      <trkpt lat="-32.685609" lon="-71.345956">
        <ele>236.1</ele>
        <time>2025-04-12T16:31:48Z</time>
      </trkpt>
      <trkpt lat="-32.685866" lon="-71.34582">
        <ele>236.0</ele>
        <time>2025-04-12T16:31:50Z</time>
      </trkpt>
      <trkpt lat="-32.686093" lon="-71.345619">
        <ele>235.7</ele>
        <time>2025-04-12T16:31:52Z</time>
      </trkpt>
      <trkpt lat="-32.686291" lon="-71.34535">
        <ele>235.7</ele>
        <time>2025-04-12T16:31:54Z</time>
      </trkpt>
      <trkpt lat="-32.686461" lon="-71.345041">
        <ele>236.1</ele>
        <time>2025-04-12T16:31:56Z</time>
      </trkpt>
      <trkpt lat="-32.686605" lon="-71.344745">
        <ele>236.4</ele>
        <time>2025-04-12T16:31:58Z</time>
      </trkpt>
      <trkpt lat="-32.686747" lon="-71.34447">
        <ele>236.6</ele>
        <time>2025-04-12T16:32:00Z</time>
      </trkpt>
      <trkpt lat="-32.686906" lon="-71.344203">
        <ele>237.1</ele>
        <time>2025-04-12T16:32:02Z</time>
      </trkpt>
      <trkpt lat="-32.687063" lon="-71.343953">
        <ele>237.5</ele>
        <time>2025-04-12T16:32:03Z</time>
      </trkpt>
      <trkpt lat="-32.687258" lon="-71.343715">
        <ele>238.7</ele>
        <time>2025-04-12T16:32:05Z</time>
      </trkpt>
      <trkpt lat="-32.687454" lon="-71.343476">
        <ele>239.7</ele>
        <time>2025-04-12T16:32:07Z</time>
      </trkpt>
      <trkpt lat="-32.68767" lon="-71.343238">
        <ele>240.7</ele>
        <time>2025-04-12T16:32:09Z</time>
      </trkpt>
      <trkpt lat="-32.687869" lon="-71.343017">
        <ele>241.3</ele>
        <time>2025-04-12T16:32:11Z</time>
      </trkpt>
      <trkpt lat="-32.688042" lon="-71.342765">
        <ele>241.8</ele>
        <time>2025-04-12T16:32:13Z</time>
      </trkpt>
      <trkpt lat="-32.688145" lon="-71.34245">
        <ele>242.2</ele>
        <time>2025-04-12T16:32:15Z</time>
      </trkpt>
      <trkpt lat="-32.68825" lon="-71.342152">
        <ele>242.7</ele>
        <time>2025-04-12T16:32:17Z</time>
      </trkpt>
      <trkpt lat="-32.688424" lon="-71.341882">
        <ele>242.9</ele>
        <time>2025-04-12T16:32:19Z</time>
      </trkpt>
      <trkpt lat="-32.68858" lon="-71.341651">
        <ele>243.2</ele>
        <time>2025-04-12T16:32:21Z</time>
      </trkpt>
      <trkpt lat="-32.688802" lon="-71.341469">
        <ele>243.7</ele>
        <time>2025-04-12T16:32:23Z</time>
      </trkpt>
      <trkpt lat="-32.689035" lon="-71.341288">
        <ele>243.9</ele>
        <time>2025-04-12T16:32:25Z</time>
      </trkpt>
      <trkpt lat="-32.689277" lon="-71.341101">
        <ele>244.3</ele>
        <time>2025-04-12T16:32:27Z</time>
      </trkpt>
      <trkpt lat="-32.689487" lon="-71.340953">
        <ele>244.6</ele>
        <time>2025-04-12T16:32:29Z</time>
      </trkpt>
      <trkpt lat="-32.689659" lon="-71.340853">
        <ele>245.5</ele>
        <time>2025-04-12T16:32:31Z</time>
      </trkpt>
      <trkpt lat="-32.689805" lon="-71.340788">
        <ele>246.3</ele>
        <time>2025-04-12T16:32:33Z</time>
      </trkpt>
      <trkpt lat="-32.689964" lon="-71.340759">
        <ele>247.1</ele>
        <time>2025-04-12T16:32:35Z</time>
      </trkpt>
      <trkpt lat="-32.690091" lon="-71.340705">
        <ele>247.8</ele>
        <time>2025-04-12T16:32:37Z</time>
      </trkpt>
      <trkpt lat="-32.690242" lon="-71.340656">
        <ele>248.1</ele>
        <time>2025-04-12T16:32:39Z</time>
      </trkpt>
      <trkpt lat="-32.690441" lon="-71.340694">
        <ele>247.8</ele>
        <time>2025-04-12T16:32:41Z</time>
      </trkpt>
      <trkpt lat="-32.690645" lon="-71.340737">
        <ele>247.2</ele>
        <time>2025-04-12T16:32:43Z</time>
      </trkpt>
      <trkpt lat="-32.690787" lon="-71.340713">
        <ele>247.1</ele>
        <time>2025-04-12T16:32:45Z</time>
      </trkpt>
      <trkpt lat="-32.690902" lon="-71.340614">
        <ele>247.4</ele>
        <time>2025-04-12T16:32:47Z</time>
      </trkpt>
      <trkpt lat="-32.69102" lon="-71.340493">
        <ele>248.1</ele>
        <time>2025-04-12T16:32:50Z</time>
      </trkpt>
      <trkpt lat="-32.69114" lon="-71.340362">
        <ele>249.1</ele>
        <time>2025-04-12T16:32:52Z</time>
      </trkpt>
      <trkpt lat="-32.691237" lon="-71.340225">
        <ele>250.1</ele>
        <time>2025-04-12T16:32:54Z</time>
      </trkpt>
      <trkpt lat="-32.69131" lon="-71.340137">
        <ele>250.7</ele>
        <time>2025-04-12T16:32:56Z</time>
      </trkpt>
      <trkpt lat="-32.691377" lon="-71.340037">
        <ele>250.6</ele>
        <time>2025-04-12T16:32:58Z</time>
      </trkpt>
      <trkpt lat="-32.691437" lon="-71.339908">
        <ele>250.1</ele>
        <time>2025-04-12T16:33:00Z</time>
      </trkpt>
      <trkpt lat="-32.69147" lon="-71.339778">
        <ele>249.7</ele>
        <time>2025-04-12T16:33:02Z</time>
      </trkpt>
      <trkpt lat="-32.691504" lon="-71.339659">
        <ele>249.3</ele>
        <time>2025-04-12T16:33:04Z</time>
      </trkpt>
      <trkpt lat="-32.691549" lon="-71.339539">
        <ele>249.2</ele>
        <time>2025-04-12T16:33:06Z</time>
      </trkpt>
      <trkpt lat="-32.691591" lon="-71.33942">
        <ele>249.3</ele>
        <time>2025-04-12T16:33:08Z</time>
      </trkpt>
      <trkpt lat="-32.691613" lon="-71.339364">
        <ele>249.4</ele>
        <time>2025-04-12T16:33:10Z</time>
      </trkpt>
      <trkpt lat="-32.691633" lon="-71.339274">
        <ele>249.8</ele>
        <time>2025-04-12T16:33:12Z</time>
      </trkpt>
      <trkpt lat="-32.691669" lon="-71.339133">
        <ele>250.8</ele>
        <time>2025-04-12T16:33:14Z</time>
      </trkpt>
      <trkpt lat="-32.691693" lon="-71.338979">
        <ele>252.3</ele>
        <time>2025-04-12T16:33:16Z</time>
      </trkpt>
      <trkpt lat="-32.691701" lon="-71.338813">
        <ele>254.8</ele>
        <time>2025-04-12T16:33:18Z</time>
      </trkpt>
      <trkpt lat="-32.691714" lon="-71.338626">
        <ele>256.4</ele>
        <time>2025-04-12T16:33:20Z</time>
      </trkpt>
      <trkpt lat="-32.691731" lon="-71.338434">
        <ele>258.9</ele>
        <time>2025-04-12T16:33:22Z</time>
      </trkpt>
      <trkpt lat="-32.69174" lon="-71.338229">
        <ele>260.5</ele>
        <time>2025-04-12T16:33:24Z</time>
      </trkpt>
      <trkpt lat="-32.691742" lon="-71.338062">
        <ele>261.9</ele>
        <time>2025-04-12T16:33:26Z</time>
      </trkpt>
      <trkpt lat="-32.691744" lon="-71.337875">
        <ele>262.1</ele>
        <time>2025-04-12T16:33:28Z</time>
      </trkpt>
      <trkpt lat="-32.691746" lon="-71.337676">
        <ele>262.0</ele>
        <time>2025-04-12T16:33:30Z</time>
      </trkpt>
      <trkpt lat="-32.691751" lon="-71.337492">
        <ele>261.1</ele>
        <time>2025-04-12T16:33:32Z</time>
      </trkpt>
      <trkpt lat="-32.691802" lon="-71.337306">
        <ele>260.3</ele>
        <time>2025-04-12T16:33:34Z</time>
      </trkpt>
      <trkpt lat="-32.691926" lon="-71.337126">
        <ele>259.2</ele>
        <time>2025-04-12T16:33:36Z</time>
      </trkpt>
      <trkpt lat="-32.692103" lon="-71.336992">
        <ele>258.6</ele>
        <time>2025-04-12T16:33:38Z</time>
      </trkpt>
      <trkpt lat="-32.692287" lon="-71.336845">
        <ele>258.5</ele>
        <time>2025-04-12T16:33:40Z</time>
      </trkpt>
      <trkpt lat="-32.692493" lon="-71.336728">
        <ele>259.6</ele>
        <time>2025-04-12T16:33:42Z</time>
      </trkpt>
      <trkpt lat="-32.692726" lon="-71.336647">
        <ele>260.9</ele>
        <time>2025-04-12T16:33:44Z</time>
      </trkpt>
      <trkpt lat="-32.692918" lon="-71.336512">
        <ele>262.4</ele>
        <time>2025-04-12T16:33:46Z</time>
      </trkpt>
      <trkpt lat="-32.693091" lon="-71.336294">
        <ele>263.1</ele>
        <time>2025-04-12T16:33:48Z</time>
      </trkpt>
      <trkpt lat="-32.693236" lon="-71.33604">
        <ele>264.3</ele>
        <time>2025-04-12T16:33:50Z</time>
      </trkpt>
      <trkpt lat="-32.693397" lon="-71.335743">
        <ele>265.5</ele>
        <time>2025-04-12T16:33:52Z</time>
      </trkpt>
      <trkpt lat="-32.693511" lon="-71.335455">
        <ele>266.7</ele>
        <time>2025-04-12T16:33:54Z</time>
      </trkpt>
      <trkpt lat="-32.693627" lon="-71.335155">
        <ele>268.3</ele>
        <time>2025-04-12T16:33:56Z</time>
      </trkpt>
      <trkpt lat="-32.693739" lon="-71.334876">
        <ele>270.4</ele>
        <time>2025-04-12T16:33:58Z</time>
      </trkpt>
      <trkpt lat="-32.693892" lon="-71.334652">
        <ele>272.7</ele>
        <time>2025-04-12T16:34:00Z</time>
      </trkpt>
      <trkpt lat="-32.694014" lon="-71.334479">
        <ele>275.0</ele>
        <time>2025-04-12T16:34:02Z</time>
      </trkpt>
      <trkpt lat="-32.694173" lon="-71.334423">
        <ele>277.5</ele>
        <time>2025-04-12T16:34:04Z</time>
      </trkpt>
      <trkpt lat="-32.694321" lon="-71.334447">
        <ele>278.7</ele>
        <time>2025-04-12T16:34:06Z</time>
      </trkpt>
      <trkpt lat="-32.694382" lon="-71.334334">
        <ele>281.2</ele>
        <time>2025-04-12T16:34:08Z</time>
      </trkpt>
      <trkpt lat="-32.694366" lon="-71.334185">
        <ele>283.4</ele>
        <time>2025-04-12T16:34:10Z</time>
      </trkpt>
      <trkpt lat="-32.694412" lon="-71.334001">
        <ele>286.5</ele>
        <time>2025-04-12T16:34:12Z</time>
      </trkpt>
      <trkpt lat="-32.694492" lon="-71.333814">
        <ele>288.5</ele>
        <time>2025-04-12T16:34:14Z</time>
      </trkpt>
      <trkpt lat="-32.694612" lon="-71.333617">
        <ele>290.5</ele>
        <time>2025-04-12T16:34:16Z</time>
      </trkpt>
      <trkpt lat="-32.694759" lon="-71.333443">
        <ele>293.4</ele>
        <time>2025-04-12T16:34:17Z</time>
      </trkpt>
      <trkpt lat="-32.694939" lon="-71.3333">
        <ele>295.6</ele>
        <time>2025-04-12T16:34:19Z</time>
      </trkpt>
      <trkpt lat="-32.695065" lon="-71.333082">
        <ele>299.3</ele>
        <time>2025-04-12T16:34:21Z</time>
      </trkpt>
      <trkpt lat="-32.695216" lon="-71.332861">
        <ele>301.6</ele>
        <time>2025-04-12T16:34:23Z</time>
      </trkpt>
      <trkpt lat="-32.695399" lon="-71.33269">
        <ele>304.5</ele>
        <time>2025-04-12T16:34:25Z</time>
      </trkpt>
      <trkpt lat="-32.695581" lon="-71.332543">
        <ele>306.4</ele>
        <time>2025-04-12T16:34:27Z</time>
      </trkpt>
      <trkpt lat="-32.695772" lon="-71.332421">
        <ele>308.4</ele>
        <time>2025-04-12T16:34:29Z</time>
      </trkpt>
      <trkpt lat="-32.696021" lon="-71.332363">
        <ele>311.0</ele>
        <time>2025-04-12T16:34:31Z</time>
      </trkpt>
      <trkpt lat="-32.696267" lon="-71.332323">
        <ele>313.6</ele>
        <time>2025-04-12T16:34:33Z</time>
      </trkpt>
      <trkpt lat="-32.696486" lon="-71.332235">
        <ele>316.1</ele>
        <time>2025-04-12T16:34:35Z</time>
      </trkpt>
      <trkpt lat="-32.696701" lon="-71.332241">
        <ele>318.6</ele>
        <time>2025-04-12T16:34:37Z</time>
      </trkpt>
      <trkpt lat="-32.696953" lon="-71.332304">
        <ele>321.1</ele>
        <time>2025-04-12T16:34:39Z</time>
      </trkpt>
      <trkpt lat="-32.697179" lon="-71.332385">
        <ele>322.0</ele>
        <time>2025-04-12T16:34:41Z</time>
      </trkpt>
      <trkpt lat="-32.69733" lon="-71.33255">
        <ele>322.9</ele>
        <time>2025-04-12T16:34:43Z</time>
      </trkpt>
      <trkpt lat="-32.697376" lon="-71.332719">
        <ele>323.0</ele>
        <time>2025-04-12T16:34:45Z</time>
      </trkpt>
      <trkpt lat="-32.697452" lon="-71.332833">
        <ele>322.7</ele>
        <time>2025-04-12T16:34:47Z</time>
      </trkpt>
      <trkpt lat="-32.697572" lon="-71.332809">
        <ele>322.6</ele>
        <time>2025-04-12T16:34:49Z</time>
      </trkpt>
      <trkpt lat="-32.697678" lon="-71.332746">
        <ele>322.6</ele>
        <time>2025-04-12T16:34:51Z</time>
      </trkpt>
      <trkpt lat="-32.697815" lon="-71.332793">
        <ele>322.8</ele>
        <time>2025-04-12T16:34:53Z</time>
      </trkpt>
      <trkpt lat="-32.697967" lon="-71.332914">
        <ele>324.2</ele>
        <time>2025-04-12T16:34:56Z</time>
      </trkpt>
      <trkpt lat="-32.698161" lon="-71.332996">
        <ele>325.7</ele>
        <time>2025-04-12T16:34:58Z</time>
      </trkpt>
      <trkpt lat="-32.698372" lon="-71.333081">
        <ele>327.2</ele>
        <time>2025-04-12T16:35:00Z</time>
      </trkpt>
      <trkpt lat="-32.69853" lon="-71.333228">
        <ele>329.5</ele>
        <time>2025-04-12T16:35:02Z</time>
      </trkpt>
      <trkpt lat="-32.698712" lon="-71.333345">
        <ele>331.1</ele>
        <time>2025-04-12T16:35:04Z</time>
      </trkpt>
      <trkpt lat="-32.698903" lon="-71.333401">
        <ele>333.1</ele>
        <time>2025-04-12T16:35:06Z</time>
      </trkpt>
      <trkpt lat="-32.699045" lon="-71.333475">
        <ele>333.9</ele>
        <time>2025-04-12T16:35:08Z</time>
      </trkpt>
      <trkpt lat="-32.699164" lon="-71.333596">
        <ele>334.3</ele>
        <time>2025-04-12T16:35:10Z</time>
      </trkpt>
      <trkpt lat="-32.69928" lon="-71.333675">
        <ele>334.7</ele>
        <time>2025-04-12T16:35:12Z</time>
      </trkpt>
      <trkpt lat="-32.699376" lon="-71.33362">
        <ele>334.3</ele>
        <time>2025-04-12T16:35:14Z</time>
      </trkpt>
      <trkpt lat="-32.6994" lon="-71.333514">
        <ele>334.0</ele>
        <time>2025-04-12T16:35:16Z</time>
      </trkpt>
      <trkpt lat="-32.69935" lon="-71.333409">
        <ele>334.9</ele>
        <time>2025-04-12T16:35:18Z</time>
      </trkpt>
      <trkpt lat="-32.699307" lon="-71.333289">
        <ele>336.0</ele>
        <time>2025-04-12T16:35:20Z</time>
      </trkpt>
      <trkpt lat="-32.699307" lon="-71.333191">
        <ele>336.2</ele>
        <time>2025-04-12T16:35:22Z</time>
      </trkpt>
      <trkpt lat="-32.69932" lon="-71.333071">
        <ele>336.7</ele>
        <time>2025-04-12T16:35:24Z</time>
      </trkpt>
      <trkpt lat="-32.699257" lon="-71.332926">
        <ele>338.4</ele>
        <time>2025-04-12T16:35:26Z</time>
      </trkpt>
      <trkpt lat="-32.699138" lon="-71.332835">
        <ele>339.5</ele>
        <time>2025-04-12T16:35:28Z</time>
      </trkpt>
      <trkpt lat="-32.698996" lon="-71.332737">
        <ele>340.8</ele>
        <time>2025-04-12T16:35:30Z</time>
      </trkpt>
      <trkpt lat="-32.69886" lon="-71.332597">
        <ele>341.3</ele>
        <time>2025-04-12T16:35:32Z</time>
      </trkpt>
      <trkpt lat="-32.698796" lon="-71.33242">
        <ele>342.1</ele>
        <time>2025-04-12T16:35:34Z</time>
      </trkpt>
      <trkpt lat="-32.698763" lon="-71.332231">
        <ele>344.0</ele>
        <time>2025-04-12T16:35:36Z</time>
      </trkpt>
      <trkpt lat="-32.698745" lon="-71.332037">
        <ele>344.9</ele>
        <time>2025-04-12T16:35:38Z</time>
      </trkpt>
      <trkpt lat="-32.698794" lon="-71.33183">
        <ele>346.9</ele>
        <time>2025-04-12T16:35:40Z</time>
      </trkpt>
      <trkpt lat="-32.698913" lon="-71.331667">
        <ele>348.8</ele>
        <time>2025-04-12T16:35:42Z</time>
      </trkpt>
      <trkpt lat="-32.699068" lon="-71.331542">
        <ele>351.4</ele>
        <time>2025-04-12T16:35:44Z</time>
      </trkpt>
      <trkpt lat="-32.699181" lon="-71.331416">
        <ele>352.8</ele>
        <time>2025-04-12T16:35:46Z</time>
      </trkpt>
      <trkpt lat="-32.699284" lon="-71.331295">
        <ele>354.2</ele>
        <time>2025-04-12T16:35:48Z</time>
      </trkpt>
      <trkpt lat="-32.699382" lon="-71.331204">
        <ele>356.7</ele>
        <time>2025-04-12T16:35:50Z</time>
      </trkpt>
      <trkpt lat="-32.699464" lon="-71.331127">
        <ele>358.0</ele>
        <time>2025-04-12T16:35:52Z</time>
      </trkpt>
      <trkpt lat="-32.699501" lon="-71.33102">
        <ele>359.3</ele>
        <time>2025-04-12T16:35:54Z</time>
      </trkpt>
      <trkpt lat="-32.699477" lon="-71.330921">
        <ele>359.6</ele>
        <time>2025-04-12T16:35:56Z</time>
      </trkpt>
      <trkpt lat="-32.699387" lon="-71.330873">
        <ele>359.9</ele>
        <time>2025-04-12T16:35:58Z</time>
      </trkpt>
      <trkpt lat="-32.699295" lon="-71.330877">
        <ele>360.0</ele>
        <time>2025-04-12T16:36:00Z</time>
      </trkpt>
      <trkpt lat="-32.699192" lon="-71.330819">
        <ele>360.3</ele>
        <time>2025-04-12T16:36:02Z</time>
      </trkpt>
      <trkpt lat="-32.699085" lon="-71.33072">
        <ele>361.2</ele>
        <time>2025-04-12T16:36:04Z</time>
      </trkpt>
      <trkpt lat="-32.698995" lon="-71.330583">
        <ele>362.0</ele>
        <time>2025-04-12T16:36:06Z</time>
      </trkpt>
      <trkpt lat="-32.698944" lon="-71.330424">
        <ele>363.1</ele>
        <time>2025-04-12T16:36:08Z</time>
      </trkpt>
      <trkpt lat="-32.698831" lon="-71.330321">
        <ele>365.1</ele>
        <time>2025-04-12T16:36:10Z</time>
      </trkpt>
      <trkpt lat="-32.698698" lon="-71.330239">
        <ele>366.2</ele>
        <time>2025-04-12T16:36:12Z</time>
      </trkpt>
      <trkpt lat="-32.698603" lon="-71.330091">
        <ele>367.3</ele>
        <time>2025-04-12T16:36:14Z</time>
      </trkpt>
      <trkpt lat="-32.698551" lon="-71.329882">
        <ele>369.0</ele>
        <time>2025-04-12T16:36:16Z</time>
      </trkpt>
      <trkpt lat="-32.698544" lon="-71.329687">
        <ele>372.1</ele>
        <time>2025-04-12T16:36:18Z</time>
      </trkpt>
      <trkpt lat="-32.698552" lon="-71.329507">
        <ele>373.8</ele>
        <time>2025-04-12T16:36:20Z</time>
      </trkpt>
      <trkpt lat="-32.698564" lon="-71.329321">
        <ele>375.1</ele>
        <time>2025-04-12T16:36:22Z</time>
      </trkpt>
      <trkpt lat="-32.698619" lon="-71.329144">
        <ele>377.3</ele>
        <time>2025-04-12T16:36:24Z</time>
      </trkpt>
      <trkpt lat="-32.698716" lon="-71.328998">
        <ele>379.2</ele>
        <time>2025-04-12T16:36:26Z</time>
      </trkpt>
      <trkpt lat="-32.698846" lon="-71.328844">
        <ele>382.6</ele>
        <time>2025-04-12T16:36:28Z</time>
      </trkpt>
      <trkpt lat="-32.698931" lon="-71.328671">
        <ele>384.8</ele>
        <time>2025-04-12T16:36:30Z</time>
      </trkpt>
      <trkpt lat="-32.698983" lon="-71.328479">
        <ele>386.7</ele>
        <time>2025-04-12T16:36:32Z</time>
      </trkpt>
      <trkpt lat="-32.699009" lon="-71.328241">
        <ele>389.0</ele>
        <time>2025-04-12T16:36:34Z</time>
      </trkpt>
      <trkpt lat="-32.698997" lon="-71.327982">
        <ele>390.2</ele>
        <time>2025-04-12T16:36:36Z</time>
      </trkpt>
      <trkpt lat="-32.698951" lon="-71.32777">
        <ele>391.2</ele>
        <time>2025-04-12T16:36:38Z</time>
      </trkpt>
      <trkpt lat="-32.698982" lon="-71.327579">
        <ele>391.9</ele>
        <time>2025-04-12T16:36:39Z</time>
      </trkpt>
      <trkpt lat="-32.699159" lon="-71.327431">
        <ele>393.2</ele>
        <time>2025-04-12T16:36:41Z</time>
      </trkpt>
      <trkpt lat="-32.699304" lon="-71.327278">
        <ele>395.0</ele>
        <time>2025-04-12T16:36:43Z</time>
      </trkpt>
      <trkpt lat="-32.699502" lon="-71.327144">
        <ele>398.0</ele>
        <time>2025-04-12T16:36:45Z</time>
      </trkpt>
      <trkpt lat="-32.699743" lon="-71.327083">
        <ele>400.8</ele>
        <time>2025-04-12T16:36:47Z</time>
      </trkpt>
      <trkpt lat="-32.699935" lon="-71.327015">
        <ele>403.0</ele>
        <time>2025-04-12T16:36:49Z</time>
      </trkpt>
      <trkpt lat="-32.700144" lon="-71.326936">
        <ele>403.9</ele>
        <time>2025-04-12T16:36:51Z</time>
      </trkpt>
      <trkpt lat="-32.700296" lon="-71.326772">
        <ele>407.0</ele>
        <time>2025-04-12T16:36:53Z</time>
      </trkpt>
      <trkpt lat="-32.700477" lon="-71.326654">
        <ele>409.1</ele>
        <time>2025-04-12T16:36:55Z</time>
      </trkpt>
      <trkpt lat="-32.700679" lon="-71.326629">
        <ele>411.8</ele>
        <time>2025-04-12T16:36:57Z</time>
      </trkpt>
      <trkpt lat="-32.700884" lon="-71.326656">
        <ele>413.7</ele>
        <time>2025-04-12T16:36:59Z</time>
      </trkpt>
      <trkpt lat="-32.701064" lon="-71.326624">
        <ele>415.7</ele>
        <time>2025-04-12T16:37:02Z</time>
      </trkpt>
      <trkpt lat="-32.701209" lon="-71.326509">
        <ele>418.7</ele>
        <time>2025-04-12T16:37:04Z</time>
      </trkpt>
      <trkpt lat="-32.701366" lon="-71.326439">
        <ele>419.8</ele>
        <time>2025-04-12T16:37:06Z</time>
      </trkpt>
      <trkpt lat="-32.701519" lon="-71.326419">
        <ele>419.8</ele>
        <time>2025-04-12T16:37:08Z</time>
      </trkpt>
      <trkpt lat="-32.701663" lon="-71.32653">
        <ele>420.2</ele>
        <time>2025-04-12T16:37:10Z</time>
      </trkpt>
      <trkpt lat="-32.701694" lon="-71.326748">
        <ele>421.5</ele>
        <time>2025-04-12T16:37:12Z</time>
      </trkpt>
      <trkpt lat="-32.70171" lon="-71.326983">
        <ele>422.4</ele>
        <time>2025-04-12T16:37:14Z</time>
      </trkpt>
      <trkpt lat="-32.701731" lon="-71.327224">
        <ele>423.4</ele>
        <time>2025-04-12T16:37:16Z</time>
      </trkpt>
      <trkpt lat="-32.701717" lon="-71.327485">
        <ele>425.3</ele>
        <time>2025-04-12T16:37:18Z</time>
      </trkpt>
      <trkpt lat="-32.70169" lon="-71.327696">
        <ele>426.1</ele>
        <time>2025-04-12T16:37:20Z</time>
      </trkpt>
      <trkpt lat="-32.701755" lon="-71.327833">
        <ele>426.8</ele>
        <time>2025-04-12T16:37:22Z</time>
      </trkpt>
      <trkpt lat="-32.70191" lon="-71.327909">
        <ele>427.5</ele>
        <time>2025-04-12T16:37:24Z</time>
      </trkpt>
      <trkpt lat="-32.702038" lon="-71.328049">
        <ele>428.4</ele>
        <time>2025-04-12T16:37:26Z</time>
      </trkpt>
      <trkpt lat="-32.702147" lon="-71.328237">
        <ele>429.6</ele>
        <time>2025-04-12T16:37:28Z</time>
      </trkpt>
      <trkpt lat="-32.702216" lon="-71.328443">
        <ele>430.6</ele>
        <time>2025-04-12T16:37:30Z</time>
      </trkpt>
      <trkpt lat="-32.702248" lon="-71.328699">
        <ele>432.3</ele>
        <time>2025-04-12T16:37:32Z</time>
      </trkpt>
      <trkpt lat="-32.702249" lon="-71.328965">
        <ele>433.4</ele>
        <time>2025-04-12T16:37:34Z</time>
      </trkpt>
      <trkpt lat="-32.70217" lon="-71.329214">
        <ele>434.4</ele>
        <time>2025-04-12T16:37:36Z</time>
      </trkpt>
      <trkpt lat="-32.702098" lon="-71.329369">
        <ele>435.3</ele>
        <time>2025-04-12T16:37:38Z</time>
      </trkpt>
      <trkpt lat="-32.702089" lon="-71.329494">
        <ele>435.9</ele>
        <time>2025-04-12T16:37:40Z</time>
      </trkpt>
      <trkpt lat="-32.702149" lon="-71.329577">
        <ele>436.8</ele>
        <time>2025-04-12T16:37:42Z</time>
      </trkpt>
      <trkpt lat="-32.702245" lon="-71.329565">
        <ele>437.2</ele>
        <time>2025-04-12T16:37:44Z</time>
      </trkpt>
      <trkpt lat="-32.702442" lon="-71.329562">
        <ele>437.7</ele>
        <time>2025-04-12T16:37:46Z</time>
      </trkpt>
      <trkpt lat="-32.702597" lon="-71.329637">
        <ele>437.7</ele>
        <time>2025-04-12T16:37:48Z</time>
      </trkpt>
      <trkpt lat="-32.702672" lon="-71.329852">
        <ele>438.0</ele>
        <time>2025-04-12T16:37:50Z</time>
      </trkpt>
      <trkpt lat="-32.702686" lon="-71.330002">
        <ele>438.5</ele>
        <time>2025-04-12T16:37:52Z</time>
      </trkpt>
      <trkpt lat="-32.702804" lon="-71.33009">
        <ele>438.6</ele>
        <time>2025-04-12T16:37:54Z</time>
      </trkpt>
      <trkpt lat="-32.702989" lon="-71.33004">
        <ele>439.6</ele>
        <time>2025-04-12T16:37:56Z</time>
      </trkpt>
      <trkpt lat="-32.703166" lon="-71.329958">
        <ele>440.3</ele>
        <time>2025-04-12T16:37:58Z</time>
      </trkpt>
      <trkpt lat="-32.703285" lon="-71.329999">
        <ele>440.8</ele>
        <time>2025-04-12T16:38:00Z</time>
      </trkpt>
      <trkpt lat="-32.703354" lon="-71.330169">
        <ele>442.0</ele>
        <time>2025-04-12T16:38:02Z</time>
      </trkpt>
      <trkpt lat="-32.703414" lon="-71.33037">
        <ele>443.0</ele>
        <time>2025-04-12T16:38:04Z</time>
      </trkpt>
      <trkpt lat="-32.703409" lon="-71.330614">
        <ele>444.2</ele>
        <time>2025-04-12T16:38:06Z</time>
      </trkpt>
      <trkpt lat="-32.703328" lon="-71.330866">
        <ele>444.4</ele>
        <time>2025-04-12T16:38:08Z</time>
      </trkpt>
      <trkpt lat="-32.703212" lon="-71.331042">
        <ele>443.2</ele>
        <time>2025-04-12T16:38:10Z</time>
      </trkpt>
      <trkpt lat="-32.703183" lon="-71.331201">
        <ele>442.1</ele>
        <time>2025-04-12T16:38:12Z</time>
      </trkpt>
      <trkpt lat="-32.703212" lon="-71.331305">
        <ele>441.3</ele>
        <time>2025-04-12T16:38:14Z</time>
      </trkpt>
      <trkpt lat="-32.703213" lon="-71.33138">
        <ele>440.8</ele>
        <time>2025-04-12T16:38:16Z</time>
      </trkpt>
      <trkpt lat="-32.703165" lon="-71.331356">
        <ele>440.9</ele>
        <time>2025-04-12T16:38:18Z</time>
      </trkpt>
      <trkpt lat="-32.703125" lon="-71.33127">
        <ele>441.4</ele>
        <time>2025-04-12T16:38:20Z</time>
      </trkpt>
      <trkpt lat="-32.703104" lon="-71.331148">
        <ele>441.8</ele>
        <time>2025-04-12T16:38:22Z</time>
      </trkpt>
      <trkpt lat="-32.703124" lon="-71.33098">
        <ele>442.5</ele>
        <time>2025-04-12T16:38:24Z</time>
      </trkpt>
      <trkpt lat="-32.703134" lon="-71.330786">
        <ele>444.5</ele>
        <time>2025-04-12T16:38:26Z</time>
      </trkpt>
      <trkpt lat="-32.703033" lon="-71.330606">
        <ele>446.4</ele>
        <time>2025-04-12T16:38:28Z</time>
      </trkpt>
      <trkpt lat="-32.702866" lon="-71.330523">
        <ele>448.8</ele>
        <time>2025-04-12T16:38:30Z</time>
      </trkpt>
      <trkpt lat="-32.702718" lon="-71.330605">
        <ele>450.3</ele>
        <time>2025-04-12T16:38:32Z</time>
      </trkpt>
      <trkpt lat="-32.702639" lon="-71.330858">
        <ele>453.3</ele>
        <time>2025-04-12T16:38:34Z</time>
      </trkpt>
      <trkpt lat="-32.702652" lon="-71.331122">
        <ele>455.2</ele>
        <time>2025-04-12T16:38:36Z</time>
      </trkpt>
      <trkpt lat="-32.702661" lon="-71.33134">
        <ele>456.5</ele>
        <time>2025-04-12T16:38:38Z</time>
      </trkpt>
      <trkpt lat="-32.702692" lon="-71.331525">
        <ele>457.9</ele>
        <time>2025-04-12T16:38:40Z</time>
      </trkpt>
      <trkpt lat="-32.702706" lon="-71.331717">
        <ele>458.9</ele>
        <time>2025-04-12T16:38:42Z</time>
      </trkpt>
      <trkpt lat="-32.702692" lon="-71.331908">
        <ele>460.5</ele>
        <time>2025-04-12T16:38:44Z</time>
      </trkpt>
      <trkpt lat="-32.702718" lon="-71.332097">
        <ele>461.6</ele>
        <time>2025-04-12T16:38:46Z</time>
      </trkpt>
      <trkpt lat="-32.702714" lon="-71.332274">
        <ele>462.7</ele>
        <time>2025-04-12T16:38:48Z</time>
      </trkpt>
      <trkpt lat="-32.702729" lon="-71.332429">
        <ele>464.9</ele>
        <time>2025-04-12T16:38:50Z</time>
      </trkpt>
      <trkpt lat="-32.702747" lon="-71.332601">
        <ele>467.0</ele>
        <time>2025-04-12T16:38:52Z</time>
      </trkpt>
      <trkpt lat="-32.702779" lon="-71.332755">
        <ele>470.2</ele>
        <time>2025-04-12T16:38:54Z</time>
      </trkpt>
      <trkpt lat="-32.702806" lon="-71.332941">
        <ele>472.2</ele>
        <time>2025-04-12T16:38:56Z</time>
      </trkpt>
      <trkpt lat="-32.702817" lon="-71.333169">
        <ele>474.2</ele>
        <time>2025-04-12T16:38:58Z</time>
      </trkpt>
      <trkpt lat="-32.702826" lon="-71.333436">
        <ele>477.1</ele>
        <time>2025-04-12T16:39:00Z</time>
      </trkpt>
      <trkpt lat="-32.70284" lon="-71.333688">
        <ele>479.0</ele>
        <time>2025-04-12T16:39:02Z</time>
      </trkpt>
      <trkpt lat="-32.702843" lon="-71.333944">
        <ele>482.0</ele>
        <time>2025-04-12T16:39:04Z</time>
      </trkpt>
      <trkpt lat="-32.702857" lon="-71.334229">
        <ele>483.4</ele>
        <time>2025-04-12T16:39:06Z</time>
      </trkpt>
      <trkpt lat="-32.70284" lon="-71.33451">
        <ele>482.7</ele>
        <time>2025-04-12T16:39:08Z</time>
      </trkpt>
      <trkpt lat="-32.702798" lon="-71.334803">
        <ele>481.6</ele>
        <time>2025-04-12T16:39:10Z</time>
      </trkpt>
      <trkpt lat="-32.70275" lon="-71.335108">
        <ele>478.9</ele>
        <time>2025-04-12T16:39:12Z</time>
      </trkpt>
      <trkpt lat="-32.702697" lon="-71.335385">
        <ele>475.9</ele>
        <time>2025-04-12T16:39:14Z</time>
      </trkpt>
      <trkpt lat="-32.702644" lon="-71.335669">
        <ele>473.2</ele>
        <time>2025-04-12T16:39:16Z</time>
      </trkpt>
      <trkpt lat="-32.702517" lon="-71.33592">
        <ele>471.5</ele>
        <time>2025-04-12T16:39:18Z</time>
      </trkpt>
      <trkpt lat="-32.702321" lon="-71.33605">
        <ele>471.8</ele>
        <time>2025-04-12T16:39:20Z</time>
      </trkpt>
      <trkpt lat="-32.702119" lon="-71.336191">
        <ele>474.7</ele>
        <time>2025-04-12T16:39:22Z</time>
      </trkpt>
      <trkpt lat="-32.701956" lon="-71.336339">
        <ele>478.3</ele>
        <time>2025-04-12T16:39:24Z</time>
      </trkpt>
      <trkpt lat="-32.701887" lon="-71.336528">
        <ele>481.4</ele>
        <time>2025-04-12T16:39:26Z</time>
      </trkpt>
      <trkpt lat="-32.701961" lon="-71.336729">
        <ele>483.2</ele>
        <time>2025-04-12T16:39:28Z</time>
      </trkpt>
      <trkpt lat="-32.70208" lon="-71.33691">
        <ele>485.2</ele>
        <time>2025-04-12T16:39:30Z</time>
      </trkpt>
      <trkpt lat="-32.702265" lon="-71.337079">
        <ele>488.0</ele>
        <time>2025-04-12T16:39:32Z</time>
      </trkpt>
      <trkpt lat="-32.702478" lon="-71.337259">
        <ele>491.5</ele>
        <time>2025-04-12T16:39:34Z</time>
      </trkpt>
      <trkpt lat="-32.702692" lon="-71.337439">
        <ele>494.4</ele>
        <time>2025-04-12T16:39:36Z</time>
      </trkpt>
      <trkpt lat="-32.702906" lon="-71.337599">
        <ele>496.9</ele>
        <time>2025-04-12T16:39:38Z</time>
      </trkpt>
      <trkpt lat="-32.703112" lon="-71.337759">
        <ele>498.1</ele>
        <time>2025-04-12T16:39:40Z</time>
      </trkpt>
      <trkpt lat="-32.703299" lon="-71.337917">
        <ele>500.8</ele>
        <time>2025-04-12T16:39:42Z</time>
      </trkpt>
      <trkpt lat="-32.703458" lon="-71.33806">
        <ele>503.8</ele>
        <time>2025-04-12T16:39:44Z</time>
      </trkpt>
      <trkpt lat="-32.703589" lon="-71.338232">
        <ele>506.9</ele>
        <time>2025-04-12T16:39:46Z</time>
      </trkpt>
      <trkpt lat="-32.703643" lon="-71.338447">
        <ele>510.3</ele>
        <time>2025-04-12T16:39:48Z</time>
      </trkpt>
      <trkpt lat="-32.703553" lon="-71.338626">
        <ele>513.2</ele>
        <time>2025-04-12T16:39:50Z</time>
      </trkpt>
      <trkpt lat="-32.703413" lon="-71.338798">
        <ele>516.3</ele>
        <time>2025-04-12T16:39:52Z</time>
      </trkpt>
      <trkpt lat="-32.703245" lon="-71.338963">
        <ele>519.2</ele>
        <time>2025-04-12T16:39:54Z</time>
      </trkpt>
      <trkpt lat="-32.703076" lon="-71.339113">
        <ele>522.5</ele>
        <time>2025-04-12T16:39:56Z</time>
      </trkpt>
      <trkpt lat="-32.702913" lon="-71.339254">
        <ele>525.7</ele>
        <time>2025-04-12T16:39:58Z</time>
      </trkpt>
      <trkpt lat="-32.702774" lon="-71.339346">
        <ele>529.0</ele>
        <time>2025-04-12T16:40:00Z</time>
      </trkpt>
      <trkpt lat="-32.702713" lon="-71.339433">
        <ele>531.7</ele>
        <time>2025-04-12T16:40:02Z</time>
      </trkpt>
      <trkpt lat="-32.702769" lon="-71.339547">
        <ele>534.1</ele>
        <time>2025-04-12T16:40:04Z</time>
      </trkpt>
      <trkpt lat="-32.702919" lon="-71.339548">
        <ele>536.3</ele>
        <time>2025-04-12T16:40:06Z</time>
      </trkpt>
      <trkpt lat="-32.703088" lon="-71.339535">
        <ele>538.6</ele>
        <time>2025-04-12T16:40:08Z</time>
      </trkpt>
      <trkpt lat="-32.703288" lon="-71.339558">
        <ele>542.3</ele>
        <time>2025-04-12T16:40:10Z</time>
      </trkpt>
      <trkpt lat="-32.703478" lon="-71.339595">
        <ele>545.1</ele>
        <time>2025-04-12T16:40:12Z</time>
      </trkpt>
      <trkpt lat="-32.703671" lon="-71.339617">
        <ele>548.8</ele>
        <time>2025-04-12T16:40:14Z</time>
      </trkpt>
      <trkpt lat="-32.703855" lon="-71.339627">
        <ele>550.9</ele>
        <time>2025-04-12T16:40:16Z</time>
      </trkpt>
      <trkpt lat="-32.704055" lon="-71.339631">
        <ele>553.9</ele>
        <time>2025-04-12T16:40:18Z</time>
      </trkpt>
      <trkpt lat="-32.70427" lon="-71.339665">
        <ele>555.9</ele>
        <time>2025-04-12T16:40:20Z</time>
      </trkpt>
      <trkpt lat="-32.704488" lon="-71.339685">
        <ele>557.9</ele>
        <time>2025-04-12T16:40:22Z</time>
      </trkpt>
      <trkpt lat="-32.704732" lon="-71.339713">
        <ele>560.4</ele>
        <time>2025-04-12T16:40:24Z</time>
      </trkpt>
      <trkpt lat="-32.705008" lon="-71.339723">
        <ele>563.2</ele>
        <time>2025-04-12T16:40:26Z</time>
      </trkpt>
      <trkpt lat="-32.705291" lon="-71.339744">
        <ele>567.2</ele>
        <time>2025-04-12T16:40:28Z</time>
      </trkpt>
      <trkpt lat="-32.705569" lon="-71.339786">
        <ele>572.0</ele>
        <time>2025-04-12T16:40:30Z</time>
      </trkpt>
      <trkpt lat="-32.70579" lon="-71.33981">
        <ele>576.2</ele>
        <time>2025-04-12T16:40:32Z</time>
      </trkpt>
      <trkpt lat="-32.705966" lon="-71.339772">
        <ele>579.2</ele>
        <time>2025-04-12T16:40:34Z</time>
      </trkpt>
      <trkpt lat="-32.706098" lon="-71.339626">
        <ele>581.3</ele>
        <time>2025-04-12T16:40:36Z</time>
      </trkpt>
      <trkpt lat="-32.706191" lon="-71.33945">
        <ele>583.7</ele>
        <time>2025-04-12T16:40:38Z</time>
      </trkpt>
      <trkpt lat="-32.70633" lon="-71.339314">
        <ele>586.3</ele>
        <time>2025-04-12T16:40:40Z</time>
      </trkpt>
      <trkpt lat="-32.706517" lon="-71.339335">
        <ele>589.0</ele>
        <time>2025-04-12T16:40:42Z</time>
      </trkpt>
      <trkpt lat="-32.706645" lon="-71.339455">
        <ele>592.6</ele>
        <time>2025-04-12T16:40:44Z</time>
      </trkpt>
      <trkpt lat="-32.706786" lon="-71.339488">
        <ele>595.8</ele>
        <time>2025-04-12T16:40:46Z</time>
      </trkpt>
      <trkpt lat="-32.706889" lon="-71.339365">
        <ele>598.5</ele>
        <time>2025-04-12T16:40:48Z</time>
      </trkpt>
      <trkpt lat="-32.706934" lon="-71.339188">
        <ele>600.8</ele>
        <time>2025-04-12T16:40:50Z</time>
      </trkpt>
      <trkpt lat="-32.707034" lon="-71.339053">
        <ele>601.9</ele>
        <time>2025-04-12T16:40:52Z</time>
      </trkpt>
      <trkpt lat="-32.707209" lon="-71.339021">
        <ele>604.1</ele>
        <time>2025-04-12T16:40:54Z</time>
      </trkpt>
      <trkpt lat="-32.707383" lon="-71.339011">
        <ele>606.8</ele>
        <time>2025-04-12T16:40:56Z</time>
      </trkpt>
      <trkpt lat="-32.707505" lon="-71.338853">
        <ele>612.0</ele>
        <time>2025-04-12T16:40:58Z</time>
      </trkpt>
      <trkpt lat="-32.707624" lon="-71.338746">
        <ele>614.9</ele>
        <time>2025-04-12T16:40:59Z</time>
      </trkpt>
      <trkpt lat="-32.707763" lon="-71.338778">
        <ele>618.4</ele>
        <time>2025-04-12T16:41:01Z</time>
      </trkpt>
      <trkpt lat="-32.707859" lon="-71.338767">
        <ele>620.7</ele>
        <time>2025-04-12T16:41:03Z</time>
      </trkpt>
      <trkpt lat="-32.707978" lon="-71.33866">
        <ele>622.9</ele>
        <time>2025-04-12T16:41:05Z</time>
      </trkpt>
      <trkpt lat="-32.708075" lon="-71.338516">
        <ele>626.0</ele>
        <time>2025-04-12T16:41:07Z</time>
      </trkpt>
      <trkpt lat="-32.708128" lon="-71.338325">
        <ele>628.0</ele>
        <time>2025-04-12T16:41:09Z</time>
      </trkpt>
      <trkpt lat="-32.708244" lon="-71.338142">
        <ele>630.8</ele>
        <time>2025-04-12T16:41:11Z</time>
      </trkpt>
      <trkpt lat="-32.708411" lon="-71.33806">
        <ele>632.9</ele>
        <time>2025-04-12T16:41:14Z</time>
      </trkpt>
      <trkpt lat="-32.708626" lon="-71.338012">
        <ele>637.0</ele>
        <time>2025-04-12T16:41:16Z</time>
      </trkpt>
      <trkpt lat="-32.708842" lon="-71.337991">
        <ele>639.4</ele>
        <time>2025-04-12T16:41:18Z</time>
      </trkpt>
      <trkpt lat="-32.709064" lon="-71.33802">
        <ele>641.7</ele>
        <time>2025-04-12T16:41:20Z</time>
      </trkpt>
      <trkpt lat="-32.709304" lon="-71.33808">
        <ele>644.7</ele>
        <time>2025-04-12T16:41:22Z</time>
      </trkpt>
      <trkpt lat="-32.709533" lon="-71.338123">
        <ele>646.4</ele>
        <time>2025-04-12T16:41:24Z</time>
      </trkpt>
      <trkpt lat="-32.709759" lon="-71.338183">
        <ele>649.1</ele>
        <time>2025-04-12T16:41:26Z</time>
      </trkpt>
      <trkpt lat="-32.709974" lon="-71.338261">
        <ele>650.7</ele>
        <time>2025-04-12T16:41:28Z</time>
      </trkpt>
      <trkpt lat="-32.710145" lon="-71.338346">
        <ele>651.8</ele>
        <time>2025-04-12T16:41:30Z</time>
      </trkpt>
      <trkpt lat="-32.710295" lon="-71.338451">
        <ele>652.3</ele>
        <time>2025-04-12T16:41:32Z</time>
      </trkpt>
      <trkpt lat="-32.710426" lon="-71.338566">
        <ele>652.5</ele>
        <time>2025-04-12T16:41:34Z</time>
      </trkpt>
      <trkpt lat="-32.710517" lon="-71.338662">
        <ele>652.4</ele>
        <time>2025-04-12T16:41:36Z</time>
      </trkpt>
      <trkpt lat="-32.710618" lon="-71.338762">
        <ele>652.3</ele>
        <time>2025-04-12T16:41:38Z</time>
      </trkpt>
      <trkpt lat="-32.710707" lon="-71.338841">
        <ele>652.0</ele>
        <time>2025-04-12T16:41:40Z</time>
      </trkpt>
      <trkpt lat="-32.710783" lon="-71.338907">
        <ele>651.9</ele>
        <time>2025-04-12T16:41:42Z</time>
      </trkpt>
      <trkpt lat="-32.710823" lon="-71.338963">
        <ele>651.7</ele>
        <time>2025-04-12T16:41:44Z</time>
      </trkpt>
      <trkpt lat="-32.710843" lon="-71.338991">
        <ele>651.5</ele>
        <time>2025-04-12T16:41:46Z</time>
      </trkpt>
      <trkpt lat="-32.710855" lon="-71.339">
        <ele>651.4</ele>
        <time>2025-04-12T16:41:48Z</time>
      </trkpt>
      <trkpt lat="-32.710891" lon="-71.338996">
        <ele>652.0</ele>
        <time>2025-04-12T16:42:22Z</time>
      </trkpt>
      <trkpt lat="-32.710898" lon="-71.339005">
        <ele>651.8</ele>
        <time>2025-04-12T16:42:24Z</time>
      </trkpt>
      <trkpt lat="-32.710896" lon="-71.338994">
        <ele>651.8</ele>
        <time>2025-04-12T16:42:26Z</time>
      </trkpt>
      <trkpt lat="-32.710892" lon="-71.338995">
        <ele>651.8</ele>
        <time>2025-04-12T16:42:28Z</time>
      </trkpt>
      <trkpt lat="-32.710889" lon="-71.33899">
        <ele>651.9</ele>
        <time>2025-04-12T16:42:30Z</time>
      </trkpt>
      <trkpt lat="-32.710888" lon="-71.338992">
        <ele>651.9</ele>
        <time>2025-04-12T16:42:32Z</time>
      </trkpt>
      <trkpt lat="-32.710896" lon="-71.33899">
        <ele>651.9</ele>
        <time>2025-04-12T16:42:34Z</time>
      </trkpt>
      <trkpt lat="-32.710904" lon="-71.338994">
        <ele>651.8</ele>
        <time>2025-04-12T16:42:36Z</time>
      </trkpt>
      <trkpt lat="-32.710896" lon="-71.33899">
        <ele>651.6</ele>
        <time>2025-04-12T16:42:38Z</time>
      </trkpt>
      <trkpt lat="-32.710896" lon="-71.338991">
        <ele>651.6</ele>
        <time>2025-04-12T16:42:40Z</time>
      </trkpt>
      <trkpt lat="-32.710895" lon="-71.338991">
        <ele>651.6</ele>
        <time>2025-04-12T16:42:42Z</time>
      </trkpt>
      <trkpt lat="-32.710895" lon="-71.338994">
        <ele>651.5</ele>
        <time>2025-04-12T16:42:46Z</time>
      </trkpt>
      <trkpt lat="-32.710897" lon="-71.33899">
        <ele>651.6</ele>
        <time>2025-04-12T16:42:48Z</time>
      </trkpt>
      <trkpt lat="-32.710927" lon="-71.339006">
        <ele>651.7</ele>
        <time>2025-04-12T16:42:50Z</time>
      </trkpt>
      <trkpt lat="-32.710985" lon="-71.339019">
        <ele>651.7</ele>
        <time>2025-04-12T16:42:52Z</time>
      </trkpt>
      <trkpt lat="-32.711035" lon="-71.339028">
        <ele>651.6</ele>
        <time>2025-04-12T16:42:54Z</time>
      </trkpt>
      <trkpt lat="-32.711078" lon="-71.339041">
        <ele>651.4</ele>
        <time>2025-04-12T16:42:56Z</time>
      </trkpt>
      <trkpt lat="-32.711133" lon="-71.339061">
        <ele>650.8</ele>
        <time>2025-04-12T16:42:58Z</time>
      </trkpt>
      <trkpt lat="-32.711158" lon="-71.33909">
        <ele>650.4</ele>
        <time>2025-04-12T16:43:00Z</time>
      </trkpt>
      <trkpt lat="-32.711168" lon="-71.339104">
        <ele>650.0</ele>
        <time>2025-04-12T16:43:01Z</time>
      </trkpt>
      <trkpt lat="-32.711151" lon="-71.339098">
        <ele>649.9</ele>
        <time>2025-04-12T16:43:03Z</time>
      </trkpt>
      <trkpt lat="-32.711152" lon="-71.3391">
        <ele>649.8</ele>
        <time>2025-04-12T16:43:05Z</time>
      </trkpt>
      <trkpt lat="-32.711154" lon="-71.339101">
        <ele>649.8</ele>
        <time>2025-04-12T16:43:07Z</time>
      </trkpt>
      <trkpt lat="-32.711159" lon="-71.339107">
        <ele>650.0</ele>
        <time>2025-04-12T16:43:09Z</time>
      </trkpt>
      <trkpt lat="-32.711154" lon="-71.339106">
        <ele>650.2</ele>
        <time>2025-04-12T16:43:11Z</time>
      </trkpt>
      <trkpt lat="-32.711156" lon="-71.339114">
        <ele>650.3</ele>
        <time>2025-04-12T16:43:13Z</time>
      </trkpt>
      <trkpt lat="-32.711165" lon="-71.339113">
        <ele>650.2</ele>
        <time>2025-04-12T16:43:15Z</time>
      </trkpt>
      <trkpt lat="-32.711189" lon="-71.33912">
        <ele>650.0</ele>
        <time>2025-04-12T16:43:17Z</time>
      </trkpt>
      <trkpt lat="-32.711204" lon="-71.339137">
        <ele>649.9</ele>
        <time>2025-04-12T16:43:20Z</time>
      </trkpt>
      <trkpt lat="-32.71123" lon="-71.339158">
        <ele>649.9</ele>
        <time>2025-04-12T16:43:22Z</time>
      </trkpt>
      <trkpt lat="-32.711245" lon="-71.339164">
        <ele>650.0</ele>
        <time>2025-04-12T16:43:24Z</time>
      </trkpt>
      <trkpt lat="-32.711256" lon="-71.339189">
        <ele>649.9</ele>
        <time>2025-04-12T16:43:26Z</time>
      </trkpt>
      <trkpt lat="-32.711258" lon="-71.339193">
        <ele>649.8</ele>
        <time>2025-04-12T16:43:28Z</time>
      </trkpt>
      <trkpt lat="-32.711163" lon="-71.339108">
        <ele>650.2</ele>
        <time>2025-04-12T16:47:48Z</time>
      </trkpt>
      <trkpt lat="-32.711163" lon="-71.339108">
        <ele>650.1</ele>
        <time>2025-04-12T16:47:52Z</time>
      </trkpt>
      <trkpt lat="-32.711168" lon="-71.339104">
        <ele>650.1</ele>
        <time>2025-04-12T16:47:54Z</time>
      </trkpt>
      <trkpt lat="-32.711171" lon="-71.3391">
        <ele>650.1</ele>
        <time>2025-04-12T16:47:56Z</time>
      </trkpt>
      <trkpt lat="-32.71116" lon="-71.3391">
        <ele>650.1</ele>
        <time>2025-04-12T16:47:58Z</time>
      </trkpt>
      <trkpt lat="-32.711158" lon="-71.339101">
        <ele>650.0</ele>
        <time>2025-04-12T16:48:00Z</time>
      </trkpt>
      <trkpt lat="-32.711156" lon="-71.3391">
        <ele>650.2</ele>
        <time>2025-04-12T16:48:02Z</time>
      </trkpt>
      <trkpt lat="-32.711154" lon="-71.339106">
        <ele>650.2</ele>
        <time>2025-04-12T16:48:04Z</time>
      </trkpt>
      <trkpt lat="-32.711156" lon="-71.339116">
        <ele>650.1</ele>
        <time>2025-04-12T16:48:06Z</time>
      </trkpt>
      <trkpt lat="-32.71116" lon="-71.339136">
        <ele>650.0</ele>
        <time>2025-04-12T16:48:08Z</time>
      </trkpt>
      <trkpt lat="-32.71116" lon="-71.339155">
        <ele>650.0</ele>
        <time>2025-04-12T16:48:10Z</time>
      </trkpt>
      <trkpt lat="-32.711168" lon="-71.339184">
        <ele>649.9</ele>
        <time>2025-04-12T16:48:12Z</time>
      </trkpt>
      <trkpt lat="-32.711161" lon="-71.339215">
        <ele>649.8</ele>
        <time>2025-04-12T16:48:14Z</time>
      </trkpt>
      <trkpt lat="-32.711155" lon="-71.33928">
        <ele>649.2</ele>
        <time>2025-04-12T16:48:16Z</time>
      </trkpt>
      <trkpt lat="-32.711175" lon="-71.339325">
        <ele>648.9</ele>
        <time>2025-04-12T16:48:18Z</time>
      </trkpt>
      <trkpt lat="-32.7112" lon="-71.339426">
        <ele>648.7</ele>
        <time>2025-04-12T16:48:20Z</time>
      </trkpt>
      <trkpt lat="-32.711206" lon="-71.339569">
        <ele>647.9</ele>
        <time>2025-04-12T16:48:22Z</time>
      </trkpt>
      <trkpt lat="-32.711206" lon="-71.339742">
        <ele>647.0</ele>
        <time>2025-04-12T16:48:24Z</time>
      </trkpt>
      <trkpt lat="-32.711202" lon="-71.339959">
        <ele>645.3</ele>
        <time>2025-04-12T16:48:26Z</time>
      </trkpt>
      <trkpt lat="-32.711181" lon="-71.34023">
        <ele>644.1</ele>
        <time>2025-04-12T16:48:28Z</time>
      </trkpt>
      <trkpt lat="-32.711195" lon="-71.34049">
        <ele>642.2</ele>
        <time>2025-04-12T16:48:30Z</time>
      </trkpt>
      <trkpt lat="-32.711216" lon="-71.340724">
        <ele>640.9</ele>
        <time>2025-04-12T16:48:32Z</time>
      </trkpt>
      <trkpt lat="-32.711229" lon="-71.340927">
        <ele>639.8</ele>
        <time>2025-04-12T16:48:34Z</time>
      </trkpt>
      <trkpt lat="-32.711239" lon="-71.341142">
        <ele>639.1</ele>
        <time>2025-04-12T16:48:36Z</time>
      </trkpt>
      <trkpt lat="-32.711244" lon="-71.341397">
        <ele>639.0</ele>
        <time>2025-04-12T16:48:38Z</time>
      </trkpt>
      <trkpt lat="-32.711226" lon="-71.341679">
        <ele>639.0</ele>
        <time>2025-04-12T16:48:40Z</time>
      </trkpt>
      <trkpt lat="-32.711205" lon="-71.341954">
        <ele>638.6</ele>
        <time>2025-04-12T16:48:42Z</time>
      </trkpt>
      <trkpt lat="-32.711148" lon="-71.342299">
        <ele>637.9</ele>
        <time>2025-04-12T16:48:44Z</time>
      </trkpt>
      <trkpt lat="-32.711084" lon="-71.342622">
        <ele>637.1</ele>
        <time>2025-04-12T16:48:46Z</time>
      </trkpt>
      <trkpt lat="-32.71104" lon="-71.342927">
        <ele>635.5</ele>
        <time>2025-04-12T16:48:48Z</time>
      </trkpt>
      <trkpt lat="-32.711003" lon="-71.34325">
        <ele>634.1</ele>
        <time>2025-04-12T16:48:50Z</time>
      </trkpt>
      <trkpt lat="-32.71095" lon="-71.343564">
        <ele>633.0</ele>
        <time>2025-04-12T16:48:52Z</time>
      </trkpt>
      <trkpt lat="-32.710916" lon="-71.343868">
        <ele>631.4</ele>
        <time>2025-04-12T16:48:54Z</time>
      </trkpt>
      <trkpt lat="-32.710858" lon="-71.344147">
        <ele>629.0</ele>
        <time>2025-04-12T16:48:56Z</time>
      </trkpt>
      <trkpt lat="-32.710805" lon="-71.344417">
        <ele>626.5</ele>
        <time>2025-04-12T16:48:58Z</time>
      </trkpt>
      <trkpt lat="-32.710754" lon="-71.344688">
        <ele>624.1</ele>
        <time>2025-04-12T16:49:00Z</time>
      </trkpt>
      <trkpt lat="-32.71073" lon="-71.344991">
        <ele>622.2</ele>
        <time>2025-04-12T16:49:02Z</time>
      </trkpt>
      <trkpt lat="-32.710682" lon="-71.345273">
        <ele>620.7</ele>
        <time>2025-04-12T16:49:04Z</time>
      </trkpt>
      <trkpt lat="-32.710624" lon="-71.345545">
        <ele>619.3</ele>
        <time>2025-04-12T16:49:06Z</time>
      </trkpt>
      <trkpt lat="-32.710565" lon="-71.345832">
        <ele>618.3</ele>
        <time>2025-04-12T16:49:08Z</time>
      </trkpt>
      <trkpt lat="-32.710515" lon="-71.346099">
        <ele>617.5</ele>
        <time>2025-04-12T16:49:09Z</time>
      </trkpt>
      <trkpt lat="-32.710475" lon="-71.34638">
        <ele>616.8</ele>
        <time>2025-04-12T16:49:11Z</time>
      </trkpt>
      <trkpt lat="-32.710447" lon="-71.346634">
        <ele>617.0</ele>
        <time>2025-04-12T16:49:13Z</time>
      </trkpt>
      <trkpt lat="-32.710426" lon="-71.346847">
        <ele>617.2</ele>
        <time>2025-04-12T16:49:15Z</time>
      </trkpt>
      <trkpt lat="-32.710495" lon="-71.347011">
        <ele>617.1</ele>
        <time>2025-04-12T16:49:17Z</time>
      </trkpt>
      <trkpt lat="-32.710628" lon="-71.347088">
        <ele>616.3</ele>
        <time>2025-04-12T16:49:19Z</time>
      </trkpt>
      <trkpt lat="-32.710803" lon="-71.347147">
        <ele>615.5</ele>
        <time>2025-04-12T16:49:21Z</time>
      </trkpt>
      <trkpt lat="-32.711015" lon="-71.347231">
        <ele>614.7</ele>
        <time>2025-04-12T16:49:23Z</time>
      </trkpt>
      <trkpt lat="-32.71124" lon="-71.347308">
        <ele>613.2</ele>
        <time>2025-04-12T16:49:25Z</time>
      </trkpt>
      <trkpt lat="-32.711458" lon="-71.347381">
        <ele>610.6</ele>
        <time>2025-04-12T16:49:27Z</time>
      </trkpt>
      <trkpt lat="-32.711702" lon="-71.347463">
        <ele>607.5</ele>
        <time>2025-04-12T16:49:29Z</time>
      </trkpt>
      <trkpt lat="-32.71193" lon="-71.347534">
        <ele>604.1</ele>
        <time>2025-04-12T16:49:31Z</time>
      </trkpt>
      <trkpt lat="-32.712121" lon="-71.347594">
        <ele>600.3</ele>
        <time>2025-04-12T16:49:33Z</time>
      </trkpt>
      <trkpt lat="-32.712281" lon="-71.34766">
        <ele>596.5</ele>
        <time>2025-04-12T16:49:35Z</time>
      </trkpt>
      <trkpt lat="-32.712404" lon="-71.347742">
        <ele>593.7</ele>
        <time>2025-04-12T16:49:38Z</time>
      </trkpt>
      <trkpt lat="-32.712481" lon="-71.347858">
        <ele>591.6</ele>
        <time>2025-04-12T16:49:40Z</time>
      </trkpt>
      <trkpt lat="-32.712481" lon="-71.348015">
        <ele>589.6</ele>
        <time>2025-04-12T16:49:42Z</time>
      </trkpt>
      <trkpt lat="-32.712442" lon="-71.348191">
        <ele>587.6</ele>
        <time>2025-04-12T16:49:44Z</time>
      </trkpt>
      <trkpt lat="-32.712413" lon="-71.348433">
        <ele>585.9</ele>
        <time>2025-04-12T16:49:46Z</time>
      </trkpt>
      <trkpt lat="-32.712346" lon="-71.348704">
        <ele>585.0</ele>
        <time>2025-04-12T16:49:48Z</time>
      </trkpt>
      <trkpt lat="-32.712243" lon="-71.348981">
        <ele>583.0</ele>
        <time>2025-04-12T16:49:50Z</time>
      </trkpt>
      <trkpt lat="-32.712139" lon="-71.34925">
        <ele>580.1</ele>
        <time>2025-04-12T16:49:52Z</time>
      </trkpt>
      <trkpt lat="-32.712038" lon="-71.349519">
        <ele>576.8</ele>
        <time>2025-04-12T16:49:54Z</time>
      </trkpt>
      <trkpt lat="-32.711919" lon="-71.349769">
        <ele>573.4</ele>
        <time>2025-04-12T16:49:56Z</time>
      </trkpt>
      <trkpt lat="-32.711749" lon="-71.349985">
        <ele>570.0</ele>
        <time>2025-04-12T16:49:58Z</time>
      </trkpt>
      <trkpt lat="-32.711504" lon="-71.350138">
        <ele>566.2</ele>
        <time>2025-04-12T16:50:00Z</time>
      </trkpt>
      <trkpt lat="-32.71123" lon="-71.350242">
        <ele>562.3</ele>
        <time>2025-04-12T16:50:02Z</time>
      </trkpt>
      <trkpt lat="-32.710954" lon="-71.350364">
        <ele>558.7</ele>
        <time>2025-04-12T16:50:04Z</time>
      </trkpt>
      <trkpt lat="-32.710701" lon="-71.350484">
        <ele>555.4</ele>
        <time>2025-04-12T16:50:06Z</time>
      </trkpt>
      <trkpt lat="-32.710467" lon="-71.350589">
        <ele>552.8</ele>
        <time>2025-04-12T16:50:08Z</time>
      </trkpt>
      <trkpt lat="-32.710259" lon="-71.350672">
        <ele>550.9</ele>
        <time>2025-04-12T16:50:10Z</time>
      </trkpt>
      <trkpt lat="-32.710063" lon="-71.350759">
        <ele>549.2</ele>
        <time>2025-04-12T16:50:12Z</time>
      </trkpt>
      <trkpt lat="-32.709889" lon="-71.350878">
        <ele>547.2</ele>
        <time>2025-04-12T16:50:14Z</time>
      </trkpt>
      <trkpt lat="-32.709747" lon="-71.351042">
        <ele>544.8</ele>
        <time>2025-04-12T16:50:16Z</time>
      </trkpt>
      <trkpt lat="-32.709648" lon="-71.351222">
        <ele>542.1</ele>
        <time>2025-04-12T16:50:18Z</time>
      </trkpt>
      <trkpt lat="-32.709597" lon="-71.351439">
        <ele>540.7</ele>
        <time>2025-04-12T16:50:20Z</time>
      </trkpt>
      <trkpt lat="-32.709603" lon="-71.35167">
        <ele>537.8</ele>
        <time>2025-04-12T16:50:22Z</time>
      </trkpt>
      <trkpt lat="-32.709642" lon="-71.351898">
        <ele>535.0</ele>
        <time>2025-04-12T16:50:24Z</time>
      </trkpt>
      <trkpt lat="-32.709744" lon="-71.352064">
        <ele>531.7</ele>
        <time>2025-04-12T16:50:26Z</time>
      </trkpt>
      <trkpt lat="-32.709928" lon="-71.352169">
        <ele>527.9</ele>
        <time>2025-04-12T16:50:28Z</time>
      </trkpt>
      <trkpt lat="-32.710152" lon="-71.352202">
        <ele>524.6</ele>
        <time>2025-04-12T16:50:30Z</time>
      </trkpt>
      <trkpt lat="-32.710376" lon="-71.352203">
        <ele>522.6</ele>
        <time>2025-04-12T16:50:32Z</time>
      </trkpt>
      <trkpt lat="-32.710594" lon="-71.352217">
        <ele>522.0</ele>
        <time>2025-04-12T16:50:34Z</time>
      </trkpt>
      <trkpt lat="-32.710816" lon="-71.35221">
        <ele>521.8</ele>
        <time>2025-04-12T16:50:36Z</time>
      </trkpt>
      <trkpt lat="-32.711023" lon="-71.352122">
        <ele>521.2</ele>
        <time>2025-04-12T16:50:38Z</time>
      </trkpt>
      <trkpt lat="-32.711181" lon="-71.351955">
        <ele>520.0</ele>
        <time>2025-04-12T16:50:40Z</time>
      </trkpt>
      <trkpt lat="-32.711298" lon="-71.351757">
        <ele>518.6</ele>
        <time>2025-04-12T16:50:42Z</time>
      </trkpt>
      <trkpt lat="-32.711371" lon="-71.351554">
        <ele>517.0</ele>
        <time>2025-04-12T16:50:44Z</time>
      </trkpt>
      <trkpt lat="-32.711375" lon="-71.351356">
        <ele>515.5</ele>
        <time>2025-04-12T16:50:46Z</time>
      </trkpt>
      <trkpt lat="-32.71143" lon="-71.35123">
        <ele>514.1</ele>
        <time>2025-04-12T16:50:48Z</time>
      </trkpt>
      <trkpt lat="-32.711546" lon="-71.351207">
        <ele>512.8</ele>
        <time>2025-04-12T16:50:50Z</time>
      </trkpt>
      <trkpt lat="-32.711656" lon="-71.351316">
        <ele>512.2</ele>
        <time>2025-04-12T16:50:52Z</time>
      </trkpt>
      <trkpt lat="-32.711775" lon="-71.351458">
        <ele>511.1</ele>
        <time>2025-04-12T16:50:54Z</time>
      </trkpt>
      <trkpt lat="-32.711904" lon="-71.35161">
        <ele>510.0</ele>
        <time>2025-04-12T16:50:56Z</time>
      </trkpt>
      <trkpt lat="-32.712027" lon="-71.351803">
        <ele>508.0</ele>
        <time>2025-04-12T16:50:58Z</time>
      </trkpt>
      <trkpt lat="-32.712128" lon="-71.352013">
        <ele>505.3</ele>
        <time>2025-04-12T16:51:00Z</time>
      </trkpt>
      <trkpt lat="-32.712218" lon="-71.352236">
        <ele>502.0</ele>
        <time>2025-04-12T16:51:02Z</time>
      </trkpt>
      <trkpt lat="-32.712289" lon="-71.352471">
        <ele>498.8</ele>
        <time>2025-04-12T16:51:04Z</time>
      </trkpt>
      <trkpt lat="-32.712355" lon="-71.352723">
        <ele>495.6</ele>
        <time>2025-04-12T16:51:06Z</time>
      </trkpt>
      <trkpt lat="-32.712427" lon="-71.352977">
        <ele>492.5</ele>
        <time>2025-04-12T16:51:07Z</time>
      </trkpt>
      <trkpt lat="-32.712497" lon="-71.353253">
        <ele>488.8</ele>
        <time>2025-04-12T16:51:09Z</time>
      </trkpt>
      <trkpt lat="-32.712575" lon="-71.353545">
        <ele>484.2</ele>
        <time>2025-04-12T16:51:11Z</time>
      </trkpt>
      <trkpt lat="-32.712653" lon="-71.353832">
        <ele>479.1</ele>
        <time>2025-04-12T16:51:13Z</time>
      </trkpt>
      <trkpt lat="-32.712698" lon="-71.354099">
        <ele>474.5</ele>
        <time>2025-04-12T16:51:15Z</time>
      </trkpt>
      <trkpt lat="-32.712717" lon="-71.354322">
        <ele>470.1</ele>
        <time>2025-04-12T16:51:17Z</time>
      </trkpt>
      <trkpt lat="-32.712734" lon="-71.354513">
        <ele>465.8</ele>
        <time>2025-04-12T16:51:19Z</time>
      </trkpt>
      <trkpt lat="-32.712812" lon="-71.354669">
        <ele>461.9</ele>
        <time>2025-04-12T16:51:21Z</time>
      </trkpt>
      <trkpt lat="-32.712951" lon="-71.354725">
        <ele>458.9</ele>
        <time>2025-04-12T16:51:23Z</time>
      </trkpt>
      <trkpt lat="-32.713086" lon="-71.354673">
        <ele>455.8</ele>
        <time>2025-04-12T16:51:25Z</time>
      </trkpt>
      <trkpt lat="-32.713222" lon="-71.35459">
        <ele>454.0</ele>
        <time>2025-04-12T16:51:27Z</time>
      </trkpt>
      <trkpt lat="-32.713335" lon="-71.354551">
        <ele>451.1</ele>
        <time>2025-04-12T16:51:29Z</time>
      </trkpt>
      <trkpt lat="-32.713455" lon="-71.354666">
        <ele>448.7</ele>
        <time>2025-04-12T16:51:31Z</time>
      </trkpt>
      <trkpt lat="-32.713497" lon="-71.354867">
        <ele>445.4</ele>
        <time>2025-04-12T16:51:33Z</time>
      </trkpt>
      <trkpt lat="-32.713473" lon="-71.355108">
        <ele>443.7</ele>
        <time>2025-04-12T16:51:35Z</time>
      </trkpt>
      <trkpt lat="-32.713356" lon="-71.355346">
        <ele>441.8</ele>
        <time>2025-04-12T16:51:37Z</time>
      </trkpt>
      <trkpt lat="-32.713261" lon="-71.355616">
        <ele>438.4</ele>
        <time>2025-04-12T16:51:39Z</time>
      </trkpt>
      <trkpt lat="-32.713157" lon="-71.355865">
        <ele>436.1</ele>
        <time>2025-04-12T16:51:41Z</time>
      </trkpt>
      <trkpt lat="-32.713065" lon="-71.356107">
        <ele>433.0</ele>
        <time>2025-04-12T16:51:44Z</time>
      </trkpt>
      <trkpt lat="-32.712958" lon="-71.356321">
        <ele>431.1</ele>
        <time>2025-04-12T16:51:46Z</time>
      </trkpt>
      <trkpt lat="-32.712812" lon="-71.356517">
        <ele>429.1</ele>
        <time>2025-04-12T16:51:48Z</time>
      </trkpt>
      <trkpt lat="-32.712673" lon="-71.356711">
        <ele>425.8</ele>
        <time>2025-04-12T16:51:50Z</time>
      </trkpt>
      <trkpt lat="-32.712538" lon="-71.3569">
        <ele>423.5</ele>
        <time>2025-04-12T16:51:52Z</time>
      </trkpt>
      <trkpt lat="-32.712411" lon="-71.357092">
        <ele>420.8</ele>
        <time>2025-04-12T16:51:54Z</time>
      </trkpt>
      <trkpt lat="-32.712293" lon="-71.357269">
        <ele>418.6</ele>
        <time>2025-04-12T16:51:56Z</time>
      </trkpt>
      <trkpt lat="-32.71229" lon="-71.357538">
        <ele>415.6</ele>
        <time>2025-04-12T16:51:58Z</time>
      </trkpt>
      <trkpt lat="-32.71229" lon="-71.357801">
        <ele>412.0</ele>
        <time>2025-04-12T16:52:00Z</time>
      </trkpt>
      <trkpt lat="-32.712279" lon="-71.35806">
        <ele>408.9</ele>
        <time>2025-04-12T16:52:02Z</time>
      </trkpt>
      <trkpt lat="-32.712309" lon="-71.358323">
        <ele>406.1</ele>
        <time>2025-04-12T16:52:04Z</time>
      </trkpt>
      <trkpt lat="-32.712393" lon="-71.358563">
        <ele>403.4</ele>
        <time>2025-04-12T16:52:06Z</time>
      </trkpt>
      <trkpt lat="-32.712515" lon="-71.358785">
        <ele>400.6</ele>
        <time>2025-04-12T16:52:08Z</time>
      </trkpt>
      <trkpt lat="-32.712646" lon="-71.359011">
        <ele>399.2</ele>
        <time>2025-04-12T16:52:10Z</time>
      </trkpt>
      <trkpt lat="-32.712763" lon="-71.359246">
        <ele>396.2</ele>
        <time>2025-04-12T16:52:12Z</time>
      </trkpt>
      <trkpt lat="-32.712907" lon="-71.359491">
        <ele>393.4</ele>
        <time>2025-04-12T16:52:14Z</time>
      </trkpt>
      <trkpt lat="-32.713044" lon="-71.359736">
        <ele>391.4</ele>
        <time>2025-04-12T16:52:16Z</time>
      </trkpt>
      <trkpt lat="-32.713196" lon="-71.359975">
        <ele>390.0</ele>
        <time>2025-04-12T16:52:18Z</time>
      </trkpt>
      <trkpt lat="-32.713324" lon="-71.360194">
        <ele>388.7</ele>
        <time>2025-04-12T16:52:20Z</time>
      </trkpt>
      <trkpt lat="-32.713481" lon="-71.360394">
        <ele>386.9</ele>
        <time>2025-04-12T16:52:22Z</time>
      </trkpt>
      <trkpt lat="-32.71369" lon="-71.360545">
        <ele>383.9</ele>
        <time>2025-04-12T16:52:24Z</time>
      </trkpt>
      <trkpt lat="-32.713864" lon="-71.360722">
        <ele>380.1</ele>
        <time>2025-04-12T16:52:26Z</time>
      </trkpt>
      <trkpt lat="-32.713935" lon="-71.360982">
        <ele>375.9</ele>
        <time>2025-04-12T16:52:28Z</time>
      </trkpt>
      <trkpt lat="-32.713975" lon="-71.361251">
        <ele>371.6</ele>
        <time>2025-04-12T16:52:30Z</time>
      </trkpt>
      <trkpt lat="-32.71401" lon="-71.361551">
        <ele>367.3</ele>
        <time>2025-04-12T16:52:32Z</time>
      </trkpt>
      <trkpt lat="-32.714037" lon="-71.36183">
        <ele>363.3</ele>
        <time>2025-04-12T16:52:34Z</time>
      </trkpt>
      <trkpt lat="-32.714083" lon="-71.362101">
        <ele>360.1</ele>
        <time>2025-04-12T16:52:36Z</time>
      </trkpt>
      <trkpt lat="-32.714102" lon="-71.362366">
        <ele>357.2</ele>
        <time>2025-04-12T16:52:38Z</time>
      </trkpt>
      <trkpt lat="-32.714131" lon="-71.362637">
        <ele>354.6</ele>
        <time>2025-04-12T16:52:40Z</time>
      </trkpt>
      <trkpt lat="-32.71412" lon="-71.362905">
        <ele>353.5</ele>
        <time>2025-04-12T16:52:42Z</time>
      </trkpt>
      <trkpt lat="-32.714107" lon="-71.363155">
        <ele>351.2</ele>
        <time>2025-04-12T16:52:44Z</time>
      </trkpt>
      <trkpt lat="-32.714146" lon="-71.363409">
        <ele>348.9</ele>
        <time>2025-04-12T16:52:46Z</time>
      </trkpt>
      <trkpt lat="-32.714243" lon="-71.363642">
        <ele>346.1</ele>
        <time>2025-04-12T16:52:48Z</time>
      </trkpt>
      <trkpt lat="-32.714346" lon="-71.363877">
        <ele>343.1</ele>
        <time>2025-04-12T16:52:50Z</time>
      </trkpt>
      <trkpt lat="-32.714456" lon="-71.364123">
        <ele>339.8</ele>
        <time>2025-04-12T16:52:52Z</time>
      </trkpt>
      <trkpt lat="-32.71451" lon="-71.364391">
        <ele>336.6</ele>
        <time>2025-04-12T16:52:54Z</time>
      </trkpt>
      <trkpt lat="-32.71444" lon="-71.364641">
        <ele>333.2</ele>
        <time>2025-04-12T16:52:56Z</time>
      </trkpt>
      <trkpt lat="-32.714302" lon="-71.364836">
        <ele>330.0</ele>
        <time>2025-04-12T16:52:58Z</time>
      </trkpt>
      <trkpt lat="-32.714149" lon="-71.36506">
        <ele>327.0</ele>
        <time>2025-04-12T16:53:00Z</time>
      </trkpt>
      <trkpt lat="-32.714002" lon="-71.365284">
        <ele>323.8</ele>
        <time>2025-04-12T16:53:02Z</time>
      </trkpt>
      <trkpt lat="-32.713867" lon="-71.365513">
        <ele>320.5</ele>
        <time>2025-04-12T16:53:04Z</time>
      </trkpt>
      <trkpt lat="-32.713735" lon="-71.365731">
        <ele>317.0</ele>
        <time>2025-04-12T16:53:06Z</time>
      </trkpt>
      <trkpt lat="-32.71364" lon="-71.365943">
        <ele>313.8</ele>
        <time>2025-04-12T16:53:08Z</time>
      </trkpt>
      <trkpt lat="-32.713597" lon="-71.366135">
        <ele>310.8</ele>
        <time>2025-04-12T16:53:10Z</time>
      </trkpt>
      <trkpt lat="-32.713633" lon="-71.366312">
        <ele>308.0</ele>
        <time>2025-04-12T16:53:12Z</time>
      </trkpt>
      <trkpt lat="-32.713778" lon="-71.366408">
        <ele>306.7</ele>
        <time>2025-04-12T16:53:14Z</time>
      </trkpt>
      <trkpt lat="-32.713947" lon="-71.366459">
        <ele>304.3</ele>
        <time>2025-04-12T16:53:15Z</time>
      </trkpt>
      <trkpt lat="-32.714107" lon="-71.366542">
        <ele>302.5</ele>
        <time>2025-04-12T16:53:17Z</time>
      </trkpt>
      <trkpt lat="-32.714233" lon="-71.366699">
        <ele>301.0</ele>
        <time>2025-04-12T16:53:19Z</time>
      </trkpt>
      <trkpt lat="-32.714335" lon="-71.36693">
        <ele>299.3</ele>
        <time>2025-04-12T16:53:21Z</time>
      </trkpt>
      <trkpt lat="-32.714406" lon="-71.367234">
        <ele>296.9</ele>
        <time>2025-04-12T16:53:23Z</time>
      </trkpt>
      <trkpt lat="-32.714407" lon="-71.367551">
        <ele>293.6</ele>
        <time>2025-04-12T16:53:25Z</time>
      </trkpt>
      <trkpt lat="-32.714404" lon="-71.367858">
        <ele>289.9</ele>
        <time>2025-04-12T16:53:27Z</time>
      </trkpt>
      <trkpt lat="-32.714421" lon="-71.368165">
        <ele>286.4</ele>
        <time>2025-04-12T16:53:29Z</time>
      </trkpt>
      <trkpt lat="-32.714444" lon="-71.368479">
        <ele>283.1</ele>
        <time>2025-04-12T16:53:31Z</time>
      </trkpt>
      <trkpt lat="-32.714467" lon="-71.368809">
        <ele>279.9</ele>
        <time>2025-04-12T16:53:33Z</time>
      </trkpt>
      <trkpt lat="-32.714489" lon="-71.36913">
        <ele>276.5</ele>
        <time>2025-04-12T16:53:35Z</time>
      </trkpt>
      <trkpt lat="-32.714531" lon="-71.369434">
        <ele>272.8</ele>
        <time>2025-04-12T16:53:37Z</time>
      </trkpt>
      <trkpt lat="-32.71459" lon="-71.369733">
        <ele>269.1</ele>
        <time>2025-04-12T16:53:39Z</time>
      </trkpt>
      <trkpt lat="-32.714656" lon="-71.370036">
        <ele>265.4</ele>
        <time>2025-04-12T16:53:41Z</time>
      </trkpt>
      <trkpt lat="-32.714748" lon="-71.370337">
        <ele>263.5</ele>
        <time>2025-04-12T16:53:43Z</time>
      </trkpt>
      <trkpt lat="-32.714862" lon="-71.370642">
        <ele>259.7</ele>
        <time>2025-04-12T16:53:45Z</time>
      </trkpt>
      <trkpt lat="-32.715004" lon="-71.370929">
        <ele>255.9</ele>
        <time>2025-04-12T16:53:47Z</time>
      </trkpt>
      <trkpt lat="-32.715172" lon="-71.371199">
        <ele>252.4</ele>
        <time>2025-04-12T16:53:50Z</time>
      </trkpt>
      <trkpt lat="-32.715326" lon="-71.371474">
        <ele>248.9</ele>
        <time>2025-04-12T16:53:52Z</time>
      </trkpt>
      <trkpt lat="-32.715465" lon="-71.371763">
        <ele>244.8</ele>
        <time>2025-04-12T16:53:54Z</time>
      </trkpt>
      <trkpt lat="-32.715572" lon="-71.371997">
        <ele>240.4</ele>
        <time>2025-04-12T16:53:56Z</time>
      </trkpt>
      <trkpt lat="-32.715593" lon="-71.37227">
        <ele>236.8</ele>
        <time>2025-04-12T16:53:58Z</time>
      </trkpt>
      <trkpt lat="-32.715563" lon="-71.372592">
        <ele>234.1</ele>
        <time>2025-04-12T16:54:00Z</time>
      </trkpt>
      <trkpt lat="-32.715539" lon="-71.372921">
        <ele>231.1</ele>
        <time>2025-04-12T16:54:02Z</time>
      </trkpt>
      <trkpt lat="-32.715514" lon="-71.373271">
        <ele>227.4</ele>
        <time>2025-04-12T16:54:04Z</time>
      </trkpt>
      <trkpt lat="-32.715475" lon="-71.37361">
        <ele>223.3</ele>
        <time>2025-04-12T16:54:06Z</time>
      </trkpt>
      <trkpt lat="-32.715447" lon="-71.373959">
        <ele>219.4</ele>
        <time>2025-04-12T16:54:08Z</time>
      </trkpt>
      <trkpt lat="-32.715403" lon="-71.374285">
        <ele>216.0</ele>
        <time>2025-04-12T16:54:10Z</time>
      </trkpt>
      <trkpt lat="-32.715308" lon="-71.374555">
        <ele>212.7</ele>
        <time>2025-04-12T16:54:12Z</time>
      </trkpt>
      <trkpt lat="-32.715182" lon="-71.374772">
        <ele>208.6</ele>
        <time>2025-04-12T16:54:14Z</time>
      </trkpt>
      <trkpt lat="-32.715099" lon="-71.375038">
        <ele>206.7</ele>
        <time>2025-04-12T16:54:16Z</time>
      </trkpt>
      <trkpt lat="-32.714991" lon="-71.37533">
        <ele>203.4</ele>
        <time>2025-04-12T16:54:18Z</time>
      </trkpt>
      <trkpt lat="-32.71488" lon="-71.375602">
        <ele>200.4</ele>
        <time>2025-04-12T16:54:20Z</time>
      </trkpt>
      <trkpt lat="-32.714784" lon="-71.375906">
        <ele>196.7</ele>
        <time>2025-04-12T16:54:22Z</time>
      </trkpt>
      <trkpt lat="-32.714728" lon="-71.376208">
        <ele>191.0</ele>
        <time>2025-04-12T16:54:24Z</time>
      </trkpt>
      <trkpt lat="-32.714723" lon="-71.376515">
        <ele>187.4</ele>
        <time>2025-04-12T16:54:26Z</time>
      </trkpt>
      <trkpt lat="-32.714744" lon="-71.376819">
        <ele>181.9</ele>
        <time>2025-04-12T16:54:28Z</time>
      </trkpt>
      <trkpt lat="-32.714765" lon="-71.377188">
        <ele>178.4</ele>
        <time>2025-04-12T16:54:30Z</time>
      </trkpt>
      <trkpt lat="-32.714821" lon="-71.377485">
        <ele>175.9</ele>
        <time>2025-04-12T16:54:32Z</time>
      </trkpt>
      <trkpt lat="-32.714924" lon="-71.377757">
        <ele>171.6</ele>
        <time>2025-04-12T16:54:34Z</time>
      </trkpt>
      <trkpt lat="-32.715055" lon="-71.378026">
        <ele>168.2</ele>
        <time>2025-04-12T16:54:36Z</time>
      </trkpt>
      <trkpt lat="-32.715195" lon="-71.378304">
        <ele>163.1</ele>
        <time>2025-04-12T16:54:38Z</time>
      </trkpt>
      <trkpt lat="-32.71531" lon="-71.378567">
        <ele>160.0</ele>
        <time>2025-04-12T16:54:40Z</time>
      </trkpt>
      <trkpt lat="-32.715417" lon="-71.378802">
        <ele>156.2</ele>
        <time>2025-04-12T16:54:42Z</time>
      </trkpt>
      <trkpt lat="-32.715519" lon="-71.379041">
        <ele>154.1</ele>
        <time>2025-04-12T16:54:44Z</time>
      </trkpt>
      <trkpt lat="-32.715531" lon="-71.379294">
        <ele>151.7</ele>
        <time>2025-04-12T16:54:46Z</time>
      </trkpt>
      <trkpt lat="-32.715471" lon="-71.379543">
        <ele>148.0</ele>
        <time>2025-04-12T16:54:48Z</time>
      </trkpt>
      <trkpt lat="-32.71535" lon="-71.379736">
        <ele>145.6</ele>
        <time>2025-04-12T16:54:50Z</time>
      </trkpt>
      <trkpt lat="-32.715181" lon="-71.379862">
        <ele>141.7</ele>
        <time>2025-04-12T16:54:52Z</time>
      </trkpt>
      <trkpt lat="-32.714977" lon="-71.379949">
        <ele>139.3</ele>
        <time>2025-04-12T16:54:54Z</time>
      </trkpt>
      <trkpt lat="-32.714769" lon="-71.380011">
        <ele>137.0</ele>
        <time>2025-04-12T16:54:56Z</time>
      </trkpt>
      <trkpt lat="-32.714566" lon="-71.380054">
        <ele>133.9</ele>
        <time>2025-04-12T16:54:58Z</time>
      </trkpt>
      <trkpt lat="-32.714392" lon="-71.380087">
        <ele>132.0</ele>
        <time>2025-04-12T16:55:00Z</time>
      </trkpt>
      <trkpt lat="-32.714246" lon="-71.380102">
        <ele>128.2</ele>
        <time>2025-04-12T16:55:02Z</time>
      </trkpt>
      <trkpt lat="-32.714144" lon="-71.380166">
        <ele>125.7</ele>
        <time>2025-04-12T16:55:04Z</time>
      </trkpt>
      <trkpt lat="-32.714152" lon="-71.380304">
        <ele>123.2</ele>
        <time>2025-04-12T16:55:06Z</time>
      </trkpt>
      <trkpt lat="-32.714263" lon="-71.380445">
        <ele>121.0</ele>
        <time>2025-04-12T16:55:08Z</time>
      </trkpt>
      <trkpt lat="-32.714437" lon="-71.380607">
        <ele>119.1</ele>
        <time>2025-04-12T16:55:10Z</time>
      </trkpt>
      <trkpt lat="-32.714626" lon="-71.380754">
        <ele>117.6</ele>
        <time>2025-04-12T16:55:12Z</time>
      </trkpt>
      <trkpt lat="-32.714814" lon="-71.380916">
        <ele>115.8</ele>
        <time>2025-04-12T16:55:14Z</time>
      </trkpt>
      <trkpt lat="-32.71504" lon="-71.381102">
        <ele>113.9</ele>
        <time>2025-04-12T16:55:16Z</time>
      </trkpt>
      <trkpt lat="-32.715284" lon="-71.381294">
        <ele>112.4</ele>
        <time>2025-04-12T16:55:18Z</time>
      </trkpt>
      <trkpt lat="-32.715528" lon="-71.381501">
        <ele>111.4</ele>
        <time>2025-04-12T16:55:20Z</time>
      </trkpt>
      <trkpt lat="-32.715755" lon="-71.38171">
        <ele>110.8</ele>
        <time>2025-04-12T16:55:22Z</time>
      </trkpt>
      <trkpt lat="-32.715999" lon="-71.381888">
        <ele>109.9</ele>
        <time>2025-04-12T16:55:23Z</time>
      </trkpt>
      <trkpt lat="-32.716246" lon="-71.382079">
        <ele>107.9</ele>
        <time>2025-04-12T16:55:25Z</time>
      </trkpt>
      <trkpt lat="-32.716468" lon="-71.382296">
        <ele>105.7</ele>
        <time>2025-04-12T16:55:27Z</time>
      </trkpt>
      <trkpt lat="-32.716608" lon="-71.382549">
        <ele>103.0</ele>
        <time>2025-04-12T16:55:29Z</time>
      </trkpt>
      <trkpt lat="-32.716612" lon="-71.382855">
        <ele>101.1</ele>
        <time>2025-04-12T16:55:31Z</time>
      </trkpt>
      <trkpt lat="-32.716582" lon="-71.383215">
        <ele>100.7</ele>
        <time>2025-04-12T16:55:33Z</time>
      </trkpt>
      <trkpt lat="-32.71654" lon="-71.383699">
        <ele>101.2</ele>
        <time>2025-04-12T16:55:35Z</time>
      </trkpt>
      <trkpt lat="-32.716474" lon="-71.384315">
        <ele>104.0</ele>
        <time>2025-04-12T16:55:37Z</time>
      </trkpt>
      <trkpt lat="-32.716376" lon="-71.384966">
        <ele>103.4</ele>
        <time>2025-04-12T16:55:39Z</time>
      </trkpt>
      <trkpt lat="-32.716317" lon="-71.385511">
        <ele>99.9</ele>
        <time>2025-04-12T16:55:41Z</time>
      </trkpt>
      <trkpt lat="-32.716256" lon="-71.386137">
        <ele>99.7</ele>
        <time>2025-04-12T16:55:43Z</time>
      </trkpt>
      <trkpt lat="-32.716183" lon="-71.386819">
        <ele>100.7</ele>
        <time>2025-04-12T16:55:45Z</time>
      </trkpt>
      <trkpt lat="-32.716121" lon="-71.387451">
        <ele>98.7</ele>
        <time>2025-04-12T16:55:47Z</time>
      </trkpt>
      <trkpt lat="-32.716063" lon="-71.387989">
        <ele>94.3</ele>
        <time>2025-04-12T16:55:49Z</time>
      </trkpt>
      <trkpt lat="-32.716034" lon="-71.388459">
        <ele>88.1</ele>
        <time>2025-04-12T16:55:51Z</time>
      </trkpt>
      <trkpt lat="-32.715981" lon="-71.388894">
        <ele>85.5</ele>
        <time>2025-04-12T16:55:53Z</time>
      </trkpt>
      <trkpt lat="-32.71594" lon="-71.389253">
        <ele>83.0</ele>
        <time>2025-04-12T16:55:56Z</time>
      </trkpt>
      <trkpt lat="-32.715901" lon="-71.389575">
        <ele>82.0</ele>
        <time>2025-04-12T16:55:58Z</time>
      </trkpt>
      <trkpt lat="-32.715863" lon="-71.389855">
        <ele>80.9</ele>
        <time>2025-04-12T16:56:00Z</time>
      </trkpt>
      <trkpt lat="-32.715829" lon="-71.39012">
        <ele>79.4</ele>
        <time>2025-04-12T16:56:02Z</time>
      </trkpt>
      <trkpt lat="-32.7158" lon="-71.390394">
        <ele>78.8</ele>
        <time>2025-04-12T16:56:04Z</time>
      </trkpt>
      <trkpt lat="-32.715762" lon="-71.390692">
        <ele>78.3</ele>
        <time>2025-04-12T16:56:06Z</time>
      </trkpt>
      <trkpt lat="-32.71573" lon="-71.390992">
        <ele>78.1</ele>
        <time>2025-04-12T16:56:08Z</time>
      </trkpt>
      <trkpt lat="-32.715691" lon="-71.391309">
        <ele>77.4</ele>
        <time>2025-04-12T16:56:10Z</time>
      </trkpt>
      <trkpt lat="-32.715655" lon="-71.391634">
        <ele>76.0</ele>
        <time>2025-04-12T16:56:12Z</time>
      </trkpt>
      <trkpt lat="-32.715573" lon="-71.391921">
        <ele>74.6</ele>
        <time>2025-04-12T16:56:14Z</time>
      </trkpt>
      <trkpt lat="-32.71555" lon="-71.392187">
        <ele>73.1</ele>
        <time>2025-04-12T16:56:16Z</time>
      </trkpt>
      <trkpt lat="-32.715516" lon="-71.392446">
        <ele>71.9</ele>
        <time>2025-04-12T16:56:18Z</time>
      </trkpt>
      <trkpt lat="-32.715481" lon="-71.392722">
        <ele>71.1</ele>
        <time>2025-04-12T16:56:20Z</time>
      </trkpt>
      <trkpt lat="-32.715456" lon="-71.392985">
        <ele>70.2</ele>
        <time>2025-04-12T16:56:22Z</time>
      </trkpt>
      <trkpt lat="-32.715425" lon="-71.393205">
        <ele>69.1</ele>
        <time>2025-04-12T16:56:24Z</time>
      </trkpt>
      <trkpt lat="-32.715409" lon="-71.393398">
        <ele>67.9</ele>
        <time>2025-04-12T16:56:26Z</time>
      </trkpt>
      <trkpt lat="-32.715391" lon="-71.393566">
        <ele>66.6</ele>
        <time>2025-04-12T16:56:28Z</time>
      </trkpt>
      <trkpt lat="-32.715375" lon="-71.393723">
        <ele>65.7</ele>
        <time>2025-04-12T16:56:30Z</time>
      </trkpt>
      <trkpt lat="-32.715362" lon="-71.393858">
        <ele>64.9</ele>
        <time>2025-04-12T16:56:32Z</time>
      </trkpt>
      <trkpt lat="-32.715347" lon="-71.393972">
        <ele>64.3</ele>
        <time>2025-04-12T16:56:34Z</time>
      </trkpt>
      <trkpt lat="-32.715337" lon="-71.394072">
        <ele>63.7</ele>
        <time>2025-04-12T16:56:36Z</time>
      </trkpt>
      <trkpt lat="-32.715332" lon="-71.394141">
        <ele>63.1</ele>
        <time>2025-04-12T16:56:38Z</time>
      </trkpt>
      <trkpt lat="-32.715335" lon="-71.394184">
        <ele>62.6</ele>
        <time>2025-04-12T16:56:40Z</time>
      </trkpt>
      <trkpt lat="-32.715343" lon="-71.394301">
        <ele>62.5</ele>
        <time>2025-04-12T16:56:42Z</time>
      </trkpt>
      <trkpt lat="-32.715386" lon="-71.394486">
        <ele>62.3</ele>
        <time>2025-04-12T16:56:44Z</time>
      </trkpt>
      <trkpt lat="-32.71548" lon="-71.394719">
        <ele>62.3</ele>
        <time>2025-04-12T16:56:46Z</time>
      </trkpt>
      <trkpt lat="-32.715572" lon="-71.394999">
        <ele>62.6</ele>
        <time>2025-04-12T16:56:48Z</time>
      </trkpt>
      <trkpt lat="-32.715668" lon="-71.395291">
        <ele>62.7</ele>
        <time>2025-04-12T16:56:50Z</time>
      </trkpt>
      <trkpt lat="-32.715767" lon="-71.395584">
        <ele>62.4</ele>
        <time>2025-04-12T16:56:52Z</time>
      </trkpt>
      <trkpt lat="-32.715866" lon="-71.395871">
        <ele>62.0</ele>
        <time>2025-04-12T16:56:54Z</time>
      </trkpt>
      <trkpt lat="-32.715991" lon="-71.396191">
        <ele>61.3</ele>
        <time>2025-04-12T16:56:56Z</time>
      </trkpt>
      <trkpt lat="-32.716114" lon="-71.396512">
        <ele>60.3</ele>
        <time>2025-04-12T16:56:58Z</time>
      </trkpt>
      <trkpt lat="-32.716226" lon="-71.396854">
        <ele>59.0</ele>
        <time>2025-04-12T16:57:00Z</time>
      </trkpt>
      <trkpt lat="-32.716353" lon="-71.397187">
        <ele>57.7</ele>
        <time>2025-04-12T16:57:02Z</time>
      </trkpt>
      <trkpt lat="-32.716474" lon="-71.39753">
        <ele>57.0</ele>
        <time>2025-04-12T16:57:04Z</time>
      </trkpt>
      <trkpt lat="-32.716579" lon="-71.397871">
        <ele>56.5</ele>
        <time>2025-04-12T16:57:06Z</time>
      </trkpt>
      <trkpt lat="-32.716695" lon="-71.39821">
        <ele>55.8</ele>
        <time>2025-04-12T16:57:08Z</time>
      </trkpt>
      <trkpt lat="-32.716776" lon="-71.398531">
        <ele>54.9</ele>
        <time>2025-04-12T16:57:10Z</time>
      </trkpt>
      <trkpt lat="-32.716884" lon="-71.398839">
        <ele>54.3</ele>
        <time>2025-04-12T16:57:12Z</time>
      </trkpt>
      <trkpt lat="-32.717021" lon="-71.399139">
        <ele>53.5</ele>
        <time>2025-04-12T16:57:14Z</time>
      </trkpt>
      <trkpt lat="-32.717161" lon="-71.399442">
        <ele>53.0</ele>
        <time>2025-04-12T16:57:16Z</time>
      </trkpt>
      <trkpt lat="-32.717301" lon="-71.399753">
        <ele>53.2</ele>
        <time>2025-04-12T16:57:18Z</time>
      </trkpt>
      <trkpt lat="-32.717446" lon="-71.400059">
        <ele>53.9</ele>
        <time>2025-04-12T16:57:20Z</time>
      </trkpt>
      <trkpt lat="-32.717592" lon="-71.400364">
        <ele>55.1</ele>
        <time>2025-04-12T16:57:22Z</time>
      </trkpt>
      <trkpt lat="-32.71772" lon="-71.400668">
        <ele>56.5</ele>
        <time>2025-04-12T16:57:24Z</time>
      </trkpt>
      <trkpt lat="-32.717809" lon="-71.400931">
        <ele>57.8</ele>
        <time>2025-04-12T16:57:26Z</time>
      </trkpt>
      <trkpt lat="-32.717842" lon="-71.40117">
        <ele>58.6</ele>
        <time>2025-04-12T16:57:28Z</time>
      </trkpt>
      <trkpt lat="-32.717859" lon="-71.401414">
        <ele>58.2</ele>
        <time>2025-04-12T16:57:29Z</time>
      </trkpt>
      <trkpt lat="-32.71788" lon="-71.40161">
        <ele>57.4</ele>
        <time>2025-04-12T16:57:31Z</time>
      </trkpt>
      <trkpt lat="-32.717934" lon="-71.401757">
        <ele>56.4</ele>
        <time>2025-04-12T16:57:33Z</time>
      </trkpt>
      <trkpt lat="-32.71804" lon="-71.401814">
        <ele>55.8</ele>
        <time>2025-04-12T16:57:35Z</time>
      </trkpt>
      <trkpt lat="-32.718183" lon="-71.401823">
        <ele>56.2</ele>
        <time>2025-04-12T16:57:37Z</time>
      </trkpt>
      <trkpt lat="-32.718366" lon="-71.401833">
        <ele>57.9</ele>
        <time>2025-04-12T16:57:39Z</time>
      </trkpt>
      <trkpt lat="-32.71857" lon="-71.401863">
        <ele>60.4</ele>
        <time>2025-04-12T16:57:41Z</time>
      </trkpt>
      <trkpt lat="-32.71882" lon="-71.401896">
        <ele>61.6</ele>
        <time>2025-04-12T16:57:43Z</time>
      </trkpt>
      <trkpt lat="-32.719078" lon="-71.401922">
        <ele>63.8</ele>
        <time>2025-04-12T16:57:45Z</time>
      </trkpt>
      <trkpt lat="-32.719323" lon="-71.401956">
        <ele>65.1</ele>
        <time>2025-04-12T16:57:47Z</time>
      </trkpt>
      <trkpt lat="-32.719537" lon="-71.402006">
        <ele>65.2</ele>
        <time>2025-04-12T16:57:49Z</time>
      </trkpt>
      <trkpt lat="-32.719741" lon="-71.40203">
        <ele>64.2</ele>
        <time>2025-04-12T16:57:51Z</time>
      </trkpt>
      <trkpt lat="-32.71996" lon="-71.402049">
        <ele>63.4</ele>
        <time>2025-04-12T16:57:53Z</time>
      </trkpt>
      <trkpt lat="-32.720153" lon="-71.402057">
        <ele>62.7</ele>
        <time>2025-04-12T16:57:55Z</time>
      </trkpt>
      <trkpt lat="-32.720279" lon="-71.402059">
        <ele>61.7</ele>
        <time>2025-04-12T16:57:57Z</time>
      </trkpt>
      <trkpt lat="-32.720428" lon="-71.40204">
        <ele>60.8</ele>
        <time>2025-04-12T16:57:59Z</time>
      </trkpt>
      <trkpt lat="-32.720562" lon="-71.402021">
        <ele>60.0</ele>
        <time>2025-04-12T16:58:02Z</time>
      </trkpt>
      <trkpt lat="-32.720655" lon="-71.402012">
        <ele>59.5</ele>
        <time>2025-04-12T16:58:04Z</time>
      </trkpt>
      <trkpt lat="-32.720715" lon="-71.402001">
        <ele>59.1</ele>
        <time>2025-04-12T16:58:06Z</time>
      </trkpt>
      <trkpt lat="-32.720736" lon="-71.402015">
        <ele>58.9</ele>
        <time>2025-04-12T16:58:08Z</time>
      </trkpt>
    </trkseg>
  </trk>
</gpx>
